tau,rho,est,dist,obs_conf,pvals
0.09,-0.2,lognorm,lognormal,True,0.06340521246597172
0.09,-0.2,lognorm,lognormal,True,4.5504772292144547e-11
0.09,-0.2,lognorm,lognormal,True,8.401237764853914e-07
0.09,-0.2,lognorm,lognormal,True,0.11444616274786774
0.09,-0.2,lognorm,lognormal,True,4.967800751247952e-05
0.09,-0.2,lognorm,lognormal,True,0.95364221484803
0.09,-0.2,lognorm,lognormal,True,1.0294766381334633e-11
0.09,-0.2,lognorm,lognormal,True,0.6333418692300077
0.09,-0.2,lognorm,lognormal,True,9.392380778685466e-05
0.09,-0.2,lognorm,lognormal,True,0.0021277915717010302
0.09,-0.2,lognorm,lognormal,True,3.5110629156440766e-06
0.09,-0.2,lognorm,lognormal,True,1.5341110932633404e-05
0.09,-0.2,lognorm,lognormal,True,8.484224991656487e-05
0.09,-0.2,lognorm,lognormal,True,0.922651040682757
0.09,-0.2,lognorm,lognormal,True,0.0001862437266121581
0.09,-0.2,lognorm,lognormal,True,0.31745034236759573
0.09,-0.2,lognorm,lognormal,True,0.7913561030048789
0.09,-0.2,lognorm,lognormal,True,1.3643875973685216e-08
0.09,-0.2,lognorm,lognormal,True,0.2600699628096266
0.09,-0.2,lognorm,lognormal,True,0.9412109652836098
0.09,-0.2,lognorm,lognormal,True,0.7696097725742331
0.09,-0.2,lognorm,lognormal,True,7.542004399520091e-06
0.09,-0.2,lognorm,lognormal,True,9.923596421032e-15
0.09,-0.2,lognorm,lognormal,True,0.16422808881827156
0.09,-0.2,lognorm,lognormal,True,0.0002989513324193971
0.09,-0.2,lognorm,lognormal,True,0.1135168783440141
0.09,-0.2,lognorm,lognormal,True,0.7037618430531525
0.09,-0.2,lognorm,lognormal,True,0.3253550389261905
0.09,-0.2,lognorm,lognormal,True,0.08348773916899178
0.09,-0.2,lognorm,lognormal,True,0.1738902896574833
0.09,-0.2,lognorm,lognormal,True,1.2907474871938423e-05
0.09,-0.2,lognorm,lognormal,True,0.3877450912985041
0.09,-0.2,lognorm,lognormal,True,1.0990037324696939e-05
0.09,-0.2,lognorm,lognormal,True,0.012678189326161137
0.09,-0.2,lognorm,lognormal,True,0.3213612062201391
0.09,-0.2,lognorm,lognormal,True,3.4432000402332784e-15
0.09,-0.2,lognorm,lognormal,True,0.02779542195055401
0.09,-0.2,lognorm,lognormal,True,0.5676863716639822
0.09,-0.2,lognorm,lognormal,True,0.31678082816691727
0.09,-0.2,lognorm,lognormal,True,0.024545430923817835
0.09,-0.2,lognorm,lognormal,True,6.667753375636862e-07
0.09,-0.2,lognorm,lognormal,True,0.0004393487322745259
0.09,-0.2,lognorm,lognormal,True,6.001400652013842e-06
0.09,-0.2,lognorm,lognormal,True,0.08974845772998197
0.09,-0.2,lognorm,lognormal,True,0.0008029322185813613
0.09,-0.2,lognorm,lognormal,True,0.031424440188364815
0.09,-0.2,lognorm,lognormal,True,0.8004952646685399
0.09,-0.2,lognorm,lognormal,True,0.004422058248066711
0.09,-0.2,lognorm,lognormal,True,0.2591043996095758
0.09,-0.2,lognorm,lognormal,True,3.3620116421616884e-07
0.09,-0.2,lognorm,lognormal,True,8.403734375205611e-20
0.09,-0.2,lognorm,lognormal,True,0.01140926867270449
0.09,-0.2,lognorm,lognormal,True,0.19884972258118466
0.09,-0.2,lognorm,lognormal,True,8.23856771397536e-09
0.09,-0.2,lognorm,lognormal,True,2.389385395616182e-13
0.09,-0.2,lognorm,lognormal,True,0.26689296735573587
0.09,-0.2,lognorm,lognormal,True,0.14225515300102742
0.09,-0.2,lognorm,lognormal,True,0.0005372494191493301
0.09,-0.2,lognorm,lognormal,True,0.17955941638899683
0.09,-0.2,lognorm,lognormal,True,1.490021251682327e-08
0.09,-0.2,lognorm,lognormal,True,0.00016701812383925757
0.09,-0.2,lognorm,lognormal,True,6.702877602604757e-09
0.09,-0.2,lognorm,lognormal,True,0.004949750925647211
0.09,-0.2,lognorm,lognormal,True,0.0014137785234281156
0.09,-0.2,lognorm,lognormal,True,0.18539223272709376
0.09,-0.2,lognorm,lognormal,True,0.001431155569335032
0.09,-0.2,lognorm,lognormal,True,0.6225254072102672
0.09,-0.2,lognorm,lognormal,True,0.05646182848407961
0.09,-0.2,lognorm,lognormal,True,0.007490804411503659
0.09,-0.2,lognorm,lognormal,True,0.21983109681133312
0.09,-0.2,lognorm,lognormal,True,4.675860541907245e-15
0.09,-0.2,lognorm,lognormal,True,0.23246123751030337
0.09,-0.2,lognorm,lognormal,True,0.001158793647950933
0.09,-0.2,lognorm,lognormal,True,0.0022567423270510294
0.09,-0.2,lognorm,lognormal,True,0.36945185485750487
0.09,-0.2,lognorm,lognormal,True,0.04736458615828226
0.09,-0.2,lognorm,lognormal,True,0.7793257200044688
0.09,-0.2,lognorm,lognormal,True,0.0016143900568663058
0.09,-0.2,lognorm,lognormal,True,0.206819414050602
0.09,-0.2,lognorm,lognormal,True,0.13525041849770672
0.09,-0.2,lognorm,lognormal,True,0.8643019366436875
0.09,-0.2,lognorm,lognormal,True,0.6197366184241915
0.09,-0.2,lognorm,lognormal,True,3.4061670765243755e-05
0.09,-0.2,lognorm,lognormal,True,0.7887839244906782
0.09,-0.2,lognorm,lognormal,True,9.732128719851414e-13
0.09,-0.2,lognorm,lognormal,True,6.878251492598363e-11
0.09,-0.2,lognorm,lognormal,True,0.024020096745837077
0.09,-0.2,lognorm,lognormal,True,6.23378354364806e-06
0.09,-0.2,lognorm,lognormal,True,1.3796976742750182e-06
0.09,-0.2,lognorm,lognormal,True,0.019869053305514542
0.09,-0.2,lognorm,lognormal,True,9.433392168676142e-16
0.09,-0.2,lognorm,lognormal,True,3.1172140921053704e-07
0.09,-0.2,lognorm,lognormal,True,0.21123926248636776
0.09,-0.2,lognorm,lognormal,True,1.9037520216045472e-13
0.09,-0.2,lognorm,lognormal,True,2.4080155405770277e-05
0.09,-0.2,lognorm,lognormal,True,3.7533866009146284e-13
0.09,-0.2,lognorm,lognormal,True,0.0027546297556927573
0.09,-0.2,lognorm,lognormal,True,0.48079143335431407
0.09,-0.2,lognorm,lognormal,True,0.7210715136714912
0.09,-0.2,lognorm,lognormal,True,0.006978105034143628
0.09,-0.2,lognorm,lognormal,True,0.2088355795422736
0.09,-0.2,lognorm,lognormal,True,2.2453971348813457e-13
0.09,-0.2,lognorm,lognormal,True,0.03593848740325021
0.09,-0.2,lognorm,lognormal,True,0.8207402256855725
0.09,-0.2,lognorm,lognormal,True,0.9878331513211112
0.09,-0.2,lognorm,lognormal,True,0.001092365817674513
0.09,-0.2,lognorm,lognormal,True,3.8111800044000773e-06
0.09,-0.2,lognorm,lognormal,True,0.5248139212062318
0.09,-0.2,lognorm,lognormal,True,2.637368997199768e-09
0.09,-0.2,lognorm,lognormal,True,5.146992901341605e-06
0.09,-0.2,lognorm,lognormal,True,7.480169626741599e-06
0.09,-0.2,lognorm,lognormal,True,0.3284504349460687
0.09,-0.2,lognorm,lognormal,True,1.067301528790389e-10
0.09,-0.2,lognorm,lognormal,True,0.13545513115915112
0.09,-0.2,lognorm,lognormal,True,0.1325562650650273
0.09,-0.2,lognorm,lognormal,True,0.3058075188000407
0.09,-0.2,lognorm,lognormal,True,4.4086604770308225e-05
0.09,-0.2,lognorm,lognormal,True,0.1974640648089283
0.09,-0.2,lognorm,lognormal,True,0.2741745663148315
0.09,-0.2,lognorm,lognormal,True,0.001663420058047734
0.09,-0.2,lognorm,lognormal,True,0.6614969168130114
0.09,-0.2,lognorm,lognormal,True,0.5689561001751838
0.09,-0.2,lognorm,lognormal,True,0.3665885572400859
0.09,-0.2,lognorm,lognormal,True,2.8063367377085736e-13
0.09,-0.2,lognorm,lognormal,True,0.008089478247921415
0.09,-0.2,lognorm,lognormal,True,0.003936777599943951
0.09,-0.2,lognorm,lognormal,True,0.6132249038394557
0.09,-0.2,lognorm,lognormal,True,0.00020889499781572067
0.09,-0.2,lognorm,lognormal,True,0.04096321396046015
0.09,-0.2,lognorm,lognormal,True,0.20921617400049514
0.09,-0.2,lognorm,lognormal,True,4.999983217630152e-17
0.09,-0.2,lognorm,lognormal,True,0.414301319371007
0.09,-0.2,lognorm,lognormal,True,0.05953103481087439
0.09,-0.2,lognorm,lognormal,True,0.004808479045389382
0.09,-0.2,lognorm,lognormal,True,1.628843132219591e-05
0.09,-0.2,lognorm,lognormal,True,0.5443267758206487
0.09,-0.2,lognorm,lognormal,True,0.032230274259361084
0.09,-0.2,lognorm,lognormal,True,0.2416844141619838
0.09,-0.2,lognorm,lognormal,True,0.3444721116454631
0.09,-0.2,lognorm,lognormal,True,0.3710932812787996
0.09,-0.2,lognorm,lognormal,True,0.6423577315862664
0.09,-0.2,lognorm,lognormal,True,0.21834732922311595
0.09,-0.2,lognorm,lognormal,True,2.7775457626848174e-05
0.09,-0.2,lognorm,lognormal,True,0.03758997469031565
0.09,-0.2,lognorm,lognormal,True,0.014562279041679874
0.09,-0.2,lognorm,lognormal,True,0.25238132283385917
0.09,-0.2,lognorm,lognormal,True,0.7773292836675577
0.09,-0.2,lognorm,lognormal,True,2.307910603774948e-16
0.09,-0.2,lognorm,lognormal,True,0.0013367780693063047
0.09,-0.2,lognorm,lognormal,True,1.512446595996347e-16
0.09,-0.2,lognorm,lognormal,True,0.043151917657979204
0.09,-0.2,lognorm,lognormal,True,0.1905719298214944
0.09,-0.2,lognorm,lognormal,True,0.002849888754134033
0.09,-0.2,lognorm,lognormal,True,1.3238173647036098e-13
0.09,-0.2,lognorm,lognormal,True,0.09506787188258096
0.09,-0.2,lognorm,lognormal,True,0.8414796530817598
0.09,-0.2,lognorm,lognormal,True,0.022642856911294952
0.09,-0.2,lognorm,lognormal,True,0.16762660066149282
0.09,-0.2,lognorm,lognormal,True,0.8815684634062022
0.09,-0.2,lognorm,lognormal,True,6.593408679428955e-05
0.09,-0.2,lognorm,lognormal,True,0.05469784710549125
0.09,-0.2,lognorm,lognormal,True,0.05914747594316117
0.09,-0.2,lognorm,lognormal,True,0.020812920857464858
0.09,-0.2,lognorm,lognormal,True,0.6396689378871538
0.09,-0.2,lognorm,lognormal,True,3.508695621235341e-08
0.09,-0.2,lognorm,lognormal,True,7.873642765165115e-08
0.09,-0.2,lognorm,lognormal,True,0.8881559935004408
0.09,-0.2,lognorm,lognormal,True,4.874164625235458e-18
0.09,-0.2,lognorm,lognormal,True,0.1954937962729419
0.09,-0.2,lognorm,lognormal,True,0.20031279260536383
0.09,-0.2,lognorm,lognormal,True,1.513687640852732e-08
0.09,-0.2,lognorm,lognormal,True,0.6747514574029319
0.09,-0.2,lognorm,lognormal,True,0.014817457654771181
0.09,-0.2,lognorm,lognormal,True,0.003910105590115819
0.09,-0.2,lognorm,lognormal,True,0.4081723287508484
0.09,-0.2,lognorm,lognormal,True,0.5256883382502713
0.09,-0.2,lognorm,lognormal,True,3.378430328475646e-05
0.09,-0.2,lognorm,lognormal,True,9.007097981548477e-05
0.09,-0.2,lognorm,lognormal,True,0.14308518555355904
0.09,-0.2,lognorm,lognormal,True,0.19669184500466305
0.09,-0.2,lognorm,lognormal,True,5.847073005108643e-10
0.09,-0.2,lognorm,lognormal,True,0.016121084424534478
0.09,-0.2,lognorm,lognormal,True,0.03172424860942165
0.09,-0.2,lognorm,lognormal,True,0.01643800917325454
0.09,-0.2,lognorm,lognormal,True,0.005038742705280685
0.09,-0.2,lognorm,lognormal,True,0.005604220760116538
0.09,-0.2,lognorm,lognormal,True,4.203049299507264e-14
0.09,-0.2,lognorm,lognormal,True,0.2991821671897994
0.09,-0.2,lognorm,lognormal,True,0.0214113767142829
0.09,-0.2,lognorm,lognormal,True,8.011459594705265e-14
0.09,-0.2,lognorm,lognormal,True,2.642138536683841e-11
0.09,-0.2,lognorm,lognormal,True,0.7099790770827412
0.09,-0.2,lognorm,lognormal,True,0.997877924688581
0.09,-0.2,lognorm,lognormal,True,1.6095737902329637e-07
0.09,-0.2,lognorm,lognormal,True,0.5975773199207397
0.09,-0.2,lognorm,lognormal,True,0.0014569409499381944
0.09,-0.2,lognorm,lognormal,True,2.642468799719566e-05
0.09,-0.2,lognorm,lognormal,True,0.5012649302163452
0.09,-0.2,lognorm,lognormal,True,3.4189557765547044e-06
0.09,-0.2,lognorm,lognormal,True,8.039941823868933e-05
