tau,rho,est,dist,obs_conf,pvals
0.06,-0.2,mvnorm,lognormal,True,0.03995727445911823
0.06,-0.2,mvnorm,lognormal,True,3.7334566052980553e-07
0.06,-0.2,mvnorm,lognormal,True,0.0019807117308113793
0.06,-0.2,mvnorm,lognormal,True,0.21819250755885886
0.06,-0.2,mvnorm,lognormal,True,0.8438272416586977
0.06,-0.2,mvnorm,lognormal,True,0.09089932583979446
0.06,-0.2,mvnorm,lognormal,True,0.0017990761754483621
0.06,-0.2,mvnorm,lognormal,True,0.04532999678494622
0.06,-0.2,mvnorm,lognormal,True,0.41520486834394854
0.06,-0.2,mvnorm,lognormal,True,0.024325541411733227
0.06,-0.2,mvnorm,lognormal,True,0.6327434045394871
0.06,-0.2,mvnorm,lognormal,True,0.008249481505147028
0.06,-0.2,mvnorm,lognormal,True,1.5255904459925e-07
0.06,-0.2,mvnorm,lognormal,True,0.004124435132376968
0.06,-0.2,mvnorm,lognormal,True,0.3585210992368171
0.06,-0.2,mvnorm,lognormal,True,0.2668275764892885
0.06,-0.2,mvnorm,lognormal,True,8.887940507498168e-09
0.06,-0.2,mvnorm,lognormal,True,0.27085041466348403
0.06,-0.2,mvnorm,lognormal,True,0.392731910827521
0.06,-0.2,mvnorm,lognormal,True,5.8823747076057095e-06
0.06,-0.2,mvnorm,lognormal,True,3.2216830118320345e-10
0.06,-0.2,mvnorm,lognormal,True,0.02424676765385325
0.06,-0.2,mvnorm,lognormal,True,0.0019041711011960568
0.06,-0.2,mvnorm,lognormal,True,0.6132829194690799
0.06,-0.2,mvnorm,lognormal,True,0.08458196821247409
0.06,-0.2,mvnorm,lognormal,True,1.4748380134482051e-07
0.06,-0.2,mvnorm,lognormal,True,0.95159238277103
0.06,-0.2,mvnorm,lognormal,True,1.3066335659284484e-05
0.06,-0.2,mvnorm,lognormal,True,0.009441107745265414
0.06,-0.2,mvnorm,lognormal,True,0.272876891616464
0.06,-0.2,mvnorm,lognormal,True,0.04473156758757736
0.06,-0.2,mvnorm,lognormal,True,0.21696594625236104
0.06,-0.2,mvnorm,lognormal,True,0.008805998506424623
0.06,-0.2,mvnorm,lognormal,True,0.0001467340298822636
0.06,-0.2,mvnorm,lognormal,True,0.5965084413064122
0.06,-0.2,mvnorm,lognormal,True,0.027922777255989874
0.06,-0.2,mvnorm,lognormal,True,0.013214584999997774
0.06,-0.2,mvnorm,lognormal,True,0.0003652396173741978
0.06,-0.2,mvnorm,lognormal,True,0.00012500932300257776
0.06,-0.2,mvnorm,lognormal,True,0.0017722121756742085
0.06,-0.2,mvnorm,lognormal,True,0.001986498849343741
0.06,-0.2,mvnorm,lognormal,True,0.11927948612252333
0.06,-0.2,mvnorm,lognormal,True,0.00267371025842676
0.06,-0.2,mvnorm,lognormal,True,0.0009864982942385512
0.06,-0.2,mvnorm,lognormal,True,0.9966772510097233
0.06,-0.2,mvnorm,lognormal,True,0.1691427387407034
0.06,-0.2,mvnorm,lognormal,True,0.062188594591959086
0.06,-0.2,mvnorm,lognormal,True,1.81612337635799e-05
0.06,-0.2,mvnorm,lognormal,True,1.6882691731205805e-05
0.06,-0.2,mvnorm,lognormal,True,2.1313617229188615e-15
0.06,-0.2,mvnorm,lognormal,True,0.4428906382701051
0.06,-0.2,mvnorm,lognormal,True,0.5912403148923682
0.06,-0.2,mvnorm,lognormal,True,0.2828304346877507
0.06,-0.2,mvnorm,lognormal,True,0.0011387945931977373
0.06,-0.2,mvnorm,lognormal,True,0.08819574668079187
0.06,-0.2,mvnorm,lognormal,True,0.5610585220084745
0.06,-0.2,mvnorm,lognormal,True,0.749691714936292
0.06,-0.2,mvnorm,lognormal,True,0.7967606494267269
0.06,-0.2,mvnorm,lognormal,True,8.773728627145296e-07
0.06,-0.2,mvnorm,lognormal,True,0.034904678079766716
0.06,-0.2,mvnorm,lognormal,True,0.032886698842201134
0.06,-0.2,mvnorm,lognormal,True,1.618875679558066e-07
0.06,-0.2,mvnorm,lognormal,True,3.4764447513515887e-07
0.06,-0.2,mvnorm,lognormal,True,9.658862651177763e-07
0.06,-0.2,mvnorm,lognormal,True,0.05973418567677975
0.06,-0.2,mvnorm,lognormal,True,0.031242278036850573
0.06,-0.2,mvnorm,lognormal,True,0.008693798166517675
0.06,-0.2,mvnorm,lognormal,True,6.922462941192256e-06
0.06,-0.2,mvnorm,lognormal,True,9.231957820341375e-06
0.06,-0.2,mvnorm,lognormal,True,0.0005686480113236418
0.06,-0.2,mvnorm,lognormal,True,0.02380829265077268
0.06,-0.2,mvnorm,lognormal,True,1.7566780130593461e-06
0.06,-0.2,mvnorm,lognormal,True,0.5268851064078578
0.06,-0.2,mvnorm,lognormal,True,0.20744901196742718
0.06,-0.2,mvnorm,lognormal,True,0.0005528652840965924
0.06,-0.2,mvnorm,lognormal,True,0.003398902647329397
0.06,-0.2,mvnorm,lognormal,True,0.016580234473790183
0.06,-0.2,mvnorm,lognormal,True,1.0127971400371372e-05
0.06,-0.2,mvnorm,lognormal,True,0.0017796344636702972
0.06,-0.2,mvnorm,lognormal,True,0.3261889463359436
0.06,-0.2,mvnorm,lognormal,True,0.35334394442281003
0.06,-0.2,mvnorm,lognormal,True,0.008885900161653653
0.06,-0.2,mvnorm,lognormal,True,0.046687484613878685
0.06,-0.2,mvnorm,lognormal,True,2.4278283223377343e-08
0.06,-0.2,mvnorm,lognormal,True,0.038363260682062375
0.06,-0.2,mvnorm,lognormal,True,0.09013673819912908
0.06,-0.2,mvnorm,lognormal,True,3.0251680958965e-07
0.06,-0.2,mvnorm,lognormal,True,0.00018828388148251868
0.06,-0.2,mvnorm,lognormal,True,0.4433064227787581
0.06,-0.2,mvnorm,lognormal,True,9.707129376486158e-05
0.06,-0.2,mvnorm,lognormal,True,0.8194338698724875
0.06,-0.2,mvnorm,lognormal,True,0.6349828496917334
0.06,-0.2,mvnorm,lognormal,True,0.008863049976810932
0.06,-0.2,mvnorm,lognormal,True,0.004805351032550376
0.06,-0.2,mvnorm,lognormal,True,0.0008449917373977222
0.06,-0.2,mvnorm,lognormal,True,0.2955642047267168
0.06,-0.2,mvnorm,lognormal,True,9.146766514987827e-12
0.06,-0.2,mvnorm,lognormal,True,0.09277787566731983
0.06,-0.2,mvnorm,lognormal,True,0.9830504350872169
0.06,-0.2,mvnorm,lognormal,True,0.6210096910778621
0.06,-0.2,mvnorm,lognormal,True,1.5384679251844963e-05
0.06,-0.2,mvnorm,lognormal,True,0.011115233306154503
0.06,-0.2,mvnorm,lognormal,True,0.009625040337747633
0.06,-0.2,mvnorm,lognormal,True,0.3473637396777689
0.06,-0.2,mvnorm,lognormal,True,0.1527888258627013
0.06,-0.2,mvnorm,lognormal,True,0.043632270641077185
0.06,-0.2,mvnorm,lognormal,True,5.560938734134771e-06
0.06,-0.2,mvnorm,lognormal,True,0.9433234010993762
0.06,-0.2,mvnorm,lognormal,True,8.625562048258692e-08
0.06,-0.2,mvnorm,lognormal,True,0.03592047308035121
0.06,-0.2,mvnorm,lognormal,True,0.002854805771748967
0.06,-0.2,mvnorm,lognormal,True,0.050094559396430094
0.06,-0.2,mvnorm,lognormal,True,0.06579619307419567
0.06,-0.2,mvnorm,lognormal,True,0.44173213923428567
0.06,-0.2,mvnorm,lognormal,True,0.3630280905778521
0.06,-0.2,mvnorm,lognormal,True,5.845739845677884e-05
0.06,-0.2,mvnorm,lognormal,True,4.178585543827954e-09
0.06,-0.2,mvnorm,lognormal,True,0.9387014212374465
0.06,-0.2,mvnorm,lognormal,True,2.53520895759955e-05
0.06,-0.2,mvnorm,lognormal,True,0.2608276330597775
0.06,-0.2,mvnorm,lognormal,True,7.131158177527009e-07
0.06,-0.2,mvnorm,lognormal,True,0.050355207510961085
0.06,-0.2,mvnorm,lognormal,True,0.834459410661713
0.06,-0.2,mvnorm,lognormal,True,0.07351540175413611
0.06,-0.2,mvnorm,lognormal,True,2.858485557518549e-06
0.06,-0.2,mvnorm,lognormal,True,0.032093569640701966
0.06,-0.2,mvnorm,lognormal,True,0.6612710095160116
0.06,-0.2,mvnorm,lognormal,True,0.750299965353997
0.06,-0.2,mvnorm,lognormal,True,0.5243830830377382
0.06,-0.2,mvnorm,lognormal,True,0.3059997511052815
0.06,-0.2,mvnorm,lognormal,True,0.6193541008973068
0.06,-0.2,mvnorm,lognormal,True,0.1910256548514914
0.06,-0.2,mvnorm,lognormal,True,0.6939551069766694
0.06,-0.2,mvnorm,lognormal,True,0.23844147710169267
0.06,-0.2,mvnorm,lognormal,True,0.0494192045713611
0.06,-0.2,mvnorm,lognormal,True,5.383232692243039e-11
0.06,-0.2,mvnorm,lognormal,True,0.0601998120639453
0.06,-0.2,mvnorm,lognormal,True,7.03626139246387e-06
0.06,-0.2,mvnorm,lognormal,True,0.14932857811406167
0.06,-0.2,mvnorm,lognormal,True,0.006915267003803169
0.06,-0.2,mvnorm,lognormal,True,3.710562478803698e-09
0.06,-0.2,mvnorm,lognormal,True,0.0003261753878974602
0.06,-0.2,mvnorm,lognormal,True,1.1290793160101336e-05
0.06,-0.2,mvnorm,lognormal,True,0.3214596287858857
0.06,-0.2,mvnorm,lognormal,True,0.40370324249328315
0.06,-0.2,mvnorm,lognormal,True,0.008717428151102446
0.06,-0.2,mvnorm,lognormal,True,1.1588504406611112e-13
0.06,-0.2,mvnorm,lognormal,True,0.2630451717634961
0.06,-0.2,mvnorm,lognormal,True,0.1071694728382852
0.06,-0.2,mvnorm,lognormal,True,0.23310306251991422
0.06,-0.2,mvnorm,lognormal,True,0.16292506128121367
0.06,-0.2,mvnorm,lognormal,True,0.03298801943738611
0.06,-0.2,mvnorm,lognormal,True,0.8772766175139097
0.06,-0.2,mvnorm,lognormal,True,2.103765059019101e-05
0.06,-0.2,mvnorm,lognormal,True,3.789564924642154e-05
0.06,-0.2,mvnorm,lognormal,True,0.34154376247759
0.06,-0.2,mvnorm,lognormal,True,1.3918204400182082e-06
0.06,-0.2,mvnorm,lognormal,True,0.018102523690676428
0.06,-0.2,mvnorm,lognormal,True,0.09399486932341099
0.06,-0.2,mvnorm,lognormal,True,0.910009506606293
0.06,-0.2,mvnorm,lognormal,True,0.17020048334565716
0.06,-0.2,mvnorm,lognormal,True,0.0011668476708834906
0.06,-0.2,mvnorm,lognormal,True,0.6585753861861505
0.06,-0.2,mvnorm,lognormal,True,0.00020701343712924107
0.06,-0.2,mvnorm,lognormal,True,0.01222787261917991
0.06,-0.2,mvnorm,lognormal,True,7.079781138293335e-06
0.06,-0.2,mvnorm,lognormal,True,0.056296103546066664
0.06,-0.2,mvnorm,lognormal,True,0.3695609022454809
0.06,-0.2,mvnorm,lognormal,True,0.00017811829730854622
0.06,-0.2,mvnorm,lognormal,True,0.2250098382597795
0.06,-0.2,mvnorm,lognormal,True,0.0001457105713993607
0.06,-0.2,mvnorm,lognormal,True,0.5777638760160713
0.06,-0.2,mvnorm,lognormal,True,0.7543110805590556
0.06,-0.2,mvnorm,lognormal,True,0.0008805149906006824
0.06,-0.2,mvnorm,lognormal,True,0.7246394111899168
0.06,-0.2,mvnorm,lognormal,True,0.3647539412027857
0.06,-0.2,mvnorm,lognormal,True,0.0008145904311708526
0.06,-0.2,mvnorm,lognormal,True,0.11169536644713979
0.06,-0.2,mvnorm,lognormal,True,1.878457409549759e-11
0.06,-0.2,mvnorm,lognormal,True,3.0714008338466177e-07
0.06,-0.2,mvnorm,lognormal,True,0.0022133928748319367
0.06,-0.2,mvnorm,lognormal,True,0.00037799981555906647
0.06,-0.2,mvnorm,lognormal,True,1.3362207870866365e-13
0.06,-0.2,mvnorm,lognormal,True,0.018754876385595202
0.06,-0.2,mvnorm,lognormal,True,0.15484326514305546
0.06,-0.2,mvnorm,lognormal,True,3.514280983285334e-07
0.06,-0.2,mvnorm,lognormal,True,0.13926547793088578
0.06,-0.2,mvnorm,lognormal,True,0.08678941231461762
0.06,-0.2,mvnorm,lognormal,True,0.867311586666792
0.06,-0.2,mvnorm,lognormal,True,0.7101128189095581
0.06,-0.2,mvnorm,lognormal,True,0.6067513618308126
0.06,-0.2,mvnorm,lognormal,True,0.00403132490907798
0.06,-0.2,mvnorm,lognormal,True,0.000824324190211681
0.06,-0.2,mvnorm,lognormal,True,0.27738844393908013
0.06,-0.2,mvnorm,lognormal,True,0.00016078793045347936
0.06,-0.2,mvnorm,lognormal,True,0.26830235127635294
0.06,-0.2,mvnorm,lognormal,True,9.138962242467225e-07
0.06,-0.2,mvnorm,lognormal,True,0.2135633728092244
0.06,-0.2,mvnorm,lognormal,True,0.860033635999492
0.06,-0.2,mvnorm,lognormal,True,1.2812074344428397e-05
