tau,rho,est,dist,obs_conf,pvals
0.06,0.2,lognorm,lognormal,True,0.020369487361756262
0.06,0.2,lognorm,lognormal,True,0.2537841095864467
0.06,0.2,lognorm,lognormal,True,0.46798131678850297
0.06,0.2,lognorm,lognormal,True,0.009263141320990716
0.06,0.2,lognorm,lognormal,True,0.00011023450406799068
0.06,0.2,lognorm,lognormal,True,0.1594844743622771
0.06,0.2,lognorm,lognormal,True,0.7082196119311944
0.06,0.2,lognorm,lognormal,True,0.00014005632836697288
0.06,0.2,lognorm,lognormal,True,0.5008469956317457
0.06,0.2,lognorm,lognormal,True,0.6934282417586612
0.06,0.2,lognorm,lognormal,True,5.864571709755544e-06
0.06,0.2,lognorm,lognormal,True,6.624606861002158e-05
0.06,0.2,lognorm,lognormal,True,0.8779375012039452
0.06,0.2,lognorm,lognormal,True,0.00014331900643478536
0.06,0.2,lognorm,lognormal,True,0.03538775554674971
0.06,0.2,lognorm,lognormal,True,8.854049865806761e-05
0.06,0.2,lognorm,lognormal,True,3.6343080888522196e-22
0.06,0.2,lognorm,lognormal,True,0.0007500515338390261
0.06,0.2,lognorm,lognormal,True,0.029920456192518964
0.06,0.2,lognorm,lognormal,True,0.06384611574210793
0.06,0.2,lognorm,lognormal,True,2.923143086142691e-16
0.06,0.2,lognorm,lognormal,True,2.6730233182354627e-05
0.06,0.2,lognorm,lognormal,True,0.0007965098612436423
0.06,0.2,lognorm,lognormal,True,0.05431789662486523
0.06,0.2,lognorm,lognormal,True,0.15161995243669998
0.06,0.2,lognorm,lognormal,True,2.45406183131454e-08
0.06,0.2,lognorm,lognormal,True,5.310004975580336e-06
0.06,0.2,lognorm,lognormal,True,5.68519636924175e-14
0.06,0.2,lognorm,lognormal,True,6.20813135122589e-20
0.06,0.2,lognorm,lognormal,True,1.270858029788498e-05
0.06,0.2,lognorm,lognormal,True,0.07271378111157416
0.06,0.2,lognorm,lognormal,True,0.00042251806960379244
0.06,0.2,lognorm,lognormal,True,0.04172255214999922
0.06,0.2,lognorm,lognormal,True,3.007755638608142e-05
0.06,0.2,lognorm,lognormal,True,0.45602093120620846
0.06,0.2,lognorm,lognormal,True,0.0051840508012822905
0.06,0.2,lognorm,lognormal,True,0.0064783591421787795
0.06,0.2,lognorm,lognormal,True,0.0015779780580496008
0.06,0.2,lognorm,lognormal,True,1.7905888634676185e-05
0.06,0.2,lognorm,lognormal,True,0.32811825411221385
0.06,0.2,lognorm,lognormal,True,0.20804822576920115
0.06,0.2,lognorm,lognormal,True,0.08402260869996873
0.06,0.2,lognorm,lognormal,True,0.2049495981125569
0.06,0.2,lognorm,lognormal,True,7.785800266778178e-11
0.06,0.2,lognorm,lognormal,True,0.5248468766347376
0.06,0.2,lognorm,lognormal,True,5.848475446515965e-05
0.06,0.2,lognorm,lognormal,True,2.5880177948211173e-11
0.06,0.2,lognorm,lognormal,True,0.05868198412713932
0.06,0.2,lognorm,lognormal,True,0.059553109438393106
0.06,0.2,lognorm,lognormal,True,0.1052788301298012
0.06,0.2,lognorm,lognormal,True,1.3728047706555545e-06
0.06,0.2,lognorm,lognormal,True,7.021367169621835e-13
0.06,0.2,lognorm,lognormal,True,5.321008746512384e-17
0.06,0.2,lognorm,lognormal,True,2.401051111332561e-05
0.06,0.2,lognorm,lognormal,True,0.276884140983957
0.06,0.2,lognorm,lognormal,True,1.0226350556963568e-11
0.06,0.2,lognorm,lognormal,True,0.0001232671956044722
0.06,0.2,lognorm,lognormal,True,0.0028152413270801273
0.06,0.2,lognorm,lognormal,True,0.14058915133868358
0.06,0.2,lognorm,lognormal,True,0.24889942991831088
0.06,0.2,lognorm,lognormal,True,0.0008688751395151799
0.06,0.2,lognorm,lognormal,True,0.743936515971187
0.06,0.2,lognorm,lognormal,True,2.418465803734649e-06
0.06,0.2,lognorm,lognormal,True,0.00034036757379171185
0.06,0.2,lognorm,lognormal,True,0.00011600874504330113
0.06,0.2,lognorm,lognormal,True,0.1029908745273148
0.06,0.2,lognorm,lognormal,True,0.5423240186651327
0.06,0.2,lognorm,lognormal,True,0.39671905170760446
0.06,0.2,lognorm,lognormal,True,0.09805757449816108
0.06,0.2,lognorm,lognormal,True,0.0007062822564364656
0.06,0.2,lognorm,lognormal,True,1.8737569958331776e-05
0.06,0.2,lognorm,lognormal,True,0.05500367544988271
0.06,0.2,lognorm,lognormal,True,0.7286151734168611
0.06,0.2,lognorm,lognormal,True,6.075843492234921e-07
0.06,0.2,lognorm,lognormal,True,7.3192035926626115e-06
0.06,0.2,lognorm,lognormal,True,0.0740711390897423
0.06,0.2,lognorm,lognormal,True,0.023500819612516346
0.06,0.2,lognorm,lognormal,True,0.002373285680039468
0.06,0.2,lognorm,lognormal,True,0.07699879424120266
0.06,0.2,lognorm,lognormal,True,0.38360788628349474
0.06,0.2,lognorm,lognormal,True,0.10702320214414532
0.06,0.2,lognorm,lognormal,True,0.0017964439851138154
0.06,0.2,lognorm,lognormal,True,0.23976737269450313
0.06,0.2,lognorm,lognormal,True,2.5545078062231997e-08
0.06,0.2,lognorm,lognormal,True,0.12488085273977852
0.06,0.2,lognorm,lognormal,True,0.010856239150796565
0.06,0.2,lognorm,lognormal,True,9.43096604127469e-05
0.06,0.2,lognorm,lognormal,True,3.474836400356412e-05
0.06,0.2,lognorm,lognormal,True,0.6381208103008172
0.06,0.2,lognorm,lognormal,True,0.5703706480112201
0.06,0.2,lognorm,lognormal,True,0.782614154341835
0.06,0.2,lognorm,lognormal,True,0.005317533576634495
0.06,0.2,lognorm,lognormal,True,0.05840796662872603
0.06,0.2,lognorm,lognormal,True,0.03109901258142433
0.06,0.2,lognorm,lognormal,True,7.441544561386095e-05
0.06,0.2,lognorm,lognormal,True,9.7503819002979e-12
0.06,0.2,lognorm,lognormal,True,0.027965756207758933
0.06,0.2,lognorm,lognormal,True,0.002345777532601545
0.06,0.2,lognorm,lognormal,True,0.5074338805717502
0.06,0.2,lognorm,lognormal,True,0.2048604212112656
0.06,0.2,lognorm,lognormal,True,0.2734106575920764
0.06,0.2,lognorm,lognormal,True,0.5866654677573404
0.06,0.2,lognorm,lognormal,True,0.8365133211651329
0.06,0.2,lognorm,lognormal,True,0.001102969461940138
0.06,0.2,lognorm,lognormal,True,0.7794365563888529
0.06,0.2,lognorm,lognormal,True,0.047336169437191704
0.06,0.2,lognorm,lognormal,True,0.5888695632772276
0.06,0.2,lognorm,lognormal,True,9.028268678196454e-06
0.06,0.2,lognorm,lognormal,True,8.912184715664813e-07
0.06,0.2,lognorm,lognormal,True,0.7116432735224674
0.06,0.2,lognorm,lognormal,True,0.952041089418139
0.06,0.2,lognorm,lognormal,True,1.7719664431861994e-10
0.06,0.2,lognorm,lognormal,True,1.38698649163112e-05
0.06,0.2,lognorm,lognormal,True,1.0883649561951873e-08
0.06,0.2,lognorm,lognormal,True,0.0008159471957347635
0.06,0.2,lognorm,lognormal,True,2.665908570363828e-05
0.06,0.2,lognorm,lognormal,True,0.035881305369478464
0.06,0.2,lognorm,lognormal,True,0.24022203302944828
0.06,0.2,lognorm,lognormal,True,0.07048697016256746
0.06,0.2,lognorm,lognormal,True,0.1309470139311705
0.06,0.2,lognorm,lognormal,True,0.06826224279933556
0.06,0.2,lognorm,lognormal,True,5.602401649875952e-06
0.06,0.2,lognorm,lognormal,True,0.0006853661376707441
0.06,0.2,lognorm,lognormal,True,0.5016205384287877
0.06,0.2,lognorm,lognormal,True,0.0006952097898333072
0.06,0.2,lognorm,lognormal,True,0.012982498349405106
0.06,0.2,lognorm,lognormal,True,0.698940719067154
0.06,0.2,lognorm,lognormal,True,0.012807907116381356
0.06,0.2,lognorm,lognormal,True,0.00086338890725059
0.06,0.2,lognorm,lognormal,True,0.0033365527918637057
0.06,0.2,lognorm,lognormal,True,0.2708577179119014
0.06,0.2,lognorm,lognormal,True,1.3507562302841722e-06
0.06,0.2,lognorm,lognormal,True,1.617306097096703e-06
0.06,0.2,lognorm,lognormal,True,0.47040698262351843
0.06,0.2,lognorm,lognormal,True,0.003983400449303202
0.06,0.2,lognorm,lognormal,True,0.0018826608543649741
0.06,0.2,lognorm,lognormal,True,7.518266280686561e-05
0.06,0.2,lognorm,lognormal,True,0.005036986812762814
0.06,0.2,lognorm,lognormal,True,6.339570657259447e-07
0.06,0.2,lognorm,lognormal,True,5.3986792107859604e-06
0.06,0.2,lognorm,lognormal,True,0.4419310797687094
0.06,0.2,lognorm,lognormal,True,0.3620086068968468
0.06,0.2,lognorm,lognormal,True,0.0005220219674325936
0.06,0.2,lognorm,lognormal,True,0.11251362750375354
0.06,0.2,lognorm,lognormal,True,9.34686810977101e-17
0.06,0.2,lognorm,lognormal,True,4.774800332363082e-05
0.06,0.2,lognorm,lognormal,True,6.3550747390068826e-15
0.06,0.2,lognorm,lognormal,True,0.20713536575145972
0.06,0.2,lognorm,lognormal,True,2.964705738679893e-09
0.06,0.2,lognorm,lognormal,True,0.8551073923056307
0.06,0.2,lognorm,lognormal,True,2.9910107027513365e-16
0.06,0.2,lognorm,lognormal,True,0.14016796962500594
0.06,0.2,lognorm,lognormal,True,6.47523110131169e-05
0.06,0.2,lognorm,lognormal,True,9.78205531660595e-05
0.06,0.2,lognorm,lognormal,True,0.017498754598170716
0.06,0.2,lognorm,lognormal,True,0.0016790211260473789
0.06,0.2,lognorm,lognormal,True,0.36714184420717444
0.06,0.2,lognorm,lognormal,True,0.7838163526208546
0.06,0.2,lognorm,lognormal,True,0.0009208783500711115
0.06,0.2,lognorm,lognormal,True,0.4550406856830028
0.06,0.2,lognorm,lognormal,True,4.3784852640915856e-15
0.06,0.2,lognorm,lognormal,True,0.15090268721439684
0.06,0.2,lognorm,lognormal,True,0.0014716435077567651
0.06,0.2,lognorm,lognormal,True,8.036566080325015e-08
0.06,0.2,lognorm,lognormal,True,0.0008463311289504226
0.06,0.2,lognorm,lognormal,True,0.0002697779277769159
0.06,0.2,lognorm,lognormal,True,0.33455762128082644
0.06,0.2,lognorm,lognormal,True,0.00030150024612105443
0.06,0.2,lognorm,lognormal,True,0.08409836084535509
0.06,0.2,lognorm,lognormal,True,1.325118405709304e-10
0.06,0.2,lognorm,lognormal,True,0.8830922257473244
0.06,0.2,lognorm,lognormal,True,0.046219690637032074
0.06,0.2,lognorm,lognormal,True,0.7716497153420793
0.06,0.2,lognorm,lognormal,True,0.003313338379081162
0.06,0.2,lognorm,lognormal,True,0.007568503180127824
0.06,0.2,lognorm,lognormal,True,0.7770158023598572
0.06,0.2,lognorm,lognormal,True,6.3509888774161795e-06
0.06,0.2,lognorm,lognormal,True,0.7470931215522483
0.06,0.2,lognorm,lognormal,True,1.0144480028149708e-15
0.06,0.2,lognorm,lognormal,True,9.586386557831573e-06
0.06,0.2,lognorm,lognormal,True,0.20617934933516632
0.06,0.2,lognorm,lognormal,True,7.922778206341224e-07
0.06,0.2,lognorm,lognormal,True,0.9563380253755012
0.06,0.2,lognorm,lognormal,True,0.12472538385359731
0.06,0.2,lognorm,lognormal,True,0.0014852734561439668
0.06,0.2,lognorm,lognormal,True,3.829369063043428e-06
0.06,0.2,lognorm,lognormal,True,2.7740845330443957e-10
0.06,0.2,lognorm,lognormal,True,0.6893577713587655
0.06,0.2,lognorm,lognormal,True,0.273934840123703
0.06,0.2,lognorm,lognormal,True,0.38218254967055487
0.06,0.2,lognorm,lognormal,True,2.076148957550701e-05
0.06,0.2,lognorm,lognormal,True,0.0027003699979307343
0.06,0.2,lognorm,lognormal,True,4.064304712954426e-10
0.06,0.2,lognorm,lognormal,True,8.612744910629655e-06
0.06,0.2,lognorm,lognormal,True,0.620646516806233
0.06,0.2,lognorm,lognormal,True,0.10702683895815884
0.06,0.2,lognorm,lognormal,True,0.07212650820095724
0.06,0.2,lognorm,lognormal,True,2.445645298841917e-09
0.06,0.2,lognorm,lognormal,True,0.012084344704987843
0.06,0.2,lognorm,lognormal,True,4.1699232191013746e-12
