tau,rho,est,dist,obs_conf,pvals
0.12,-0.4,lognorm,lognormal,True,0.0005237033843052167
0.12,-0.4,lognorm,lognormal,True,2.636566849793021e-32
0.12,-0.4,lognorm,lognormal,True,5.114292573378437e-19
0.12,-0.4,lognorm,lognormal,True,4.0436511890972834e-13
0.12,-0.4,lognorm,lognormal,True,0.030682964076488708
0.12,-0.4,lognorm,lognormal,True,0.6612072769862559
0.12,-0.4,lognorm,lognormal,True,6.04620864811356e-18
0.12,-0.4,lognorm,lognormal,True,0.0001728861797484066
0.12,-0.4,lognorm,lognormal,True,2.0224631516674108e-10
0.12,-0.4,lognorm,lognormal,True,0.0006660671631453446
0.12,-0.4,lognorm,lognormal,True,1.1237124855343434e-09
0.12,-0.4,lognorm,lognormal,True,0.00034860874440785863
0.12,-0.4,lognorm,lognormal,True,1.070877937087197e-10
0.12,-0.4,lognorm,lognormal,True,4.3226078537390575e-08
0.12,-0.4,lognorm,lognormal,True,0.0005563105056760688
0.12,-0.4,lognorm,lognormal,True,0.0007817402156972107
0.12,-0.4,lognorm,lognormal,True,0.009395556243533712
0.12,-0.4,lognorm,lognormal,True,8.212362643427594e-22
0.12,-0.4,lognorm,lognormal,True,0.08998169466126604
0.12,-0.4,lognorm,lognormal,True,0.29765686229640054
0.12,-0.4,lognorm,lognormal,True,0.2725660545834371
0.12,-0.4,lognorm,lognormal,True,8.724182346310376e-10
0.12,-0.4,lognorm,lognormal,True,2.9833905355813727e-38
0.12,-0.4,lognorm,lognormal,True,0.9421592368173837
0.12,-0.4,lognorm,lognormal,True,4.497789810324312e-08
0.12,-0.4,lognorm,lognormal,True,6.366105926935844e-07
0.12,-0.4,lognorm,lognormal,True,3.8882233041870744e-07
0.12,-0.4,lognorm,lognormal,True,0.0001590117840610698
0.12,-0.4,lognorm,lognormal,True,1.0780820271569102e-08
0.12,-0.4,lognorm,lognormal,True,0.001049530072737707
0.12,-0.4,lognorm,lognormal,True,1.1523371034359278e-16
0.12,-0.4,lognorm,lognormal,True,0.09502742948760216
0.12,-0.4,lognorm,lognormal,True,1.2523603409538069e-18
0.12,-0.4,lognorm,lognormal,True,9.036061711784665e-05
0.12,-0.4,lognorm,lognormal,True,0.30305074028982165
0.12,-0.4,lognorm,lognormal,True,2.2072692616300454e-38
0.12,-0.4,lognorm,lognormal,True,0.18312775368531642
0.12,-0.4,lognorm,lognormal,True,0.001832696698653012
0.12,-0.4,lognorm,lognormal,True,0.8399248579445777
0.12,-0.4,lognorm,lognormal,True,0.032965617034281386
0.12,-0.4,lognorm,lognormal,True,2.2676627286723004e-07
0.12,-0.4,lognorm,lognormal,True,8.89545502955575e-05
0.12,-0.4,lognorm,lognormal,True,6.532784462550641e-08
0.12,-0.4,lognorm,lognormal,True,0.9317672083086733
0.12,-0.4,lognorm,lognormal,True,0.011848945038048326
0.12,-0.4,lognorm,lognormal,True,0.36229767363879106
0.12,-0.4,lognorm,lognormal,True,0.08085014534543393
0.12,-0.4,lognorm,lognormal,True,5.660166099282654e-06
0.12,-0.4,lognorm,lognormal,True,0.19446380540022476
0.12,-0.4,lognorm,lognormal,True,7.384589103072109e-07
0.12,-0.4,lognorm,lognormal,True,8.80169917566163e-51
0.12,-0.4,lognorm,lognormal,True,0.38363076726681666
0.12,-0.4,lognorm,lognormal,True,0.0005647626036591188
0.12,-0.4,lognorm,lognormal,True,5.29684089454133e-21
0.12,-0.4,lognorm,lognormal,True,4.028023186128407e-21
0.12,-0.4,lognorm,lognormal,True,0.0053155007469382325
0.12,-0.4,lognorm,lognormal,True,0.010515653408607299
0.12,-0.4,lognorm,lognormal,True,0.00020943372903883405
0.12,-0.4,lognorm,lognormal,True,0.0024879286352773883
0.12,-0.4,lognorm,lognormal,True,2.764538493560362e-13
0.12,-0.4,lognorm,lognormal,True,0.013631242265822947
0.12,-0.4,lognorm,lognormal,True,5.2213121842740644e-21
0.12,-0.4,lognorm,lognormal,True,1.7169887920541907e-11
0.12,-0.4,lognorm,lognormal,True,1.2671879884970889e-06
0.12,-0.4,lognorm,lognormal,True,0.09801931286954885
0.12,-0.4,lognorm,lognormal,True,0.000616937986501158
0.12,-0.4,lognorm,lognormal,True,0.5744687417559686
0.12,-0.4,lognorm,lognormal,True,0.1390159174928581
0.12,-0.4,lognorm,lognormal,True,6.117664704518165e-05
0.12,-0.4,lognorm,lognormal,True,0.5166606065018051
0.12,-0.4,lognorm,lognormal,True,3.713295148332729e-19
0.12,-0.4,lognorm,lognormal,True,2.394451598160549e-09
0.12,-0.4,lognorm,lognormal,True,0.00445039203903521
0.12,-0.4,lognorm,lognormal,True,0.3592235850328803
0.12,-0.4,lognorm,lognormal,True,0.5385592571866402
0.12,-0.4,lognorm,lognormal,True,0.034392901262148105
0.12,-0.4,lognorm,lognormal,True,0.9745461835878343
0.12,-0.4,lognorm,lognormal,True,1.779596223681161e-13
0.12,-0.4,lognorm,lognormal,True,3.128038920113545e-06
0.12,-0.4,lognorm,lognormal,True,0.05229873525619233
0.12,-0.4,lognorm,lognormal,True,0.8376230294191235
0.12,-0.4,lognorm,lognormal,True,0.8925680113517952
0.12,-0.4,lognorm,lognormal,True,1.851756075760236e-16
0.12,-0.4,lognorm,lognormal,True,0.029247667277600562
0.12,-0.4,lognorm,lognormal,True,2.8137433476268704e-20
0.12,-0.4,lognorm,lognormal,True,1.1493487758034248e-20
0.12,-0.4,lognorm,lognormal,True,3.828623930791298e-09
0.12,-0.4,lognorm,lognormal,True,2.4156927883976937e-14
0.12,-0.4,lognorm,lognormal,True,9.332242204252514e-11
0.12,-0.4,lognorm,lognormal,True,0.03766230224356565
0.12,-0.4,lognorm,lognormal,True,8.423568106436415e-29
0.12,-0.4,lognorm,lognormal,True,5.523284576306213e-27
0.12,-0.4,lognorm,lognormal,True,0.5682761677668575
0.12,-0.4,lognorm,lognormal,True,3.4539788931718693e-28
0.12,-0.4,lognorm,lognormal,True,8.116985766905363e-08
0.12,-0.4,lognorm,lognormal,True,1.3378014001070715e-29
0.12,-0.4,lognorm,lognormal,True,4.761429881264629e-19
0.12,-0.4,lognorm,lognormal,True,0.3299114356399474
0.12,-0.4,lognorm,lognormal,True,0.6463479361350194
0.12,-0.4,lognorm,lognormal,True,0.010746753582238268
0.12,-0.4,lognorm,lognormal,True,7.853694089101358e-09
0.12,-0.4,lognorm,lognormal,True,1.1269705859251245e-32
0.12,-0.4,lognorm,lognormal,True,0.01176731997495032
0.12,-0.4,lognorm,lognormal,True,0.9831583476636909
0.12,-0.4,lognorm,lognormal,True,0.8294417366276408
0.12,-0.4,lognorm,lognormal,True,6.508435379056031e-07
0.12,-0.4,lognorm,lognormal,True,2.3400844047856933e-13
0.12,-0.4,lognorm,lognormal,True,0.00021793294585985043
0.12,-0.4,lognorm,lognormal,True,3.193469020982542e-21
0.12,-0.4,lognorm,lognormal,True,2.1063540890061116e-09
0.12,-0.4,lognorm,lognormal,True,9.415925755164754e-08
0.12,-0.4,lognorm,lognormal,True,0.5103089724570842
0.12,-0.4,lognorm,lognormal,True,1.9536794438926286e-05
0.12,-0.4,lognorm,lognormal,True,0.0003372815326186862
0.12,-0.4,lognorm,lognormal,True,9.201891088811973e-06
0.12,-0.4,lognorm,lognormal,True,0.08034429730661075
0.12,-0.4,lognorm,lognormal,True,3.218060066347533e-05
0.12,-0.4,lognorm,lognormal,True,0.11999174503937997
0.12,-0.4,lognorm,lognormal,True,0.5161587809387349
0.12,-0.4,lognorm,lognormal,True,0.0004844789867692877
0.12,-0.4,lognorm,lognormal,True,0.3061717168118846
0.12,-0.4,lognorm,lognormal,True,0.01588582155752677
0.12,-0.4,lognorm,lognormal,True,0.30146698399233607
0.12,-0.4,lognorm,lognormal,True,5.0912894653569504e-23
0.12,-0.4,lognorm,lognormal,True,2.2614095799502187e-14
0.12,-0.4,lognorm,lognormal,True,0.010391871698136896
0.12,-0.4,lognorm,lognormal,True,0.520853542462292
0.12,-0.4,lognorm,lognormal,True,7.851059949990719e-07
0.12,-0.4,lognorm,lognormal,True,0.049373306549313115
0.12,-0.4,lognorm,lognormal,True,0.001233051860723302
0.12,-0.4,lognorm,lognormal,True,2.8427220135821638e-27
0.12,-0.4,lognorm,lognormal,True,0.8909061992892539
0.12,-0.4,lognorm,lognormal,True,0.16198246061267052
0.12,-0.4,lognorm,lognormal,True,1.5002842250401642e-11
0.12,-0.4,lognorm,lognormal,True,2.3229691825837346e-09
0.12,-0.4,lognorm,lognormal,True,0.007109115500128234
0.12,-0.4,lognorm,lognormal,True,3.674424577825272e-07
0.12,-0.4,lognorm,lognormal,True,0.4716039759958628
0.12,-0.4,lognorm,lognormal,True,0.019408210435986818
0.12,-0.4,lognorm,lognormal,True,0.004216673958582166
0.12,-0.4,lognorm,lognormal,True,0.9847851208919379
0.12,-0.4,lognorm,lognormal,True,0.016815555186493674
0.12,-0.4,lognorm,lognormal,True,4.815273787852319e-09
0.12,-0.4,lognorm,lognormal,True,0.008652032799624095
0.12,-0.4,lognorm,lognormal,True,0.11006802665687113
0.12,-0.4,lognorm,lognormal,True,0.0790037684165622
0.12,-0.4,lognorm,lognormal,True,0.07530808833827561
0.12,-0.4,lognorm,lognormal,True,7.010365227102953e-34
0.12,-0.4,lognorm,lognormal,True,2.6452978989360897e-06
0.12,-0.4,lognorm,lognormal,True,1.3250002814929455e-39
0.12,-0.4,lognorm,lognormal,True,1.5532088345673237e-08
0.12,-0.4,lognorm,lognormal,True,0.9258839654733233
0.12,-0.4,lognorm,lognormal,True,4.683846227629852e-15
0.12,-0.4,lognorm,lognormal,True,7.740380937282965e-33
0.12,-0.4,lognorm,lognormal,True,0.01703044399710109
0.12,-0.4,lognorm,lognormal,True,0.019465707668877036
0.12,-0.4,lognorm,lognormal,True,0.0007411959084595606
0.12,-0.4,lognorm,lognormal,True,0.49537763756158804
0.12,-0.4,lognorm,lognormal,True,0.012586498187452258
0.12,-0.4,lognorm,lognormal,True,1.4206996874212832e-09
0.12,-0.4,lognorm,lognormal,True,0.03565969816399374
0.12,-0.4,lognorm,lognormal,True,0.4589019853886759
0.12,-0.4,lognorm,lognormal,True,6.917290113712437e-06
0.12,-0.4,lognorm,lognormal,True,6.091030234734405e-08
0.12,-0.4,lognorm,lognormal,True,5.752791983755531e-11
0.12,-0.4,lognorm,lognormal,True,9.729683568521201e-20
0.12,-0.4,lognorm,lognormal,True,0.40453563644552726
0.12,-0.4,lognorm,lognormal,True,5.382468243517194e-45
0.12,-0.4,lognorm,lognormal,True,1.898069006978041e-05
0.12,-0.4,lognorm,lognormal,True,0.018569317817419394
0.12,-0.4,lognorm,lognormal,True,8.948172717211268e-19
0.12,-0.4,lognorm,lognormal,True,0.29657133734953783
0.12,-0.4,lognorm,lognormal,True,2.1166257027400426e-08
0.12,-0.4,lognorm,lognormal,True,1.849830774486936e-09
0.12,-0.4,lognorm,lognormal,True,0.04864184327096719
0.12,-0.4,lognorm,lognormal,True,0.311025280927953
0.12,-0.4,lognorm,lognormal,True,1.2342801171227016e-12
0.12,-0.4,lognorm,lognormal,True,0.0009980581229256343
0.12,-0.4,lognorm,lognormal,True,0.14986560411117286
0.12,-0.4,lognorm,lognormal,True,0.11004873139504331
0.12,-0.4,lognorm,lognormal,True,1.8553170365263904e-22
0.12,-0.4,lognorm,lognormal,True,1.636647783098229e-08
0.12,-0.4,lognorm,lognormal,True,2.8924447083080145e-05
0.12,-0.4,lognorm,lognormal,True,0.0004944379379514107
0.12,-0.4,lognorm,lognormal,True,3.897419850283291e-09
0.12,-0.4,lognorm,lognormal,True,2.307517145474826e-05
0.12,-0.4,lognorm,lognormal,True,1.353440932919733e-29
0.12,-0.4,lognorm,lognormal,True,0.0007420194024351425
0.12,-0.4,lognorm,lognormal,True,0.00026538800743652115
0.12,-0.4,lognorm,lognormal,True,5.076259349399156e-24
0.12,-0.4,lognorm,lognormal,True,1.8795442905816424e-21
0.12,-0.4,lognorm,lognormal,True,0.347789227274103
0.12,-0.4,lognorm,lognormal,True,0.393931570239198
0.12,-0.4,lognorm,lognormal,True,1.839448640339311e-24
0.12,-0.4,lognorm,lognormal,True,0.7052841127550493
0.12,-0.4,lognorm,lognormal,True,1.3692762458699318e-09
0.12,-0.4,lognorm,lognormal,True,1.7010612739075022e-12
0.12,-0.4,lognorm,lognormal,True,0.046303340282755914
0.12,-0.4,lognorm,lognormal,True,5.961315228998195e-16
0.12,-0.4,lognorm,lognormal,True,3.87875500665254e-11
