tau,rho,est,dist,obs_conf,pvals
0.0,0.4,lognorm,lognormal,True,3.0218641527851383e-12
0.0,0.4,lognorm,lognormal,True,3.0169808052606423e-05
0.0,0.4,lognorm,lognormal,True,0.6774743722946741
0.0,0.4,lognorm,lognormal,True,1.4423657050349801e-08
0.0,0.4,lognorm,lognormal,True,0.0001638644115912663
0.0,0.4,lognorm,lognormal,True,0.06973822864735293
0.0,0.4,lognorm,lognormal,True,3.579086005338755e-08
0.0,0.4,lognorm,lognormal,True,2.788788231000693e-06
0.0,0.4,lognorm,lognormal,True,0.0003377899648642365
0.0,0.4,lognorm,lognormal,True,0.1888883443685283
0.0,0.4,lognorm,lognormal,True,1.8435699663610183e-05
0.0,0.4,lognorm,lognormal,True,0.004398091370091167
0.0,0.4,lognorm,lognormal,True,0.24155021880140037
0.0,0.4,lognorm,lognormal,True,1.0088444474579477e-05
0.0,0.4,lognorm,lognormal,True,0.022597395790448168
0.0,0.4,lognorm,lognormal,True,0.00012499214168779568
0.0,0.4,lognorm,lognormal,True,6.8275260817050975e-37
0.0,0.4,lognorm,lognormal,True,6.849210797331546e-10
0.0,0.4,lognorm,lognormal,True,0.6597779037301599
0.0,0.4,lognorm,lognormal,True,0.023881651540442587
0.0,0.4,lognorm,lognormal,True,1.4768397077871025e-16
0.0,0.4,lognorm,lognormal,True,8.660499393544392e-14
0.0,0.4,lognorm,lognormal,True,1.1569362610956154e-09
0.0,0.4,lognorm,lognormal,True,0.021142883308832988
0.0,0.4,lognorm,lognormal,True,0.002048536436642042
0.0,0.4,lognorm,lognormal,True,4.9179735476437305e-08
0.0,0.4,lognorm,lognormal,True,2.6189021406213183e-05
0.0,0.4,lognorm,lognormal,True,9.391974157104392e-23
0.0,0.4,lognorm,lognormal,True,3.676506396822117e-29
0.0,0.4,lognorm,lognormal,True,9.47108119077795e-08
0.0,0.4,lognorm,lognormal,True,8.482921928351082e-05
0.0,0.4,lognorm,lognormal,True,6.9090979296722265e-09
0.0,0.4,lognorm,lognormal,True,6.498295094950162e-07
0.0,0.4,lognorm,lognormal,True,9.941639708152547e-07
0.0,0.4,lognorm,lognormal,True,0.9630825812238245
0.0,0.4,lognorm,lognormal,True,3.8551702190226494e-05
0.0,0.4,lognorm,lognormal,True,0.10760122769520465
0.0,0.4,lognorm,lognormal,True,6.206460650654078e-05
0.0,0.4,lognorm,lognormal,True,0.00020186753258219075
0.0,0.4,lognorm,lognormal,True,0.3347913575126051
0.0,0.4,lognorm,lognormal,True,0.6549380228409253
0.0,0.4,lognorm,lognormal,True,4.955129271615476e-05
0.0,0.4,lognorm,lognormal,True,0.6695325126999623
0.0,0.4,lognorm,lognormal,True,2.225621631364896e-20
0.0,0.4,lognorm,lognormal,True,0.2794263866365493
0.0,0.4,lognorm,lognormal,True,4.293952389288219e-07
0.0,0.4,lognorm,lognormal,True,3.611295759097917e-22
0.0,0.4,lognorm,lognormal,True,0.4492281758101768
0.0,0.4,lognorm,lognormal,True,0.0965196226156706
0.0,0.4,lognorm,lognormal,True,0.435867796189213
0.0,0.4,lognorm,lognormal,True,2.534824000981165e-18
0.0,0.4,lognorm,lognormal,True,3.629534319751219e-21
0.0,0.4,lognorm,lognormal,True,3.6530726268839097e-29
0.0,0.4,lognorm,lognormal,True,2.258652383681736e-22
0.0,0.4,lognorm,lognormal,True,2.3326359196026054e-06
0.0,0.4,lognorm,lognormal,True,1.4144098371323381e-25
0.0,0.4,lognorm,lognormal,True,0.003991160324334519
0.0,0.4,lognorm,lognormal,True,0.518079544251407
0.0,0.4,lognorm,lognormal,True,0.8685603028109923
0.0,0.4,lognorm,lognormal,True,0.16455654575574594
0.0,0.4,lognorm,lognormal,True,0.0005343519801380438
0.0,0.4,lognorm,lognormal,True,0.004777442215924923
0.0,0.4,lognorm,lognormal,True,1.3699742926020163e-10
0.0,0.4,lognorm,lognormal,True,0.05392955244233898
0.0,0.4,lognorm,lognormal,True,0.00010556207807053973
0.0,0.4,lognorm,lognormal,True,4.2300194246848104e-05
0.0,0.4,lognorm,lognormal,True,0.5775032555660535
0.0,0.4,lognorm,lognormal,True,0.9654566282425422
0.0,0.4,lognorm,lognormal,True,0.025284917068876568
0.0,0.4,lognorm,lognormal,True,0.0002027825253067384
0.0,0.4,lognorm,lognormal,True,0.6492044706169909
0.0,0.4,lognorm,lognormal,True,8.326251175157576e-05
0.0,0.4,lognorm,lognormal,True,0.19985714250974795
0.0,0.4,lognorm,lognormal,True,1.8658023988850645e-06
0.0,0.4,lognorm,lognormal,True,0.0004930018009615044
0.0,0.4,lognorm,lognormal,True,0.4123791412389033
0.0,0.4,lognorm,lognormal,True,0.7811443099546285
0.0,0.4,lognorm,lognormal,True,0.10614617726191163
0.0,0.4,lognorm,lognormal,True,0.0014610209130202724
0.0,0.4,lognorm,lognormal,True,0.04294712302183136
0.0,0.4,lognorm,lognormal,True,0.002185805536569367
0.0,0.4,lognorm,lognormal,True,0.01051864065618912
0.0,0.4,lognorm,lognormal,True,0.05964068319061146
0.0,0.4,lognorm,lognormal,True,1.1169029841707446e-10
0.0,0.4,lognorm,lognormal,True,0.887743283040552
0.0,0.4,lognorm,lognormal,True,0.1970216995392844
0.0,0.4,lognorm,lognormal,True,2.9448921091988696e-05
0.0,0.4,lognorm,lognormal,True,0.0010475383329155879
0.0,0.4,lognorm,lognormal,True,0.00034891264162936476
0.0,0.4,lognorm,lognormal,True,0.3030772469922732
0.0,0.4,lognorm,lognormal,True,0.007127973673546427
0.0,0.4,lognorm,lognormal,True,9.009813927240436e-07
0.0,0.4,lognorm,lognormal,True,0.6661056948975335
0.0,0.4,lognorm,lognormal,True,2.2753304821870927e-07
0.0,0.4,lognorm,lognormal,True,1.1084666003547687e-18
0.0,0.4,lognorm,lognormal,True,1.9646421493628054e-26
0.0,0.4,lognorm,lognormal,True,0.0008986428703475068
0.0,0.4,lognorm,lognormal,True,0.009170870535262035
0.0,0.4,lognorm,lognormal,True,0.24513350996442207
0.0,0.4,lognorm,lognormal,True,0.2506792323905832
0.0,0.4,lognorm,lognormal,True,0.12386384044449178
0.0,0.4,lognorm,lognormal,True,1.0682345645732802e-05
0.0,0.4,lognorm,lognormal,True,0.9150362128709474
0.0,0.4,lognorm,lognormal,True,2.87984933569498e-07
0.0,0.4,lognorm,lognormal,True,0.15716222207508487
0.0,0.4,lognorm,lognormal,True,0.0017443939259292422
0.0,0.4,lognorm,lognormal,True,0.26043884289290614
0.0,0.4,lognorm,lognormal,True,6.523539851145553e-06
0.0,0.4,lognorm,lognormal,True,1.0114398093153078e-18
0.0,0.4,lognorm,lognormal,True,0.002252099098925075
0.0,0.4,lognorm,lognormal,True,0.07039595528887875
0.0,0.4,lognorm,lognormal,True,2.5640326258647444e-08
0.0,0.4,lognorm,lognormal,True,0.03459897785561148
0.0,0.4,lognorm,lognormal,True,6.397828539331324e-08
0.0,0.4,lognorm,lognormal,True,0.010862363344568473
0.0,0.4,lognorm,lognormal,True,5.786046337397588e-06
0.0,0.4,lognorm,lognormal,True,0.30143272177845026
0.0,0.4,lognorm,lognormal,True,0.014934177166633561
0.0,0.4,lognorm,lognormal,True,0.08536833989039004
0.0,0.4,lognorm,lognormal,True,0.8026638672716222
0.0,0.4,lognorm,lognormal,True,0.10134788319411211
0.0,0.4,lognorm,lognormal,True,3.0039538470371583e-09
0.0,0.4,lognorm,lognormal,True,0.017357833785330137
0.0,0.4,lognorm,lognormal,True,0.001832059926628588
0.0,0.4,lognorm,lognormal,True,7.051699197441529e-10
0.0,0.4,lognorm,lognormal,True,0.26572944223343176
0.0,0.4,lognorm,lognormal,True,0.461303059132271
0.0,0.4,lognorm,lognormal,True,0.46853389192067296
0.0,0.4,lognorm,lognormal,True,7.850028564838947e-05
0.0,0.4,lognorm,lognormal,True,0.0027773502652183937
0.0,0.4,lognorm,lognormal,True,0.5732226091787119
0.0,0.4,lognorm,lognormal,True,3.197927520371853e-08
0.0,0.4,lognorm,lognormal,True,3.8059103370227504e-06
0.0,0.4,lognorm,lognormal,True,0.00040674469008626516
0.0,0.4,lognorm,lognormal,True,1.1965531846808427e-10
0.0,0.4,lognorm,lognormal,True,2.6971153389155727e-06
0.0,0.4,lognorm,lognormal,True,0.00021277010947792766
0.0,0.4,lognorm,lognormal,True,1.6861243349470698e-05
0.0,0.4,lognorm,lognormal,True,3.423652946780005e-14
0.0,0.4,lognorm,lognormal,True,3.2775563348613454e-09
0.0,0.4,lognorm,lognormal,True,0.5486431693915469
0.0,0.4,lognorm,lognormal,True,0.5713930907366189
0.0,0.4,lognorm,lognormal,True,3.3004632410356306e-15
0.0,0.4,lognorm,lognormal,True,0.964783149511713
0.0,0.4,lognorm,lognormal,True,1.6021091264614436e-28
0.0,0.4,lognorm,lognormal,True,5.3443865469009843e-05
0.0,0.4,lognorm,lognormal,True,4.137065082045245e-20
0.0,0.4,lognorm,lognormal,True,0.0016341457439768494
0.0,0.4,lognorm,lognormal,True,5.055793338233718e-28
0.0,0.4,lognorm,lognormal,True,0.01976153927195246
0.0,0.4,lognorm,lognormal,True,2.531346895687392e-24
0.0,0.4,lognorm,lognormal,True,0.10430828957966963
0.0,0.4,lognorm,lognormal,True,4.078797478298258e-05
0.0,0.4,lognorm,lognormal,True,1.54235185309992e-25
0.0,0.4,lognorm,lognormal,True,1.8304797263925314e-08
0.0,0.4,lognorm,lognormal,True,0.001382228635060694
0.0,0.4,lognorm,lognormal,True,0.1991189535163964
0.0,0.4,lognorm,lognormal,True,0.4723948468560466
0.0,0.4,lognorm,lognormal,True,7.261091468115244e-07
0.0,0.4,lognorm,lognormal,True,9.626039334525553e-06
0.0,0.4,lognorm,lognormal,True,5.607692182326543e-17
0.0,0.4,lognorm,lognormal,True,0.4055430500132061
0.0,0.4,lognorm,lognormal,True,0.00010189376441932311
0.0,0.4,lognorm,lognormal,True,4.71705197371922e-09
0.0,0.4,lognorm,lognormal,True,3.2194268132934863e-16
0.0,0.4,lognorm,lognormal,True,2.810142549285012e-15
0.0,0.4,lognorm,lognormal,True,0.5908635226582861
0.0,0.4,lognorm,lognormal,True,1.2109776862737562e-08
0.0,0.4,lognorm,lognormal,True,2.5451738831982737e-05
0.0,0.4,lognorm,lognormal,True,5.426531040754218e-15
0.0,0.4,lognorm,lognormal,True,0.0038681282651763416
0.0,0.4,lognorm,lognormal,True,0.3355370436268058
0.0,0.4,lognorm,lognormal,True,0.00823657761671439
0.0,0.4,lognorm,lognormal,True,0.9603879767245986
0.0,0.4,lognorm,lognormal,True,7.66600439527554e-06
0.0,0.4,lognorm,lognormal,True,0.5895660583315048
0.0,0.4,lognorm,lognormal,True,8.297205242788249e-09
0.0,0.4,lognorm,lognormal,True,0.597643905098842
0.0,0.4,lognorm,lognormal,True,2.5801778056855725e-22
0.0,0.4,lognorm,lognormal,True,0.0001338613555685908
0.0,0.4,lognorm,lognormal,True,4.276059399571257e-06
0.0,0.4,lognorm,lognormal,True,1.2790832191117687e-06
0.0,0.4,lognorm,lognormal,True,0.13456999835158265
0.0,0.4,lognorm,lognormal,True,6.170286484211054e-08
0.0,0.4,lognorm,lognormal,True,1.4645751597803142e-08
0.0,0.4,lognorm,lognormal,True,0.2931214413483241
0.0,0.4,lognorm,lognormal,True,5.517624016253498e-35
0.0,0.4,lognorm,lognormal,True,0.06618899067223259
0.0,0.4,lognorm,lognormal,True,0.006942537998244995
0.0,0.4,lognorm,lognormal,True,0.001065636885130541
0.0,0.4,lognorm,lognormal,True,1.572361131543243e-22
0.0,0.4,lognorm,lognormal,True,0.0001446755753403269
0.0,0.4,lognorm,lognormal,True,1.3012258853214288e-07
0.0,0.4,lognorm,lognormal,True,5.83277891054184e-13
0.0,0.4,lognorm,lognormal,True,0.005885657805845928
0.0,0.4,lognorm,lognormal,True,0.39932926674364244
0.0,0.4,lognorm,lognormal,True,4.177316030681783e-05
0.0,0.4,lognorm,lognormal,True,6.3950611167863984e-15
0.0,0.4,lognorm,lognormal,True,8.512573341243991e-10
0.0,0.4,lognorm,lognormal,True,6.966720040049624e-36
