tau,rho,est,dist,obs_conf,pvals
0.12,0.0,lognorm,lognormal,True,0.16554759425202353
0.12,0.0,lognorm,lognormal,True,0.00026047166151721727
0.12,0.0,lognorm,lognormal,True,0.058093034021737884
0.12,0.0,lognorm,lognormal,True,0.7067621627088135
0.12,0.0,lognorm,lognormal,True,6.320987507623299e-05
0.12,0.0,lognorm,lognormal,True,0.9865762728999619
0.12,0.0,lognorm,lognormal,True,4.996847347006816e-09
0.12,0.0,lognorm,lognormal,True,0.003896010236893099
0.12,0.0,lognorm,lognormal,True,0.029562188751427108
0.12,0.0,lognorm,lognormal,True,0.03578855464226182
0.12,0.0,lognorm,lognormal,True,0.045000254337803386
0.12,0.0,lognorm,lognormal,True,1.3097141586771785e-07
0.12,0.0,lognorm,lognormal,True,0.023502851517220896
0.12,0.0,lognorm,lognormal,True,0.00021105199972792075
0.12,0.0,lognorm,lognormal,True,0.0004309081374078893
0.12,0.0,lognorm,lognormal,True,0.00028011639209764527
0.12,0.0,lognorm,lognormal,True,1.4840753186658531e-05
0.12,0.0,lognorm,lognormal,True,0.06959856304535206
0.12,0.0,lognorm,lognormal,True,0.023809156600272007
0.12,0.0,lognorm,lognormal,True,0.25818342468666877
0.12,0.0,lognorm,lognormal,True,2.3646985614337826e-05
0.12,0.0,lognorm,lognormal,True,0.044232528206573286
0.12,0.0,lognorm,lognormal,True,0.036214715933776336
0.12,0.0,lognorm,lognormal,True,0.6031443522421114
0.12,0.0,lognorm,lognormal,True,0.05728610107991475
0.12,0.0,lognorm,lognormal,True,4.81279450163194e-07
0.12,0.0,lognorm,lognormal,True,6.740688882440604e-05
0.12,0.0,lognorm,lognormal,True,0.006581651420779323
0.12,0.0,lognorm,lognormal,True,3.56343088398347e-11
0.12,0.0,lognorm,lognormal,True,0.11136985153179764
0.12,0.0,lognorm,lognormal,True,0.5058293420973128
0.12,0.0,lognorm,lognormal,True,0.006627098575973424
0.12,0.0,lognorm,lognormal,True,0.0490997332571198
0.12,0.0,lognorm,lognormal,True,0.08437977536212359
0.12,0.0,lognorm,lognormal,True,0.004536992256868168
0.12,0.0,lognorm,lognormal,True,0.5584064416903551
0.12,0.0,lognorm,lognormal,True,0.0004941583332949723
0.12,0.0,lognorm,lognormal,True,0.03309627814243526
0.12,0.0,lognorm,lognormal,True,0.0897175229716846
0.12,0.0,lognorm,lognormal,True,0.746694643405667
0.12,0.0,lognorm,lognormal,True,3.5561963420664578e-06
0.12,0.0,lognorm,lognormal,True,0.9546582121396572
0.12,0.0,lognorm,lognormal,True,4.4320718957104985e-06
0.12,0.0,lognorm,lognormal,True,1.9956337812151096e-06
0.12,0.0,lognorm,lognormal,True,0.28234536167336277
0.12,0.0,lognorm,lognormal,True,4.35158517939964e-05
0.12,0.0,lognorm,lognormal,True,0.0014533174330191155
0.12,0.0,lognorm,lognormal,True,0.019506901233951688
0.12,0.0,lognorm,lognormal,True,0.7941701677476466
0.12,0.0,lognorm,lognormal,True,3.2791963265408754e-05
0.12,0.0,lognorm,lognormal,True,0.00983222719427893
0.12,0.0,lognorm,lognormal,True,3.2855169399740593e-09
0.12,0.0,lognorm,lognormal,True,0.00033169798470567013
0.12,0.0,lognorm,lognormal,True,0.09322328360659261
0.12,0.0,lognorm,lognormal,True,0.0010137602230393524
0.12,0.0,lognorm,lognormal,True,0.05534698280848459
0.12,0.0,lognorm,lognormal,True,1.825230425657943e-05
0.12,0.0,lognorm,lognormal,True,0.00012116107097759055
0.12,0.0,lognorm,lognormal,True,0.03395474042469959
0.12,0.0,lognorm,lognormal,True,0.0005495683989832085
0.12,0.0,lognorm,lognormal,True,2.105440746265449e-05
0.12,0.0,lognorm,lognormal,True,0.08746746404493888
0.12,0.0,lognorm,lognormal,True,0.4207022457246897
0.12,0.0,lognorm,lognormal,True,5.499904244705162e-07
0.12,0.0,lognorm,lognormal,True,0.004390021433617942
0.12,0.0,lognorm,lognormal,True,0.01023649155642005
0.12,0.0,lognorm,lognormal,True,0.4267181629626634
0.12,0.0,lognorm,lognormal,True,0.14572611660048873
0.12,0.0,lognorm,lognormal,True,0.0033371302737707645
0.12,0.0,lognorm,lognormal,True,0.29512240845742477
0.12,0.0,lognorm,lognormal,True,4.550524372486752e-10
0.12,0.0,lognorm,lognormal,True,0.9139310459285401
0.12,0.0,lognorm,lognormal,True,0.023365598060791026
0.12,0.0,lognorm,lognormal,True,3.8588067428168843e-10
0.12,0.0,lognorm,lognormal,True,9.636397423243287e-06
0.12,0.0,lognorm,lognormal,True,0.347355633482778
0.12,0.0,lognorm,lognormal,True,0.0024179419075802187
0.12,0.0,lognorm,lognormal,True,0.0004560983633087941
0.12,0.0,lognorm,lognormal,True,0.9883327545944871
0.12,0.0,lognorm,lognormal,True,0.731998666548044
0.12,0.0,lognorm,lognormal,True,0.6732494236071542
0.12,0.0,lognorm,lognormal,True,0.2582268432229166
0.12,0.0,lognorm,lognormal,True,0.31923782471826284
0.12,0.0,lognorm,lognormal,True,0.00012790711730929937
0.12,0.0,lognorm,lognormal,True,2.2974778948881133e-07
0.12,0.0,lognorm,lognormal,True,1.6268420967916042e-06
0.12,0.0,lognorm,lognormal,True,0.26930676405658693
0.12,0.0,lognorm,lognormal,True,0.14521207212541412
0.12,0.0,lognorm,lognormal,True,0.0003950297381659601
0.12,0.0,lognorm,lognormal,True,0.3778528464523162
0.12,0.0,lognorm,lognormal,True,3.9597364675822314e-08
0.12,0.0,lognorm,lognormal,True,0.1664333665435424
0.12,0.0,lognorm,lognormal,True,0.009373988911889343
0.12,0.0,lognorm,lognormal,True,0.05689209023488095
0.12,0.0,lognorm,lognormal,True,4.697176622451501e-05
0.12,0.0,lognorm,lognormal,True,0.13879043623608764
0.12,0.0,lognorm,lognormal,True,0.9558871114231962
0.12,0.0,lognorm,lognormal,True,0.002776147572933167
0.12,0.0,lognorm,lognormal,True,0.6784328176705869
0.12,0.0,lognorm,lognormal,True,0.011500402045344211
0.12,0.0,lognorm,lognormal,True,0.0002413767656095493
0.12,0.0,lognorm,lognormal,True,9.285046492012347e-05
0.12,0.0,lognorm,lognormal,True,0.009614843547591765
0.12,0.0,lognorm,lognormal,True,0.29705349234764056
0.12,0.0,lognorm,lognormal,True,0.5295439178702428
0.12,0.0,lognorm,lognormal,True,0.8957339984106045
0.12,0.0,lognorm,lognormal,True,0.00978992838273247
0.12,0.0,lognorm,lognormal,True,4.488450491312528e-05
0.12,0.0,lognorm,lognormal,True,0.6777977299825071
0.12,0.0,lognorm,lognormal,True,1.4625012900814212e-06
0.12,0.0,lognorm,lognormal,True,0.0003199056915229623
0.12,0.0,lognorm,lognormal,True,7.163896259799472e-05
0.12,0.0,lognorm,lognormal,True,7.163394108457175e-10
0.12,0.0,lognorm,lognormal,True,0.0005900722821806567
0.12,0.0,lognorm,lognormal,True,0.01036789507960427
0.12,0.0,lognorm,lognormal,True,0.00647658645676382
0.12,0.0,lognorm,lognormal,True,2.099152575242076e-07
0.12,0.0,lognorm,lognormal,True,0.7855167448200088
0.12,0.0,lognorm,lognormal,True,0.005813212937619002
0.12,0.0,lognorm,lognormal,True,3.2043911748265304e-05
0.12,0.0,lognorm,lognormal,True,0.1703992680486116
0.12,0.0,lognorm,lognormal,True,4.0620011917136224e-05
0.12,0.0,lognorm,lognormal,True,0.002951191774956145
0.12,0.0,lognorm,lognormal,True,0.004597406059378414
0.12,0.0,lognorm,lognormal,True,0.47073245861487023
0.12,0.0,lognorm,lognormal,True,2.5680798026365447e-05
0.12,0.0,lognorm,lognormal,True,0.5326048208182687
0.12,0.0,lognorm,lognormal,True,1.3220965579576928e-05
0.12,0.0,lognorm,lognormal,True,0.02612714772912018
0.12,0.0,lognorm,lognormal,True,0.15186333814691688
0.12,0.0,lognorm,lognormal,True,2.8762386798046883e-07
0.12,0.0,lognorm,lognormal,True,1.972149742856278e-05
0.12,0.0,lognorm,lognormal,True,5.955374656041961e-05
0.12,0.0,lognorm,lognormal,True,0.04833598212697539
0.12,0.0,lognorm,lognormal,True,0.022446450523633858
0.12,0.0,lognorm,lognormal,True,0.3883581342043666
0.12,0.0,lognorm,lognormal,True,0.00039157006301300887
0.12,0.0,lognorm,lognormal,True,0.0003774563426612859
0.12,0.0,lognorm,lognormal,True,0.04077327091400304
0.12,0.0,lognorm,lognormal,True,0.004722244980050692
0.12,0.0,lognorm,lognormal,True,0.03941001257656263
0.12,0.0,lognorm,lognormal,True,0.33326882546839565
0.12,0.0,lognorm,lognormal,True,0.35226607293890366
0.12,0.0,lognorm,lognormal,True,0.03189753922221903
0.12,0.0,lognorm,lognormal,True,1.9734577760505035e-05
0.12,0.0,lognorm,lognormal,True,0.00026132107731505525
0.12,0.0,lognorm,lognormal,True,1.204366847051899e-08
0.12,0.0,lognorm,lognormal,True,0.00918058153985476
0.12,0.0,lognorm,lognormal,True,0.0013452340112729908
0.12,0.0,lognorm,lognormal,True,0.018407524166878422
0.12,0.0,lognorm,lognormal,True,4.302891470912678e-11
0.12,0.0,lognorm,lognormal,True,0.4120986503312274
0.12,0.0,lognorm,lognormal,True,1.6127848205495014e-05
0.12,0.0,lognorm,lognormal,True,0.003297340920975517
0.12,0.0,lognorm,lognormal,True,0.5300434814266151
0.12,0.0,lognorm,lognormal,True,0.0007738510925117023
0.12,0.0,lognorm,lognormal,True,0.007506525656785612
0.12,0.0,lognorm,lognormal,True,0.0069335875988397865
0.12,0.0,lognorm,lognormal,True,0.9154407398919535
0.12,0.0,lognorm,lognormal,True,1.0409611404354388e-06
0.12,0.0,lognorm,lognormal,True,1.2697085202810054e-09
0.12,0.0,lognorm,lognormal,True,0.5206705823161579
0.12,0.0,lognorm,lognormal,True,0.07974742450083111
0.12,0.0,lognorm,lognormal,True,3.609575848023985e-06
0.12,0.0,lognorm,lognormal,True,0.0007875920941017451
0.12,0.0,lognorm,lognormal,True,0.5206618714446689
0.12,0.0,lognorm,lognormal,True,0.07710394407426303
0.12,0.0,lognorm,lognormal,True,0.8801555953307844
0.12,0.0,lognorm,lognormal,True,0.4522908361497082
0.12,0.0,lognorm,lognormal,True,0.0016256425206866516
0.12,0.0,lognorm,lognormal,True,0.1729659237444921
0.12,0.0,lognorm,lognormal,True,0.18025062226492733
0.12,0.0,lognorm,lognormal,True,0.001018926472381787
0.12,0.0,lognorm,lognormal,True,0.013801110279523942
0.12,0.0,lognorm,lognormal,True,0.2351846865585409
0.12,0.0,lognorm,lognormal,True,0.001959235406072013
0.12,0.0,lognorm,lognormal,True,0.16785239643097508
0.12,0.0,lognorm,lognormal,True,0.0045879801414238355
0.12,0.0,lognorm,lognormal,True,0.15221876216646357
0.12,0.0,lognorm,lognormal,True,0.00033745217438910366
0.12,0.0,lognorm,lognormal,True,0.00014332204990305644
0.12,0.0,lognorm,lognormal,True,0.0003148010600906502
0.12,0.0,lognorm,lognormal,True,0.00013129066620611878
0.12,0.0,lognorm,lognormal,True,0.005855583478051825
0.12,0.0,lognorm,lognormal,True,0.660674629255604
0.12,0.0,lognorm,lognormal,True,5.334759688126187e-06
0.12,0.0,lognorm,lognormal,True,0.017412218336446513
0.12,0.0,lognorm,lognormal,True,0.5702328082305078
0.12,0.0,lognorm,lognormal,True,0.49970451273216976
0.12,0.0,lognorm,lognormal,True,5.036207662257844e-10
0.12,0.0,lognorm,lognormal,True,0.002600906610505462
0.12,0.0,lognorm,lognormal,True,0.32351819997421477
0.12,0.0,lognorm,lognormal,True,0.0004313684524587413
0.12,0.0,lognorm,lognormal,True,0.5160573012126779
0.12,0.0,lognorm,lognormal,True,0.7443542612850119
0.12,0.0,lognorm,lognormal,True,0.00020732252984416295
0.12,0.0,lognorm,lognormal,True,0.059184180135193644
0.12,0.0,lognorm,lognormal,True,5.2495062254732715e-06
0.12,0.0,lognorm,lognormal,True,0.4843681711127459
0.12,0.0,lognorm,lognormal,True,0.15413765264280047
