tau,rho,est,dist,obs_conf,pvals
0.12,0.0,mvnorm,lognormal,True,0.6160039918166147
0.12,0.0,mvnorm,lognormal,True,1.4543035474831114e-05
0.12,0.0,mvnorm,lognormal,True,0.4615819673626861
0.12,0.0,mvnorm,lognormal,True,1.7973650044077518e-11
0.12,0.0,mvnorm,lognormal,True,0.0007357027358415955
0.12,0.0,mvnorm,lognormal,True,0.0005770854522990115
0.12,0.0,mvnorm,lognormal,True,0.24457565703042114
0.12,0.0,mvnorm,lognormal,True,2.0264597396834228e-10
0.12,0.0,mvnorm,lognormal,True,0.0652441539674274
0.12,0.0,mvnorm,lognormal,True,2.0602258845713886e-06
0.12,0.0,mvnorm,lognormal,True,0.6200057939885943
0.12,0.0,mvnorm,lognormal,True,0.17677876907785933
0.12,0.0,mvnorm,lognormal,True,5.011945369850516e-06
0.12,0.0,mvnorm,lognormal,True,0.1659889658956649
0.12,0.0,mvnorm,lognormal,True,0.1505760030662978
0.12,0.0,mvnorm,lognormal,True,0.9388612892644078
0.12,0.0,mvnorm,lognormal,True,2.2781050958414705e-07
0.12,0.0,mvnorm,lognormal,True,0.002883870737189748
0.12,0.0,mvnorm,lognormal,True,0.010202873869460312
0.12,0.0,mvnorm,lognormal,True,1.5262642528914718e-10
0.12,0.0,mvnorm,lognormal,True,1.9080818802721016e-10
0.12,0.0,mvnorm,lognormal,True,0.27304317790324295
0.12,0.0,mvnorm,lognormal,True,1.5356080970489988e-11
0.12,0.0,mvnorm,lognormal,True,0.07102065841529401
0.12,0.0,mvnorm,lognormal,True,0.20886915337134213
0.12,0.0,mvnorm,lognormal,True,0.00013227107845380565
0.12,0.0,mvnorm,lognormal,True,0.46302388097073655
0.12,0.0,mvnorm,lognormal,True,1.2670066929390457e-06
0.12,0.0,mvnorm,lognormal,True,0.002098199383672786
0.12,0.0,mvnorm,lognormal,True,0.010670680426005889
0.12,0.0,mvnorm,lognormal,True,0.021826175204915567
0.12,0.0,mvnorm,lognormal,True,5.933379926509605e-07
0.12,0.0,mvnorm,lognormal,True,0.5693625493552138
0.12,0.0,mvnorm,lognormal,True,3.300799303260104e-05
0.12,0.0,mvnorm,lognormal,True,0.3992596760329248
0.12,0.0,mvnorm,lognormal,True,0.036832742906717446
0.12,0.0,mvnorm,lognormal,True,0.001508798535407598
0.12,0.0,mvnorm,lognormal,True,0.012574849915664155
0.12,0.0,mvnorm,lognormal,True,0.5733848338116285
0.12,0.0,mvnorm,lognormal,True,0.0016223739278721837
0.12,0.0,mvnorm,lognormal,True,0.8049276773392757
0.12,0.0,mvnorm,lognormal,True,0.791310070590335
0.12,0.0,mvnorm,lognormal,True,8.643724622587362e-12
0.12,0.0,mvnorm,lognormal,True,0.01820804226576619
0.12,0.0,mvnorm,lognormal,True,3.70726273850294e-05
0.12,0.0,mvnorm,lognormal,True,5.7546211622034676e-05
0.12,0.0,mvnorm,lognormal,True,0.4836898330415613
0.12,0.0,mvnorm,lognormal,True,0.0021832388822999225
0.12,0.0,mvnorm,lognormal,True,0.0006070870783536075
0.12,0.0,mvnorm,lognormal,True,8.298987100833938e-11
0.12,0.0,mvnorm,lognormal,True,3.147643763153579e-06
0.12,0.0,mvnorm,lognormal,True,0.0001290476198025608
0.12,0.0,mvnorm,lognormal,True,8.26140294073613e-08
0.12,0.0,mvnorm,lognormal,True,2.935219960691039e-12
0.12,0.0,mvnorm,lognormal,True,0.648034149268754
0.12,0.0,mvnorm,lognormal,True,0.01720585994633606
0.12,0.0,mvnorm,lognormal,True,0.005435638898565797
0.12,0.0,mvnorm,lognormal,True,0.24361522118683349
0.12,0.0,mvnorm,lognormal,True,0.12993844529056334
0.12,0.0,mvnorm,lognormal,True,1.1326825358573026e-05
0.12,0.0,mvnorm,lognormal,True,0.08834021971963407
0.12,0.0,mvnorm,lognormal,True,9.986605945837971e-11
0.12,0.0,mvnorm,lognormal,True,0.26180945815198836
0.12,0.0,mvnorm,lognormal,True,0.42379103304572197
0.12,0.0,mvnorm,lognormal,True,3.1292186873236726e-06
0.12,0.0,mvnorm,lognormal,True,0.0006655693962040056
0.12,0.0,mvnorm,lognormal,True,0.003481409513986719
0.12,0.0,mvnorm,lognormal,True,0.39970313811317604
0.12,0.0,mvnorm,lognormal,True,1.3598329485338526e-07
0.12,0.0,mvnorm,lognormal,True,0.9413527615036454
0.12,0.0,mvnorm,lognormal,True,0.14384256179125054
0.12,0.0,mvnorm,lognormal,True,0.9331763638903579
0.12,0.0,mvnorm,lognormal,True,0.45624651169999864
0.12,0.0,mvnorm,lognormal,True,1.0427474581609766e-07
0.12,0.0,mvnorm,lognormal,True,0.9214281234969545
0.12,0.0,mvnorm,lognormal,True,8.46968155980294e-08
0.12,0.0,mvnorm,lognormal,True,6.119596274569882e-05
0.12,0.0,mvnorm,lognormal,True,3.492603947923952e-06
0.12,0.0,mvnorm,lognormal,True,0.006901784050961776
0.12,0.0,mvnorm,lognormal,True,1.5540331279327574e-07
0.12,0.0,mvnorm,lognormal,True,0.007010844093290991
0.12,0.0,mvnorm,lognormal,True,0.30916462164542713
0.12,0.0,mvnorm,lognormal,True,0.00010503672304115759
0.12,0.0,mvnorm,lognormal,True,0.01228828578734599
0.12,0.0,mvnorm,lognormal,True,8.934046707249716e-06
0.12,0.0,mvnorm,lognormal,True,0.8364129392031193
0.12,0.0,mvnorm,lognormal,True,0.0001822710198207783
0.12,0.0,mvnorm,lognormal,True,0.002377798481860896
0.12,0.0,mvnorm,lognormal,True,0.09583059296936944
0.12,0.0,mvnorm,lognormal,True,0.3029378767145658
0.12,0.0,mvnorm,lognormal,True,0.22369242599673697
0.12,0.0,mvnorm,lognormal,True,0.006369397861918468
0.12,0.0,mvnorm,lognormal,True,2.23753869643656e-09
0.12,0.0,mvnorm,lognormal,True,0.00011119636626614966
0.12,0.0,mvnorm,lognormal,True,0.0005960393152971695
0.12,0.0,mvnorm,lognormal,True,0.2662757797000137
0.12,0.0,mvnorm,lognormal,True,0.00023412261103510144
0.12,0.0,mvnorm,lognormal,True,0.000605359733160473
0.12,0.0,mvnorm,lognormal,True,0.9008543011148025
0.12,0.0,mvnorm,lognormal,True,0.04354045325003604
0.12,0.0,mvnorm,lognormal,True,1.0189699190450548e-09
0.12,0.0,mvnorm,lognormal,True,5.778099062592709e-06
0.12,0.0,mvnorm,lognormal,True,0.03370227513791682
0.12,0.0,mvnorm,lognormal,True,6.474106123703293e-06
0.12,0.0,mvnorm,lognormal,True,5.684236335975624e-07
0.12,0.0,mvnorm,lognormal,True,2.509797419102809e-05
0.12,0.0,mvnorm,lognormal,True,4.481892577640224e-12
0.12,0.0,mvnorm,lognormal,True,0.0071766415534994625
0.12,0.0,mvnorm,lognormal,True,0.31878522905495843
0.12,0.0,mvnorm,lognormal,True,6.962769387895734e-10
0.12,0.0,mvnorm,lognormal,True,0.4862576092455114
0.12,0.0,mvnorm,lognormal,True,0.23896740952201423
0.12,0.0,mvnorm,lognormal,True,0.05042866996269306
0.12,0.0,mvnorm,lognormal,True,0.19986646420234896
0.12,0.0,mvnorm,lognormal,True,0.005428524311817006
0.12,0.0,mvnorm,lognormal,True,0.011070673188760887
0.12,0.0,mvnorm,lognormal,True,0.08803277223875847
0.12,0.0,mvnorm,lognormal,True,0.08325034508992615
0.12,0.0,mvnorm,lognormal,True,0.48510376126246346
0.12,0.0,mvnorm,lognormal,True,0.15962233134091336
0.12,0.0,mvnorm,lognormal,True,0.013027227511685677
0.12,0.0,mvnorm,lognormal,True,0.005511036076269403
0.12,0.0,mvnorm,lognormal,True,0.4002154079918663
0.12,0.0,mvnorm,lognormal,True,0.0784566608493128
0.12,0.0,mvnorm,lognormal,True,1.9636128407188263e-16
0.12,0.0,mvnorm,lognormal,True,1.5012854288791568e-05
0.12,0.0,mvnorm,lognormal,True,0.0004829735257695998
0.12,0.0,mvnorm,lognormal,True,4.279367990979973e-12
0.12,0.0,mvnorm,lognormal,True,0.23714556587586377
0.12,0.0,mvnorm,lognormal,True,0.014255805820123126
0.12,0.0,mvnorm,lognormal,True,0.21077717981284394
0.12,0.0,mvnorm,lognormal,True,0.024881514321046627
0.12,0.0,mvnorm,lognormal,True,0.18445889683998407
0.12,0.0,mvnorm,lognormal,True,0.0179196521602387
0.12,0.0,mvnorm,lognormal,True,0.7513785039998429
0.12,0.0,mvnorm,lognormal,True,8.702662855570492e-09
0.12,0.0,mvnorm,lognormal,True,0.4156140182634245
0.12,0.0,mvnorm,lognormal,True,0.014551237495655508
0.12,0.0,mvnorm,lognormal,True,0.017345606784747822
0.12,0.0,mvnorm,lognormal,True,0.3457367010374286
0.12,0.0,mvnorm,lognormal,True,7.50256596892721e-07
0.12,0.0,mvnorm,lognormal,True,0.00039609356848428653
0.12,0.0,mvnorm,lognormal,True,3.843002297692234e-07
0.12,0.0,mvnorm,lognormal,True,0.023694859808200047
0.12,0.0,mvnorm,lognormal,True,0.0008725446704521055
0.12,0.0,mvnorm,lognormal,True,0.5312755625223459
0.12,0.0,mvnorm,lognormal,True,3.281635144825448e-11
0.12,0.0,mvnorm,lognormal,True,0.309273837139932
0.12,0.0,mvnorm,lognormal,True,0.9778119494088806
0.12,0.0,mvnorm,lognormal,True,0.09664967410246492
0.12,0.0,mvnorm,lognormal,True,0.1074403208084512
0.12,0.0,mvnorm,lognormal,True,0.20397718306431836
0.12,0.0,mvnorm,lognormal,True,0.02124937116287436
0.12,0.0,mvnorm,lognormal,True,0.16784010962324386
0.12,0.0,mvnorm,lognormal,True,1.9852996099585125e-05
0.12,0.0,mvnorm,lognormal,True,0.2892684254289585
0.12,0.0,mvnorm,lognormal,True,1.0536785553701664e-08
0.12,0.0,mvnorm,lognormal,True,0.3293145699912633
0.12,0.0,mvnorm,lognormal,True,0.02077963831170833
0.12,0.0,mvnorm,lognormal,True,1.0116436400233583e-05
0.12,0.0,mvnorm,lognormal,True,5.260552140125505e-06
0.12,0.0,mvnorm,lognormal,True,3.0024633744011412e-06
0.12,0.0,mvnorm,lognormal,True,0.09333209192436208
0.12,0.0,mvnorm,lognormal,True,0.5545334973251179
0.12,0.0,mvnorm,lognormal,True,0.0013391226284534853
0.12,0.0,mvnorm,lognormal,True,5.643020251611242e-17
0.12,0.0,mvnorm,lognormal,True,0.011638764484256261
0.12,0.0,mvnorm,lognormal,True,6.283536069487903e-05
0.12,0.0,mvnorm,lognormal,True,3.978801248353392e-12
0.12,0.0,mvnorm,lognormal,True,0.17671307907585126
0.12,0.0,mvnorm,lognormal,True,0.33754543609231474
0.12,0.0,mvnorm,lognormal,True,0.00010897959261508137
0.12,0.0,mvnorm,lognormal,True,0.8046349958860912
0.12,0.0,mvnorm,lognormal,True,0.0002633836315875137
0.12,0.0,mvnorm,lognormal,True,0.003498427455375185
0.12,0.0,mvnorm,lognormal,True,0.06139202003480503
0.12,0.0,mvnorm,lognormal,True,0.0038703665687570667
0.12,0.0,mvnorm,lognormal,True,0.0003706161200896025
0.12,0.0,mvnorm,lognormal,True,2.069795357007215e-06
0.12,0.0,mvnorm,lognormal,True,2.289137059439735e-06
0.12,0.0,mvnorm,lognormal,True,0.02382197795830725
0.12,0.0,mvnorm,lognormal,True,1.0144395271626386e-16
0.12,0.0,mvnorm,lognormal,True,0.00031524324836998223
0.12,0.0,mvnorm,lognormal,True,4.905356647031947e-06
0.12,0.0,mvnorm,lognormal,True,0.0034562846169349164
0.12,0.0,mvnorm,lognormal,True,5.924050099688768e-05
0.12,0.0,mvnorm,lognormal,True,0.27383003841193904
0.12,0.0,mvnorm,lognormal,True,0.0012473770550864602
0.12,0.0,mvnorm,lognormal,True,0.030356101173082038
0.12,0.0,mvnorm,lognormal,True,0.19175198874085997
0.12,0.0,mvnorm,lognormal,True,0.0011334411581535267
0.12,0.0,mvnorm,lognormal,True,1.0956209496149537e-09
0.12,0.0,mvnorm,lognormal,True,0.03743877347543751
0.12,0.0,mvnorm,lognormal,True,0.9537062242174179
0.12,0.0,mvnorm,lognormal,True,0.9554946099684114
0.12,0.0,mvnorm,lognormal,True,2.0867366817139433e-07
0.12,0.0,mvnorm,lognormal,True,3.4828971088658342e-09
0.12,0.0,mvnorm,lognormal,True,0.2728648114030069
0.12,0.0,mvnorm,lognormal,True,0.0003982869995473819
0.12,0.0,mvnorm,lognormal,True,0.11919213506173981
