tau,rho,est,dist,obs_conf,pvals
0.15,-0.4,lognorm,lognormal,True,2.1038466639914414e-05
0.15,-0.4,lognorm,lognormal,True,9.19591710987012e-36
0.15,-0.4,lognorm,lognormal,True,3.442416886827053e-21
0.15,-0.4,lognorm,lognormal,True,3.023876063019852e-14
0.15,-0.4,lognorm,lognormal,True,0.00563473915422701
0.15,-0.4,lognorm,lognormal,True,0.417101804404881
0.15,-0.4,lognorm,lognormal,True,2.1550267754491e-22
0.15,-0.4,lognorm,lognormal,True,1.3863827030727636e-05
0.15,-0.4,lognorm,lognormal,True,1.1035849692714961e-13
0.15,-0.4,lognorm,lognormal,True,5.7851302843987205e-05
0.15,-0.4,lognorm,lognormal,True,1.158474453423078e-08
0.15,-0.4,lognorm,lognormal,True,6.701501366888668e-05
0.15,-0.4,lognorm,lognormal,True,2.9945506225628085e-13
0.15,-0.4,lognorm,lognormal,True,1.9603381672185714e-07
0.15,-0.4,lognorm,lognormal,True,1.4809585364229416e-05
0.15,-0.4,lognorm,lognormal,True,0.005582059169894461
0.15,-0.4,lognorm,lognormal,True,0.048067348456264015
0.15,-0.4,lognorm,lognormal,True,8.704398017930472e-26
0.15,-0.4,lognorm,lognormal,True,0.03769761415177067
0.15,-0.4,lognorm,lognormal,True,0.07516637807159644
0.15,-0.4,lognorm,lognormal,True,0.621347958615195
0.15,-0.4,lognorm,lognormal,True,8.611769599479663e-12
0.15,-0.4,lognorm,lognormal,True,2.983305743047642e-42
0.15,-0.4,lognorm,lognormal,True,0.7367640074831946
0.15,-0.4,lognorm,lognormal,True,7.421863719920662e-10
0.15,-0.4,lognorm,lognormal,True,2.285778536821952e-05
0.15,-0.4,lognorm,lognormal,True,1.2793668477805153e-06
0.15,-0.4,lognorm,lognormal,True,0.00036295457656839374
0.15,-0.4,lognorm,lognormal,True,4.8286910601789975e-08
0.15,-0.4,lognorm,lognormal,True,0.0038382379415345543
0.15,-0.4,lognorm,lognormal,True,7.354231825450767e-19
0.15,-0.4,lognorm,lognormal,True,0.3271700469457
0.15,-0.4,lognorm,lognormal,True,3.983864345634223e-21
0.15,-0.4,lognorm,lognormal,True,0.0025602939551915343
0.15,-0.4,lognorm,lognormal,True,0.5986788001324619
0.15,-0.4,lognorm,lognormal,True,1.966326116107088e-43
0.15,-0.4,lognorm,lognormal,True,0.07088022556939866
0.15,-0.4,lognorm,lognormal,True,0.004751848231899271
0.15,-0.4,lognorm,lognormal,True,0.5965818433673824
0.15,-0.4,lognorm,lognormal,True,0.009328757494258181
0.15,-0.4,lognorm,lognormal,True,1.1188110394339523e-08
0.15,-0.4,lognorm,lognormal,True,0.0004195949066911625
0.15,-0.4,lognorm,lognormal,True,4.4785551642816476e-11
0.15,-0.4,lognorm,lognormal,True,0.6510030713875965
0.15,-0.4,lognorm,lognormal,True,0.13872185058816008
0.15,-0.4,lognorm,lognormal,True,0.1790778124681323
0.15,-0.4,lognorm,lognormal,True,0.5436526120021099
0.15,-0.4,lognorm,lognormal,True,8.567735596639703e-07
0.15,-0.4,lognorm,lognormal,True,0.09411690352943139
0.15,-0.4,lognorm,lognormal,True,1.3958256129369808e-08
0.15,-0.4,lognorm,lognormal,True,2.1454438618686324e-55
0.15,-0.4,lognorm,lognormal,True,0.5688077631452677
0.15,-0.4,lognorm,lognormal,True,0.0062346634160755305
0.15,-0.4,lognorm,lognormal,True,1.1526694662101214e-24
0.15,-0.4,lognorm,lognormal,True,1.354869212154648e-23
0.15,-0.4,lognorm,lognormal,True,0.02359334788719161
0.15,-0.4,lognorm,lognormal,True,0.0009803676101855846
0.15,-0.4,lognorm,lognormal,True,1.8566119293876984e-05
0.15,-0.4,lognorm,lognormal,True,0.0005308619335634593
0.15,-0.4,lognorm,lognormal,True,1.635441370331655e-16
0.15,-0.4,lognorm,lognormal,True,0.0023509185477047856
0.15,-0.4,lognorm,lognormal,True,6.012368981887235e-24
0.15,-0.4,lognorm,lognormal,True,6.757802316645178e-15
0.15,-0.4,lognorm,lognormal,True,2.001716663459847e-05
0.15,-0.4,lognorm,lognormal,True,0.31197364970323893
0.15,-0.4,lognorm,lognormal,True,5.36996983441473e-06
0.15,-0.4,lognorm,lognormal,True,0.208227518515612
0.15,-0.4,lognorm,lognormal,True,0.5883354180026551
0.15,-0.4,lognorm,lognormal,True,1.5084466922640492e-06
0.15,-0.4,lognorm,lognormal,True,0.3040047503416245
0.15,-0.4,lognorm,lognormal,True,5.1582074212679444e-21
0.15,-0.4,lognorm,lognormal,True,5.8039044993890365e-11
0.15,-0.4,lognorm,lognormal,True,0.06674287651808888
0.15,-0.4,lognorm,lognormal,True,0.10642217637157061
0.15,-0.4,lognorm,lognormal,True,0.969553288146006
0.15,-0.4,lognorm,lognormal,True,0.17643282475247854
0.15,-0.4,lognorm,lognormal,True,0.46465721833841633
0.15,-0.4,lognorm,lognormal,True,5.6584381824420765e-12
0.15,-0.4,lognorm,lognormal,True,3.2541656943324963e-07
0.15,-0.4,lognorm,lognormal,True,0.15126520242671104
0.15,-0.4,lognorm,lognormal,True,0.4992729806659828
0.15,-0.4,lognorm,lognormal,True,0.35283615639165267
0.15,-0.4,lognorm,lognormal,True,6.28582173698061e-15
0.15,-0.4,lognorm,lognormal,True,0.053036735833115856
0.15,-0.4,lognorm,lognormal,True,1.188140927065748e-22
0.15,-0.4,lognorm,lognormal,True,1.1072622371999346e-22
0.15,-0.4,lognorm,lognormal,True,2.5586127744931386e-08
0.15,-0.4,lognorm,lognormal,True,3.2281525871115535e-12
0.15,-0.4,lognorm,lognormal,True,4.631806719682389e-12
0.15,-0.4,lognorm,lognormal,True,0.1526798234356702
0.15,-0.4,lognorm,lognormal,True,9.18770215294793e-33
0.15,-0.4,lognorm,lognormal,True,1.4717952451589632e-29
0.15,-0.4,lognorm,lognormal,True,0.16662321038710354
0.15,-0.4,lognorm,lognormal,True,4.1164831022971865e-32
0.15,-0.4,lognorm,lognormal,True,3.980249581802344e-10
0.15,-0.4,lognorm,lognormal,True,1.5064866399509489e-33
0.15,-0.4,lognorm,lognormal,True,2.9260075169856863e-21
0.15,-0.4,lognorm,lognormal,True,0.4953102462693869
0.15,-0.4,lognorm,lognormal,True,0.8933730727430311
0.15,-0.4,lognorm,lognormal,True,0.0021490317553522955
0.15,-0.4,lognorm,lognormal,True,2.9863666927309076e-10
0.15,-0.4,lognorm,lognormal,True,2.3498094737555356e-38
0.15,-0.4,lognorm,lognormal,True,0.001819316959130622
0.15,-0.4,lognorm,lognormal,True,0.5830574770814121
0.15,-0.4,lognorm,lognormal,True,0.8072858290254923
0.15,-0.4,lognorm,lognormal,True,4.392610091252297e-06
0.15,-0.4,lognorm,lognormal,True,3.663411518349057e-14
0.15,-0.4,lognorm,lognormal,True,0.000590069577043803
0.15,-0.4,lognorm,lognormal,True,1.5790265792535863e-24
0.15,-0.4,lognorm,lognormal,True,2.3177820404856674e-10
0.15,-0.4,lognorm,lognormal,True,2.9114704448872307e-10
0.15,-0.4,lognorm,lognormal,True,0.19995092674766296
0.15,-0.4,lognorm,lognormal,True,6.460773914967121e-08
0.15,-0.4,lognorm,lognormal,True,0.0012663461274591736
0.15,-0.4,lognorm,lognormal,True,0.000104454167461933
0.15,-0.4,lognorm,lognormal,True,0.2781458918616826
0.15,-0.4,lognorm,lognormal,True,3.0987343063475624e-06
0.15,-0.4,lognorm,lognormal,True,0.04816796089020914
0.15,-0.4,lognorm,lognormal,True,0.9346929587390633
0.15,-0.4,lognorm,lognormal,True,1.2674704919623545e-06
0.15,-0.4,lognorm,lognormal,True,0.055820324926604
0.15,-0.4,lognorm,lognormal,True,0.05611075998056172
0.15,-0.4,lognorm,lognormal,True,0.16034741009093303
0.15,-0.4,lognorm,lognormal,True,2.41495311615412e-25
0.15,-0.4,lognorm,lognormal,True,2.644479206430635e-16
0.15,-0.4,lognorm,lognormal,True,0.0004539513366198129
0.15,-0.4,lognorm,lognormal,True,0.9572048273250071
0.15,-0.4,lognorm,lognormal,True,1.2370218670142435e-07
0.15,-0.4,lognorm,lognormal,True,0.15250798314828604
0.15,-0.4,lognorm,lognormal,True,0.010927933674468284
0.15,-0.4,lognorm,lognormal,True,2.830981673964919e-29
0.15,-0.4,lognorm,lognormal,True,0.6617815337152859
0.15,-0.4,lognorm,lognormal,True,0.05405345281527478
0.15,-0.4,lognorm,lognormal,True,4.211369371166541e-13
0.15,-0.4,lognorm,lognormal,True,2.8374259561347092e-11
0.15,-0.4,lognorm,lognormal,True,0.00022270900511132648
0.15,-0.4,lognorm,lognormal,True,7.857644094472293e-06
0.15,-0.4,lognorm,lognormal,True,0.878279502708776
0.15,-0.4,lognorm,lognormal,True,0.048387702094294785
0.15,-0.4,lognorm,lognormal,True,0.020657967217782586
0.15,-0.4,lognorm,lognormal,True,0.530727633092493
0.15,-0.4,lognorm,lognormal,True,0.0028968141320041617
0.15,-0.4,lognorm,lognormal,True,3.093281076088987e-11
0.15,-0.4,lognorm,lognormal,True,0.0010492278130358721
0.15,-0.4,lognorm,lognormal,True,0.03020672097512161
0.15,-0.4,lognorm,lognormal,True,0.19389979196078583
0.15,-0.4,lognorm,lognormal,True,0.2287698746988839
0.15,-0.4,lognorm,lognormal,True,2.2119555560255194e-36
0.15,-0.4,lognorm,lognormal,True,6.958887728446186e-08
0.15,-0.4,lognorm,lognormal,True,1.501405488961371e-42
0.15,-0.4,lognorm,lognormal,True,1.3890927873861447e-07
0.15,-0.4,lognorm,lognormal,True,0.5977891011066605
0.15,-0.4,lognorm,lognormal,True,2.674780533674149e-13
0.15,-0.4,lognorm,lognormal,True,5.582276888880763e-38
0.15,-0.4,lognorm,lognormal,True,0.07209385167136648
0.15,-0.4,lognorm,lognormal,True,0.11555668430252898
0.15,-0.4,lognorm,lognormal,True,7.924726429785863e-05
0.15,-0.4,lognorm,lognormal,True,0.22584738782857916
0.15,-0.4,lognorm,lognormal,True,0.0028703750969790217
0.15,-0.4,lognorm,lognormal,True,6.0499932261291124e-12
0.15,-0.4,lognorm,lognormal,True,0.008133442268974432
0.15,-0.4,lognorm,lognormal,True,0.9589420594085123
0.15,-0.4,lognorm,lognormal,True,5.588703047502661e-05
0.15,-0.4,lognorm,lognormal,True,1.5403315309997137e-06
0.15,-0.4,lognorm,lognormal,True,1.2825449793213337e-13
0.15,-0.4,lognorm,lognormal,True,9.748783306177435e-23
0.15,-0.4,lognorm,lognormal,True,0.20491422967233336
0.15,-0.4,lognorm,lognormal,True,1.832170888404918e-49
0.15,-0.4,lognorm,lognormal,True,5.140596893565413e-06
0.15,-0.4,lognorm,lognormal,True,0.2625809106630034
0.15,-0.4,lognorm,lognormal,True,1.0381721450077908e-20
0.15,-0.4,lognorm,lognormal,True,0.04856320983275856
0.15,-0.4,lognorm,lognormal,True,7.213890993043143e-10
0.15,-0.4,lognorm,lognormal,True,1.1075631829379826e-11
0.15,-0.4,lognorm,lognormal,True,0.10910334485749439
0.15,-0.4,lognorm,lognormal,True,0.09805198723445846
0.15,-0.4,lognorm,lognormal,True,6.621750842294575e-10
0.15,-0.4,lognorm,lognormal,True,1.4379150994383147e-05
0.15,-0.4,lognorm,lognormal,True,0.30173922266895215
0.15,-0.4,lognorm,lognormal,True,0.18344208245901084
0.15,-0.4,lognorm,lognormal,True,9.722527866521761e-25
0.15,-0.4,lognorm,lognormal,True,1.8592457022853384e-06
0.15,-0.4,lognorm,lognormal,True,8.699529283073408e-07
0.15,-0.4,lognorm,lognormal,True,3.5626273384895425e-05
0.15,-0.4,lognorm,lognormal,True,5.635464871639773e-11
0.15,-0.4,lognorm,lognormal,True,8.443198142820405e-07
0.15,-0.4,lognorm,lognormal,True,1.4227856777392134e-33
0.15,-0.4,lognorm,lognormal,True,0.00434753179780993
0.15,-0.4,lognorm,lognormal,True,3.385870669576115e-05
0.15,-0.4,lognorm,lognormal,True,3.307853045949352e-28
0.15,-0.4,lognorm,lognormal,True,1.5384778128572881e-24
0.15,-0.4,lognorm,lognormal,True,0.7212448902963315
0.15,-0.4,lognorm,lognormal,True,0.7695866943739339
0.15,-0.4,lognorm,lognormal,True,5.66940089264328e-28
0.15,-0.4,lognorm,lognormal,True,0.35368257826370897
0.15,-0.4,lognorm,lognormal,True,3.0412511375618416e-11
0.15,-0.4,lognorm,lognormal,True,3.4071827798198938e-15
0.15,-0.4,lognorm,lognormal,True,0.10760793010208553
0.15,-0.4,lognorm,lognormal,True,1.2031500518507748e-18
0.15,-0.4,lognorm,lognormal,True,1.8094186386989484e-09
