tau,rho,est,dist,obs_conf,pvals
0.15,0.4,mvnorm,lognormal,True,0.06569761630717914
0.15,0.4,mvnorm,lognormal,True,0.00040222593451498426
0.15,0.4,mvnorm,lognormal,True,3.018520981079526e-09
0.15,0.4,mvnorm,lognormal,True,3.5529925594188385e-11
0.15,0.4,mvnorm,lognormal,True,2.4659639682798582e-05
0.15,0.4,mvnorm,lognormal,True,0.633342376972913
0.15,0.4,mvnorm,lognormal,True,0.13269882904116448
0.15,0.4,mvnorm,lognormal,True,2.354526743416931e-17
0.15,0.4,mvnorm,lognormal,True,0.5804042659482859
0.15,0.4,mvnorm,lognormal,True,1.3484656409889507e-20
0.15,0.4,mvnorm,lognormal,True,0.8926297984468353
0.15,0.4,mvnorm,lognormal,True,0.22569307854195916
0.15,0.4,mvnorm,lognormal,True,0.08425601936892636
0.15,0.4,mvnorm,lognormal,True,0.12141646787647153
0.15,0.4,mvnorm,lognormal,True,5.958163716321122e-07
0.15,0.4,mvnorm,lognormal,True,9.730090476961462e-06
0.15,0.4,mvnorm,lognormal,True,0.6377270309598344
0.15,0.4,mvnorm,lognormal,True,0.07325185838038546
0.15,0.4,mvnorm,lognormal,True,0.04631670825233606
0.15,0.4,mvnorm,lognormal,True,4.058010366272484e-32
0.15,0.4,mvnorm,lognormal,True,3.703477685990221e-07
0.15,0.4,mvnorm,lognormal,True,0.13984621880772022
0.15,0.4,mvnorm,lognormal,True,1.5201187697531283e-19
0.15,0.4,mvnorm,lognormal,True,7.068946780455045e-05
0.15,0.4,mvnorm,lognormal,True,0.01217902795564334
0.15,0.4,mvnorm,lognormal,True,0.0024653787983910215
0.15,0.4,mvnorm,lognormal,True,0.20141169969635875
0.15,0.4,mvnorm,lognormal,True,3.9246967055677046e-14
0.15,0.4,mvnorm,lognormal,True,2.6196547491959074e-10
0.15,0.4,mvnorm,lognormal,True,0.3829214500863216
0.15,0.4,mvnorm,lognormal,True,6.411971157607123e-06
0.15,0.4,mvnorm,lognormal,True,0.2915204768088567
0.15,0.4,mvnorm,lognormal,True,0.024095568105629968
0.15,0.4,mvnorm,lognormal,True,8.15188301280946e-05
0.15,0.4,mvnorm,lognormal,True,6.059724200575231e-17
0.15,0.4,mvnorm,lognormal,True,0.006563862773772935
0.15,0.4,mvnorm,lognormal,True,0.02042465568997572
0.15,0.4,mvnorm,lognormal,True,9.792626765140733e-17
0.15,0.4,mvnorm,lognormal,True,0.05093300121609773
0.15,0.4,mvnorm,lognormal,True,0.45209431342697026
0.15,0.4,mvnorm,lognormal,True,0.0003446358118811169
0.15,0.4,mvnorm,lognormal,True,2.3268146909783802e-07
0.15,0.4,mvnorm,lognormal,True,1.4464107604175175e-23
0.15,0.4,mvnorm,lognormal,True,0.007862745751292335
0.15,0.4,mvnorm,lognormal,True,1.6298975852117537e-16
0.15,0.4,mvnorm,lognormal,True,5.17264178597413e-07
0.15,0.4,mvnorm,lognormal,True,0.023290806715486518
0.15,0.4,mvnorm,lognormal,True,0.08555994607755937
0.15,0.4,mvnorm,lognormal,True,1.858477218065958e-09
0.15,0.4,mvnorm,lognormal,True,0.7177864419640145
0.15,0.4,mvnorm,lognormal,True,0.13973610205389636
0.15,0.4,mvnorm,lognormal,True,2.5418331617228672e-05
0.15,0.4,mvnorm,lognormal,True,1.555877779230936e-11
0.15,0.4,mvnorm,lognormal,True,4.535237632398245e-11
0.15,0.4,mvnorm,lognormal,True,0.0036089049034729796
0.15,0.4,mvnorm,lognormal,True,0.08184261546386003
0.15,0.4,mvnorm,lognormal,True,1.5897746371244235e-05
0.15,0.4,mvnorm,lognormal,True,4.059522632458251e-08
0.15,0.4,mvnorm,lognormal,True,7.142456850816827e-06
0.15,0.4,mvnorm,lognormal,True,2.359257369897022e-20
0.15,0.4,mvnorm,lognormal,True,9.878980877117531e-05
0.15,0.4,mvnorm,lognormal,True,7.25279597962069e-15
0.15,0.4,mvnorm,lognormal,True,0.0051305332538773216
0.15,0.4,mvnorm,lognormal,True,0.10748407614497474
0.15,0.4,mvnorm,lognormal,True,0.004218482317958918
0.15,0.4,mvnorm,lognormal,True,0.01725558165014369
0.15,0.4,mvnorm,lognormal,True,0.42453064721401523
0.15,0.4,mvnorm,lognormal,True,6.311854985223081e-16
0.15,0.4,mvnorm,lognormal,True,0.019362672910102335
0.15,0.4,mvnorm,lognormal,True,0.016766765872818293
0.15,0.4,mvnorm,lognormal,True,0.18811613321360335
0.15,0.4,mvnorm,lognormal,True,0.0001011747682480943
0.15,0.4,mvnorm,lognormal,True,1.3615696180384714e-07
0.15,0.4,mvnorm,lognormal,True,6.716498737731108e-07
0.15,0.4,mvnorm,lognormal,True,0.00012057481655950823
0.15,0.4,mvnorm,lognormal,True,5.387250601482298e-16
0.15,0.4,mvnorm,lognormal,True,2.327153717158249e-28
0.15,0.4,mvnorm,lognormal,True,1.1426132503722261e-16
0.15,0.4,mvnorm,lognormal,True,0.39620046127292274
0.15,0.4,mvnorm,lognormal,True,0.0004903128789547482
0.15,0.4,mvnorm,lognormal,True,0.0012180665042514159
0.15,0.4,mvnorm,lognormal,True,0.00011374289786141786
0.15,0.4,mvnorm,lognormal,True,0.0018778168900217664
0.15,0.4,mvnorm,lognormal,True,0.030212815532461468
0.15,0.4,mvnorm,lognormal,True,0.00019023487669833476
0.15,0.4,mvnorm,lognormal,True,0.13485902875841405
0.15,0.4,mvnorm,lognormal,True,0.0020337949289648276
0.15,0.4,mvnorm,lognormal,True,0.0019000949994849702
0.15,0.4,mvnorm,lognormal,True,1.502886803071441e-14
0.15,0.4,mvnorm,lognormal,True,6.116401102399815e-05
0.15,0.4,mvnorm,lognormal,True,0.00017193536571739033
0.15,0.4,mvnorm,lognormal,True,1.5415088723411934e-11
0.15,0.4,mvnorm,lognormal,True,4.1133427210110456e-08
0.15,0.4,mvnorm,lognormal,True,6.609149393514178e-09
0.15,0.4,mvnorm,lognormal,True,2.383267730282401e-11
0.15,0.4,mvnorm,lognormal,True,1.626195930042369e-10
0.15,0.4,mvnorm,lognormal,True,9.051639733816697e-17
0.15,0.4,mvnorm,lognormal,True,0.8768966252350947
0.15,0.4,mvnorm,lognormal,True,0.0022427546201653275
0.15,0.4,mvnorm,lognormal,True,5.718035338641581e-11
0.15,0.4,mvnorm,lognormal,True,5.595531294106178e-35
0.15,0.4,mvnorm,lognormal,True,3.046750585391436e-29
0.15,0.4,mvnorm,lognormal,True,0.20945139217644926
0.15,0.4,mvnorm,lognormal,True,7.532796281502897e-10
0.15,0.4,mvnorm,lognormal,True,5.625515765575765e-11
0.15,0.4,mvnorm,lognormal,True,0.10920838868053376
0.15,0.4,mvnorm,lognormal,True,2.3113119815485858e-11
0.15,0.4,mvnorm,lognormal,True,3.2024988880914145e-07
0.15,0.4,mvnorm,lognormal,True,3.2309040539242544e-14
0.15,0.4,mvnorm,lognormal,True,0.14458811144085965
0.15,0.4,mvnorm,lognormal,True,3.885241734137395e-07
0.15,0.4,mvnorm,lognormal,True,0.00018773699342864236
0.15,0.4,mvnorm,lognormal,True,0.24407548587173702
0.15,0.4,mvnorm,lognormal,True,0.286707147513273
0.15,0.4,mvnorm,lognormal,True,0.002504858570124449
0.15,0.4,mvnorm,lognormal,True,9.426115333020294e-08
0.15,0.4,mvnorm,lognormal,True,7.058243162715084e-08
0.15,0.4,mvnorm,lognormal,True,0.16659717520192527
0.15,0.4,mvnorm,lognormal,True,0.0015333354500199727
0.15,0.4,mvnorm,lognormal,True,3.708174446062304e-08
0.15,0.4,mvnorm,lognormal,True,2.9445089191746074e-05
0.15,0.4,mvnorm,lognormal,True,0.2824096603586381
0.15,0.4,mvnorm,lognormal,True,3.845601294917859e-06
0.15,0.4,mvnorm,lognormal,True,0.03698710015967417
0.15,0.4,mvnorm,lognormal,True,1.657300320279161e-20
0.15,0.4,mvnorm,lognormal,True,1.1932985153495526e-05
0.15,0.4,mvnorm,lognormal,True,0.00867537598896327
0.15,0.4,mvnorm,lognormal,True,5.0395588722145656e-21
0.15,0.4,mvnorm,lognormal,True,0.00553737613748222
0.15,0.4,mvnorm,lognormal,True,0.0006275019125687235
0.15,0.4,mvnorm,lognormal,True,7.871626620426234e-11
0.15,0.4,mvnorm,lognormal,True,0.41474182527291836
0.15,0.4,mvnorm,lognormal,True,1.1587363569063354e-06
0.15,0.4,mvnorm,lognormal,True,0.0013300253936971802
0.15,0.4,mvnorm,lognormal,True,0.00010819601150786643
0.15,0.4,mvnorm,lognormal,True,1.1917950069397146e-11
0.15,0.4,mvnorm,lognormal,True,7.995830429258093e-06
0.15,0.4,mvnorm,lognormal,True,0.1403977411534371
0.15,0.4,mvnorm,lognormal,True,1.0608402845506386e-09
0.15,0.4,mvnorm,lognormal,True,2.77928640189622e-17
0.15,0.4,mvnorm,lognormal,True,0.00013927509284558732
0.15,0.4,mvnorm,lognormal,True,0.0027280812041415676
0.15,0.4,mvnorm,lognormal,True,1.2442163536619431e-05
0.15,0.4,mvnorm,lognormal,True,2.0189083849706388e-18
0.15,0.4,mvnorm,lognormal,True,9.09291692088963e-09
0.15,0.4,mvnorm,lognormal,True,0.00042220717280884565
0.15,0.4,mvnorm,lognormal,True,1.313067016737749e-05
0.15,0.4,mvnorm,lognormal,True,0.5528890542152587
0.15,0.4,mvnorm,lognormal,True,0.44182418313665617
0.15,0.4,mvnorm,lognormal,True,0.0006455557409310422
0.15,0.4,mvnorm,lognormal,True,0.0772748693433989
0.15,0.4,mvnorm,lognormal,True,0.014080947089310274
0.15,0.4,mvnorm,lognormal,True,5.247386933500311e-06
0.15,0.4,mvnorm,lognormal,True,1.610756519649574e-12
0.15,0.4,mvnorm,lognormal,True,0.00026888309181351505
0.15,0.4,mvnorm,lognormal,True,0.00016336952766492848
0.15,0.4,mvnorm,lognormal,True,0.02514237773468517
0.15,0.4,mvnorm,lognormal,True,1.8381366031528528e-05
0.15,0.4,mvnorm,lognormal,True,0.28598872793606345
0.15,0.4,mvnorm,lognormal,True,1.5510913262110274e-14
0.15,0.4,mvnorm,lognormal,True,1.0719440752028788e-06
0.15,0.4,mvnorm,lognormal,True,3.47187985871357e-05
0.15,0.4,mvnorm,lognormal,True,3.402130381858037e-06
0.15,0.4,mvnorm,lognormal,True,0.01720951745693192
0.15,0.4,mvnorm,lognormal,True,0.001096051802610569
0.15,0.4,mvnorm,lognormal,True,3.8128144559632875e-22
0.15,0.4,mvnorm,lognormal,True,2.263385425266382e-13
0.15,0.4,mvnorm,lognormal,True,8.560503538512706e-06
0.15,0.4,mvnorm,lognormal,True,0.001117575060936898
0.15,0.4,mvnorm,lognormal,True,6.085995282434193e-19
0.15,0.4,mvnorm,lognormal,True,0.0002420674309373267
0.15,0.4,mvnorm,lognormal,True,0.0001245913503566599
0.15,0.4,mvnorm,lognormal,True,0.0012303617696121716
0.15,0.4,mvnorm,lognormal,True,1.1085980055320689e-20
0.15,0.4,mvnorm,lognormal,True,5.4768537668773675e-05
0.15,0.4,mvnorm,lognormal,True,0.21295907733650685
0.15,0.4,mvnorm,lognormal,True,0.02616903331246261
0.15,0.4,mvnorm,lognormal,True,0.5707513266532391
0.15,0.4,mvnorm,lognormal,True,9.283805833155888e-27
0.15,0.4,mvnorm,lognormal,True,3.3282795806743274e-09
0.15,0.4,mvnorm,lognormal,True,0.019567492908785986
0.15,0.4,mvnorm,lognormal,True,1.952208404867983e-33
0.15,0.4,mvnorm,lognormal,True,0.6480569868992104
0.15,0.4,mvnorm,lognormal,True,2.0379278171524082e-08
0.15,0.4,mvnorm,lognormal,True,1.0152731936600258e-06
0.15,0.4,mvnorm,lognormal,True,4.579305943943134e-16
0.15,0.4,mvnorm,lognormal,True,0.9114104318338886
0.15,0.4,mvnorm,lognormal,True,0.07714465680375333
0.15,0.4,mvnorm,lognormal,True,1.7624529788292047e-11
0.15,0.4,mvnorm,lognormal,True,0.8281300140988359
0.15,0.4,mvnorm,lognormal,True,0.00035057681429475637
0.15,0.4,mvnorm,lognormal,True,1.1268042808426005e-20
0.15,0.4,mvnorm,lognormal,True,0.8182716421591518
0.15,0.4,mvnorm,lognormal,True,2.304230751994983e-11
0.15,0.4,mvnorm,lognormal,True,0.0007816417821515713
0.15,0.4,mvnorm,lognormal,True,0.010180048620701014
0.15,0.4,mvnorm,lognormal,True,1.2825516720672886e-14
0.15,0.4,mvnorm,lognormal,True,1.3898889229587314e-08
0.15,0.4,mvnorm,lognormal,True,0.0044440625886465945
0.15,0.4,mvnorm,lognormal,True,0.002954730931181209
