tau,rho,est,dist,obs_conf,pvals
0.03,0.4,lognorm,lognormal,True,2.9473015330500993e-10
0.03,0.4,lognorm,lognormal,True,0.0022257082057997465
0.03,0.4,lognorm,lognormal,True,0.9903088483910953
0.03,0.4,lognorm,lognormal,True,1.1046550358737825e-07
0.03,0.4,lognorm,lognormal,True,7.61071209890824e-06
0.03,0.4,lognorm,lognormal,True,0.15453317600071087
0.03,0.4,lognorm,lognormal,True,1.130904777736053e-06
0.03,0.4,lognorm,lognormal,True,1.3593254585304174e-07
0.03,0.4,lognorm,lognormal,True,0.0021250502862621163
0.03,0.4,lognorm,lognormal,True,0.36583659708014427
0.03,0.4,lognorm,lognormal,True,3.8270704214848835e-07
0.03,0.4,lognorm,lognormal,True,0.00043965152616536957
0.03,0.4,lognorm,lognormal,True,0.6238747595755233
0.03,0.4,lognorm,lognormal,True,1.0102708788997494e-07
0.03,0.4,lognorm,lognormal,True,0.06315437267168204
0.03,0.4,lognorm,lognormal,True,2.929965861500758e-06
0.03,0.4,lognorm,lognormal,True,1.8358214152324971e-40
0.03,0.4,lognorm,lognormal,True,1.101538197450383e-08
0.03,0.4,lognorm,lognormal,True,0.10380261443326112
0.03,0.4,lognorm,lognormal,True,0.0023846019603809957
0.03,0.4,lognorm,lognormal,True,1.0090171663024995e-18
0.03,0.4,lognorm,lognormal,True,4.173776566330351e-12
0.03,0.4,lognorm,lognormal,True,1.98033207133132e-08
0.03,0.4,lognorm,lognormal,True,0.10701592739570019
0.03,0.4,lognorm,lognormal,True,0.01965299365232703
0.03,0.4,lognorm,lognormal,True,5.562675156090346e-10
0.03,0.4,lognorm,lognormal,True,2.079851347103072e-06
0.03,0.4,lognorm,lognormal,True,6.654325622630334e-25
0.03,0.4,lognorm,lognormal,True,2.2790883043262575e-33
0.03,0.4,lognorm,lognormal,True,3.892734459407688e-09
0.03,0.4,lognorm,lognormal,True,0.0004374359714090226
0.03,0.4,lognorm,lognormal,True,2.0415887267005542e-10
0.03,0.4,lognorm,lognormal,True,1.3222622947061599e-05
0.03,0.4,lognorm,lognormal,True,1.2164123979597895e-08
0.03,0.4,lognorm,lognormal,True,0.5806685952353157
0.03,0.4,lognorm,lognormal,True,0.0005689372376384288
0.03,0.4,lognorm,lognormal,True,0.012299009449032556
0.03,0.4,lognorm,lognormal,True,3.981295342119039e-06
0.03,0.4,lognorm,lognormal,True,8.703253929497068e-06
0.03,0.4,lognorm,lognormal,True,0.1440114593753192
0.03,0.4,lognorm,lognormal,True,0.3526576494311434
0.03,0.4,lognorm,lognormal,True,7.384198397974275e-06
0.03,0.4,lognorm,lognormal,True,0.95379077321338
0.03,0.4,lognorm,lognormal,True,2.0901135982088155e-23
0.03,0.4,lognorm,lognormal,True,0.08060483751724694
0.03,0.4,lognorm,lognormal,True,4.97443829490274e-08
0.03,0.4,lognorm,lognormal,True,1.0735604257106473e-25
0.03,0.4,lognorm,lognormal,True,0.7403844509022723
0.03,0.4,lognorm,lognormal,True,0.027657993803292036
0.03,0.4,lognorm,lognormal,True,0.18074466256794364
0.03,0.4,lognorm,lognormal,True,1.4253707512335266e-16
0.03,0.4,lognorm,lognormal,True,9.947743205061458e-24
0.03,0.4,lognorm,lognormal,True,1.3259256329237549e-33
0.03,0.4,lognorm,lognormal,True,2.8794959702118578e-21
0.03,0.4,lognorm,lognormal,True,6.923197961637817e-05
0.03,0.4,lognorm,lognormal,True,4.1999042159954684e-29
0.03,0.4,lognorm,lognormal,True,0.0005930757418243397
0.03,0.4,lognorm,lognormal,True,0.6572895560674458
0.03,0.4,lognorm,lognormal,True,0.71782376804716
0.03,0.4,lognorm,lognormal,True,0.30110004416135716
0.03,0.4,lognorm,lognormal,True,5.31903297709498e-05
0.03,0.4,lognorm,lognormal,True,0.037346919362886796
0.03,0.4,lognorm,lognormal,True,6.854508439710048e-09
0.03,0.4,lognorm,lognormal,True,0.0076690344980945855
0.03,0.4,lognorm,lognormal,True,4.595045809538104e-06
0.03,0.4,lognorm,lognormal,True,0.0003640704744445322
0.03,0.4,lognorm,lognormal,True,0.8978294120096713
0.03,0.4,lognorm,lognormal,True,0.414722777059815
0.03,0.4,lognorm,lognormal,True,0.004012716567788625
0.03,0.4,lognorm,lognormal,True,0.0015582513477033193
0.03,0.4,lognorm,lognormal,True,0.3967734717092499
0.03,0.4,lognorm,lognormal,True,0.0005659867375784058
0.03,0.4,lognorm,lognormal,True,0.018183792347580673
0.03,0.4,lognorm,lognormal,True,1.0378533309595473e-07
0.03,0.4,lognorm,lognormal,True,3.494692555284806e-05
0.03,0.4,lognorm,lognormal,True,0.08876153475580321
0.03,0.4,lognorm,lognormal,True,0.27143189495897296
0.03,0.4,lognorm,lognormal,True,0.01910257045032571
0.03,0.4,lognorm,lognormal,True,0.0066300969793879685
0.03,0.4,lognorm,lognormal,True,0.4236895110564839
0.03,0.4,lognorm,lognormal,True,0.015474725534559653
0.03,0.4,lognorm,lognormal,True,0.00198084413136801
0.03,0.4,lognorm,lognormal,True,0.013984805808625654
0.03,0.4,lognorm,lognormal,True,6.272132851002643e-13
0.03,0.4,lognorm,lognormal,True,0.49361587531660744
0.03,0.4,lognorm,lognormal,True,0.06122109586474321
0.03,0.4,lognorm,lognormal,True,1.4434435841279697e-06
0.03,0.4,lognorm,lognormal,True,0.00012032466704682732
0.03,0.4,lognorm,lognormal,True,0.002305840372312344
0.03,0.4,lognorm,lognormal,True,0.07015404682116007
0.03,0.4,lognorm,lognormal,True,0.02305750913816682
0.03,0.4,lognorm,lognormal,True,6.584095856645314e-06
0.03,0.4,lognorm,lognormal,True,0.8916586566808862
0.03,0.4,lognorm,lognormal,True,4.214864376506446e-06
0.03,0.4,lognorm,lognormal,True,3.4944093729608134e-17
0.03,0.4,lognorm,lognormal,True,3.643771305914697e-24
0.03,0.4,lognorm,lognormal,True,0.00605282889438322
0.03,0.4,lognorm,lognormal,True,0.0018686024717838102
0.03,0.4,lognorm,lognormal,True,0.08081993118430195
0.03,0.4,lognorm,lognormal,True,0.7886215001926764
0.03,0.4,lognorm,lognormal,True,0.4241263392624375
0.03,0.4,lognorm,lognormal,True,8.061898559906679e-05
0.03,0.4,lognorm,lognormal,True,0.32710942596047654
0.03,0.4,lognorm,lognormal,True,2.5009377437324927e-08
0.03,0.4,lognorm,lognormal,True,0.31919433656433654
0.03,0.4,lognorm,lognormal,True,0.0001558098799267113
0.03,0.4,lognorm,lognormal,True,0.5897741178201165
0.03,0.4,lognorm,lognormal,True,3.2412305536695996e-07
0.03,0.4,lognorm,lognormal,True,1.2082197506546475e-16
0.03,0.4,lognorm,lognormal,True,0.010214490925562722
0.03,0.4,lognorm,lognormal,True,0.3339726745131056
0.03,0.4,lognorm,lognormal,True,5.851401246189326e-10
0.03,0.4,lognorm,lognormal,True,0.005322604169590145
0.03,0.4,lognorm,lognormal,True,6.722834490087578e-10
0.03,0.4,lognorm,lognormal,True,0.002451353924340673
0.03,0.4,lognorm,lognormal,True,8.750376269788807e-08
0.03,0.4,lognorm,lognormal,True,0.7938475006797105
0.03,0.4,lognorm,lognormal,True,0.07760804872962562
0.03,0.4,lognorm,lognormal,True,0.02421252811898731
0.03,0.4,lognorm,lognormal,True,0.2829185053998134
0.03,0.4,lognorm,lognormal,True,0.021686457162856793
0.03,0.4,lognorm,lognormal,True,1.5202608008142556e-11
0.03,0.4,lognorm,lognormal,True,0.0026954337103474117
0.03,0.4,lognorm,lognormal,True,0.0059473524530766625
0.03,0.4,lognorm,lognormal,True,8.931288869543112e-09
0.03,0.4,lognorm,lognormal,True,0.10757450466663505
0.03,0.4,lognorm,lognormal,True,0.7709725092922076
0.03,0.4,lognorm,lognormal,True,0.9202545249458531
0.03,0.4,lognorm,lognormal,True,1.57979004891769e-05
0.03,0.4,lognorm,lognormal,True,0.0002995797582017945
0.03,0.4,lognorm,lognormal,True,0.24865546953245216
0.03,0.4,lognorm,lognormal,True,8.099553297829247e-10
0.03,0.4,lognorm,lognormal,True,2.7975611460610803e-07
0.03,0.4,lognorm,lognormal,True,0.002362228284488706
0.03,0.4,lognorm,lognormal,True,2.2728863793875828e-09
0.03,0.4,lognorm,lognormal,True,1.7204814605574513e-05
0.03,0.4,lognorm,lognormal,True,5.31074075028616e-06
0.03,0.4,lognorm,lognormal,True,4.671767644635286e-07
0.03,0.4,lognorm,lognormal,True,3.0571109938245704e-16
0.03,0.4,lognorm,lognormal,True,8.840957412989224e-11
0.03,0.4,lognorm,lognormal,True,0.15110267064404626
0.03,0.4,lognorm,lognormal,True,0.8876517378171931
0.03,0.4,lognorm,lognormal,True,2.9144443103821582e-12
0.03,0.4,lognorm,lognormal,True,0.3771436736628415
0.03,0.4,lognorm,lognormal,True,6.33032559376762e-32
0.03,0.4,lognorm,lognormal,True,1.7971168311990575e-06
0.03,0.4,lognorm,lognormal,True,1.6391128636897937e-22
0.03,0.4,lognorm,lognormal,True,0.009774174710563157
0.03,0.4,lognorm,lognormal,True,5.142706289198705e-25
0.03,0.4,lognorm,lognormal,True,0.09044172989079621
0.03,0.4,lognorm,lognormal,True,7.493700721562492e-27
0.03,0.4,lognorm,lognormal,True,0.033562752585448746
0.03,0.4,lognorm,lognormal,True,2.249803669571238e-06
0.03,0.4,lognorm,lognormal,True,5.851401731574473e-23
0.03,0.4,lognorm,lognormal,True,5.878066987217153e-10
0.03,0.4,lognorm,lognormal,True,0.00010115625414488383
0.03,0.4,lognorm,lognormal,True,0.05870912500134863
0.03,0.4,lognorm,lognormal,True,0.9255855896004218
0.03,0.4,lognorm,lognormal,True,1.0117930123479085e-05
0.03,0.4,lognorm,lognormal,True,0.00021076144253264896
0.03,0.4,lognorm,lognormal,True,3.8612146034981535e-19
0.03,0.4,lognorm,lognormal,True,0.16837461490633354
0.03,0.4,lognorm,lognormal,True,5.765157507501701e-06
0.03,0.4,lognorm,lognormal,True,1.2879674303352023e-10
0.03,0.4,lognorm,lognormal,True,3.164391650321338e-14
0.03,0.4,lognorm,lognormal,True,4.016203955039156e-13
0.03,0.4,lognorm,lognormal,True,0.20583734190177783
0.03,0.4,lognorm,lognormal,True,2.312615246259692e-07
0.03,0.4,lognorm,lognormal,True,0.00015445745498714398
0.03,0.4,lognorm,lognormal,True,2.1125691688612065e-17
0.03,0.4,lognorm,lognormal,True,0.024132672395718945
0.03,0.4,lognorm,lognormal,True,0.690857399515172
0.03,0.4,lognorm,lognormal,True,0.03340689525962275
0.03,0.4,lognorm,lognormal,True,0.46703962460046866
0.03,0.4,lognorm,lognormal,True,1.5480030149737395e-07
0.03,0.4,lognorm,lognormal,True,0.9389073200542823
0.03,0.4,lognorm,lognormal,True,4.5139231987406836e-11
0.03,0.4,lognorm,lognormal,True,0.9242735821775281
0.03,0.4,lognorm,lognormal,True,7.497884493921436e-26
0.03,0.4,lognorm,lognormal,True,3.969142802316605e-06
0.03,0.4,lognorm,lognormal,True,1.5251133140960474e-05
0.03,0.4,lognorm,lognormal,True,2.025964001353118e-08
0.03,0.4,lognorm,lognormal,True,0.5481624737308485
0.03,0.4,lognorm,lognormal,True,4.250978083003184e-05
0.03,0.4,lognorm,lognormal,True,5.6156605176312536e-08
0.03,0.4,lognorm,lognormal,True,0.6080908086465424
0.03,0.4,lognorm,lognormal,True,1.8973589740356645e-31
0.03,0.4,lognorm,lognormal,True,0.21574598544160994
0.03,0.4,lognorm,lognormal,True,0.025917005682070057
0.03,0.4,lognorm,lognormal,True,0.027426665260519036
0.03,0.4,lognorm,lognormal,True,9.312551234275686e-21
0.03,0.4,lognorm,lognormal,True,9.578664609770081e-06
0.03,0.4,lognorm,lognormal,True,8.920359182083053e-09
0.03,0.4,lognorm,lognormal,True,1.3450828848705814e-11
0.03,0.4,lognorm,lognormal,True,0.019643375207803522
0.03,0.4,lognorm,lognormal,True,0.6027897083201486
0.03,0.4,lognorm,lognormal,True,0.00025360339657229077
0.03,0.4,lognorm,lognormal,True,5.969374518707085e-19
0.03,0.4,lognorm,lognormal,True,1.7472332013697108e-08
0.03,0.4,lognorm,lognormal,True,1.425671526736375e-39
