tau,rho,est,dist,obs_conf,pvals
0.12,-0.2,mvnorm,lognormal,True,0.7251034542609589
0.12,-0.2,mvnorm,lognormal,True,1.1366695142171137e-10
0.12,-0.2,mvnorm,lognormal,True,6.89046173826537e-07
0.12,-0.2,mvnorm,lognormal,True,0.009668889034063429
0.12,-0.2,mvnorm,lognormal,True,0.08200923298013109
0.12,-0.2,mvnorm,lognormal,True,0.0007150606510126726
0.12,-0.2,mvnorm,lognormal,True,2.5324977631185282e-05
0.12,-0.2,mvnorm,lognormal,True,3.142949535606909e-06
0.12,-0.2,mvnorm,lognormal,True,0.27215191957661233
0.12,-0.2,mvnorm,lognormal,True,0.00011402523244530665
0.12,-0.2,mvnorm,lognormal,True,0.5116151000477485
0.12,-0.2,mvnorm,lognormal,True,0.18730338187629794
0.12,-0.2,mvnorm,lognormal,True,7.642720959702071e-11
0.12,-0.2,mvnorm,lognormal,True,0.13331990323816914
0.12,-0.2,mvnorm,lognormal,True,0.29340822143736534
0.12,-0.2,mvnorm,lognormal,True,0.6934434290935374
0.12,-0.2,mvnorm,lognormal,True,4.1063069053174844e-12
0.12,-0.2,mvnorm,lognormal,True,0.003202771014432475
0.12,-0.2,mvnorm,lognormal,True,0.002092733131793836
0.12,-0.2,mvnorm,lognormal,True,3.780188888392359e-10
0.12,-0.2,mvnorm,lognormal,True,2.517039223508342e-10
0.12,-0.2,mvnorm,lognormal,True,0.3726937485734121
0.12,-0.2,mvnorm,lognormal,True,1.5023553923821984e-05
0.12,-0.2,mvnorm,lognormal,True,0.03591878459907181
0.12,-0.2,mvnorm,lognormal,True,2.0781856896354373e-05
0.12,-0.2,mvnorm,lognormal,True,4.7067395267614494e-11
0.12,-0.2,mvnorm,lognormal,True,0.4372813690762327
0.12,-0.2,mvnorm,lognormal,True,4.156838131287312e-07
0.12,-0.2,mvnorm,lognormal,True,0.00010369236386907586
0.12,-0.2,mvnorm,lognormal,True,0.5534621031801713
0.12,-0.2,mvnorm,lognormal,True,0.2451481909903228
0.12,-0.2,mvnorm,lognormal,True,0.0023407146182290502
0.12,-0.2,mvnorm,lognormal,True,0.0007018978081562296
0.12,-0.2,mvnorm,lognormal,True,4.321136615737822e-06
0.12,-0.2,mvnorm,lognormal,True,0.38685263740503606
0.12,-0.2,mvnorm,lognormal,True,0.0032408136273499076
0.12,-0.2,mvnorm,lognormal,True,8.518552253873179e-05
0.12,-0.2,mvnorm,lognormal,True,2.8082672617910135e-07
0.12,-0.2,mvnorm,lognormal,True,0.004085065882569624
0.12,-0.2,mvnorm,lognormal,True,2.61052831898982e-05
0.12,-0.2,mvnorm,lognormal,True,0.027910187802900478
0.12,-0.2,mvnorm,lognormal,True,0.8175223034945085
0.12,-0.2,mvnorm,lognormal,True,2.9059136024366374e-06
0.12,-0.2,mvnorm,lognormal,True,2.0497731982981376e-05
0.12,-0.2,mvnorm,lognormal,True,0.1128722405785117
0.12,-0.2,mvnorm,lognormal,True,6.948987023651956e-05
0.12,-0.2,mvnorm,lognormal,True,0.5095225099753556
0.12,-0.2,mvnorm,lognormal,True,2.3475774105677427e-07
0.12,-0.2,mvnorm,lognormal,True,1.8638423279255348e-10
0.12,-0.2,mvnorm,lognormal,True,1.2086679866618607e-17
0.12,-0.2,mvnorm,lognormal,True,0.4117693315115828
0.12,-0.2,mvnorm,lognormal,True,0.17593803098519145
0.12,-0.2,mvnorm,lognormal,True,0.023964239919481736
0.12,-0.2,mvnorm,lognormal,True,6.519002840822145e-08
0.12,-0.2,mvnorm,lognormal,True,0.0027218390782264945
0.12,-0.2,mvnorm,lognormal,True,0.9088531517312152
0.12,-0.2,mvnorm,lognormal,True,0.27066243205816704
0.12,-0.2,mvnorm,lognormal,True,0.13619201527612898
0.12,-0.2,mvnorm,lognormal,True,3.543653573154737e-10
0.12,-0.2,mvnorm,lognormal,True,0.0001259939802080344
0.12,-0.2,mvnorm,lognormal,True,0.0009802622935209562
0.12,-0.2,mvnorm,lognormal,True,2.929009835106612e-13
0.12,-0.2,mvnorm,lognormal,True,5.022082406158283e-11
0.12,-0.2,mvnorm,lognormal,True,2.790797402066832e-09
0.12,-0.2,mvnorm,lognormal,True,0.002817700099895306
0.12,-0.2,mvnorm,lognormal,True,0.000440128092491539
0.12,-0.2,mvnorm,lognormal,True,0.00018996237280318005
0.12,-0.2,mvnorm,lognormal,True,9.048130983175513e-08
0.12,-0.2,mvnorm,lognormal,True,6.678553403872193e-07
0.12,-0.2,mvnorm,lognormal,True,0.0024527792705248083
0.12,-0.2,mvnorm,lognormal,True,0.001969377233146014
0.12,-0.2,mvnorm,lognormal,True,0.01061986792460301
0.12,-0.2,mvnorm,lognormal,True,0.3394025448200881
0.12,-0.2,mvnorm,lognormal,True,0.003232534028886014
0.12,-0.2,mvnorm,lognormal,True,0.020700355340111127
0.12,-0.2,mvnorm,lognormal,True,9.962418815182204e-05
0.12,-0.2,mvnorm,lognormal,True,0.0006899442479723085
0.12,-0.2,mvnorm,lognormal,True,1.027503751466062e-11
0.12,-0.2,mvnorm,lognormal,True,1.8320686966915754e-05
0.12,-0.2,mvnorm,lognormal,True,0.5750872252711864
0.12,-0.2,mvnorm,lognormal,True,0.35801119186375474
0.12,-0.2,mvnorm,lognormal,True,0.0005977820965151212
0.12,-0.2,mvnorm,lognormal,True,0.005283989720500755
0.12,-0.2,mvnorm,lognormal,True,1.2626580668179468e-09
0.12,-0.2,mvnorm,lognormal,True,1.0480712900895504e-05
0.12,-0.2,mvnorm,lognormal,True,0.7396599977997214
0.12,-0.2,mvnorm,lognormal,True,1.352289760478885e-09
0.12,-0.2,mvnorm,lognormal,True,5.616039624789255e-07
0.12,-0.2,mvnorm,lognormal,True,0.010155465322129584
0.12,-0.2,mvnorm,lognormal,True,2.6366580606314505e-07
0.12,-0.2,mvnorm,lognormal,True,0.1802620074010018
0.12,-0.2,mvnorm,lognormal,True,0.054713318123273146
0.12,-0.2,mvnorm,lognormal,True,0.00018486899903916244
0.12,-0.2,mvnorm,lognormal,True,0.0002539109244525327
0.12,-0.2,mvnorm,lognormal,True,1.1035574517427092e-06
0.12,-0.2,mvnorm,lognormal,True,0.828892292621218
0.12,-0.2,mvnorm,lognormal,True,7.010062770071863e-15
0.12,-0.2,mvnorm,lognormal,True,0.0005332530171454928
0.12,-0.2,mvnorm,lognormal,True,0.05237977389340629
0.12,-0.2,mvnorm,lognormal,True,0.049209543217971476
0.12,-0.2,mvnorm,lognormal,True,5.462768664445303e-10
0.12,-0.2,mvnorm,lognormal,True,0.0015217352544182978
0.12,-0.2,mvnorm,lognormal,True,0.0007213646498050616
0.12,-0.2,mvnorm,lognormal,True,0.037919369465597486
0.12,-0.2,mvnorm,lognormal,True,0.7879948375707622
0.12,-0.2,mvnorm,lognormal,True,0.008447363834317415
0.12,-0.2,mvnorm,lognormal,True,4.110692320475047e-09
0.12,-0.2,mvnorm,lognormal,True,0.23860555152623436
0.12,-0.2,mvnorm,lognormal,True,0.0002587952928169367
0.12,-0.2,mvnorm,lognormal,True,5.518469359732136e-06
0.12,-0.2,mvnorm,lognormal,True,7.483374801834305e-08
0.12,-0.2,mvnorm,lognormal,True,0.46425325313872334
0.12,-0.2,mvnorm,lognormal,True,0.001186016322569545
0.12,-0.2,mvnorm,lognormal,True,0.008221827576004006
0.12,-0.2,mvnorm,lognormal,True,0.06614368739016538
0.12,-0.2,mvnorm,lognormal,True,1.2993606375246722e-07
0.12,-0.2,mvnorm,lognormal,True,4.4961098207245174e-13
0.12,-0.2,mvnorm,lognormal,True,0.25339594987914055
0.12,-0.2,mvnorm,lognormal,True,0.010817151060694974
0.12,-0.2,mvnorm,lognormal,True,0.860825523457606
0.12,-0.2,mvnorm,lognormal,True,3.002567057951257e-11
0.12,-0.2,mvnorm,lognormal,True,0.0004571005742529958
0.12,-0.2,mvnorm,lognormal,True,0.16098792646806476
0.12,-0.2,mvnorm,lognormal,True,0.461205229375251
0.12,-0.2,mvnorm,lognormal,True,2.573779844028447e-09
0.12,-0.2,mvnorm,lognormal,True,6.255278112481482e-05
0.12,-0.2,mvnorm,lognormal,True,0.15037550674241132
0.12,-0.2,mvnorm,lognormal,True,0.09279707125650595
0.12,-0.2,mvnorm,lognormal,True,0.3350160762729408
0.12,-0.2,mvnorm,lognormal,True,0.02754602590281871
0.12,-0.2,mvnorm,lognormal,True,0.13258202707147798
0.12,-0.2,mvnorm,lognormal,True,0.0003289841608667054
0.12,-0.2,mvnorm,lognormal,True,0.05611376518082984
0.12,-0.2,mvnorm,lognormal,True,0.043853826309292916
0.12,-0.2,mvnorm,lognormal,True,0.3616245729601357
0.12,-0.2,mvnorm,lognormal,True,8.97493799769061e-16
0.12,-0.2,mvnorm,lognormal,True,0.0042719718895530305
0.12,-0.2,mvnorm,lognormal,True,1.9586272544952145e-11
0.12,-0.2,mvnorm,lognormal,True,0.007758357944138135
0.12,-0.2,mvnorm,lognormal,True,9.002352033222342e-05
0.12,-0.2,mvnorm,lognormal,True,5.4750984980898706e-09
0.12,-0.2,mvnorm,lognormal,True,5.40965145866354e-07
0.12,-0.2,mvnorm,lognormal,True,4.139464910615045e-08
0.12,-0.2,mvnorm,lognormal,True,0.021082872641076864
0.12,-0.2,mvnorm,lognormal,True,0.5521030279701047
0.12,-0.2,mvnorm,lognormal,True,0.2204541138769005
0.12,-0.2,mvnorm,lognormal,True,6.047522831319709e-17
0.12,-0.2,mvnorm,lognormal,True,0.7357926769853497
0.12,-0.2,mvnorm,lognormal,True,0.0005108415407670606
0.12,-0.2,mvnorm,lognormal,True,0.30312201125476806
0.12,-0.2,mvnorm,lognormal,True,0.38281833844567514
0.12,-0.2,mvnorm,lognormal,True,0.0015249746293310956
0.12,-0.2,mvnorm,lognormal,True,0.37439713660496265
0.12,-0.2,mvnorm,lognormal,True,4.5981506748209305e-08
0.12,-0.2,mvnorm,lognormal,True,3.8132873478248544e-07
0.12,-0.2,mvnorm,lognormal,True,0.5767125528862778
0.12,-0.2,mvnorm,lognormal,True,2.3104681745751598e-08
0.12,-0.2,mvnorm,lognormal,True,0.0004972563451196471
0.12,-0.2,mvnorm,lognormal,True,0.08493205928875178
0.12,-0.2,mvnorm,lognormal,True,0.4064983507963239
0.12,-0.2,mvnorm,lognormal,True,0.00019868915334614724
0.12,-0.2,mvnorm,lognormal,True,2.3176955592677664e-07
0.12,-0.2,mvnorm,lognormal,True,0.009625202188918923
0.12,-0.2,mvnorm,lognormal,True,0.034219261586805834
0.12,-0.2,mvnorm,lognormal,True,0.02485419131521556
0.12,-0.2,mvnorm,lognormal,True,1.6515114626161468e-10
0.12,-0.2,mvnorm,lognormal,True,0.00017571427423432955
0.12,-0.2,mvnorm,lognormal,True,0.314023003204469
0.12,-0.2,mvnorm,lognormal,True,8.439788774392183e-07
0.12,-0.2,mvnorm,lognormal,True,0.03053281008690663
0.12,-0.2,mvnorm,lognormal,True,0.01171229152586181
0.12,-0.2,mvnorm,lognormal,True,0.09877522434395537
0.12,-0.2,mvnorm,lognormal,True,0.10723703392922047
0.12,-0.2,mvnorm,lognormal,True,4.397461514598727e-07
0.12,-0.2,mvnorm,lognormal,True,0.0689924056955785
0.12,-0.2,mvnorm,lognormal,True,0.47196630029513476
0.12,-0.2,mvnorm,lognormal,True,1.0856463719831683e-06
0.12,-0.2,mvnorm,lognormal,True,0.012496241585865162
0.12,-0.2,mvnorm,lognormal,True,2.5353972096873747e-15
0.12,-0.2,mvnorm,lognormal,True,2.3944993166529483e-10
0.12,-0.2,mvnorm,lognormal,True,0.06978001359533935
0.12,-0.2,mvnorm,lognormal,True,4.2956106805176275e-06
0.12,-0.2,mvnorm,lognormal,True,1.1139398331573468e-18
0.12,-0.2,mvnorm,lognormal,True,0.0024329459764264798
0.12,-0.2,mvnorm,lognormal,True,0.03313312500574681
0.12,-0.2,mvnorm,lognormal,True,6.347197784913276e-09
0.12,-0.2,mvnorm,lognormal,True,0.25407226641693925
0.12,-0.2,mvnorm,lognormal,True,0.0016150398743990885
0.12,-0.2,mvnorm,lognormal,True,0.025795511729563292
0.12,-0.2,mvnorm,lognormal,True,0.46755348393116514
0.12,-0.2,mvnorm,lognormal,True,0.09194585581520108
0.12,-0.2,mvnorm,lognormal,True,1.3011763317510915e-05
0.12,-0.2,mvnorm,lognormal,True,4.7751878476115254e-05
0.12,-0.2,mvnorm,lognormal,True,0.0026296607694075293
0.12,-0.2,mvnorm,lognormal,True,2.352792833796906e-05
0.12,-0.2,mvnorm,lognormal,True,0.38791906104758156
0.12,-0.2,mvnorm,lognormal,True,1.884130724371784e-09
0.12,-0.2,mvnorm,lognormal,True,0.43036923151453677
0.12,-0.2,mvnorm,lognormal,True,0.014688223197853787
0.12,-0.2,mvnorm,lognormal,True,0.003774106436339053
