tau,rho,est,dist,obs_conf,pvals
0.0,-0.4,mvnorm,lognormal,True,4.319531216644694e-07
0.0,-0.4,mvnorm,lognormal,True,2.3287114159728472e-08
0.0,-0.4,mvnorm,lognormal,True,0.22369969945841883
0.0,-0.4,mvnorm,lognormal,True,0.1277758860922055
0.0,-0.4,mvnorm,lognormal,True,0.01940589532381489
0.0,-0.4,mvnorm,lognormal,True,2.8878784580693556e-05
0.0,-0.4,mvnorm,lognormal,True,1.742730393984323e-06
0.0,-0.4,mvnorm,lognormal,True,0.10492570983823565
0.0,-0.4,mvnorm,lognormal,True,1.8073582910376464e-06
0.0,-0.4,mvnorm,lognormal,True,0.9191590041973025
0.0,-0.4,mvnorm,lognormal,True,0.01583122368849067
0.0,-0.4,mvnorm,lognormal,True,4.971118112273713e-06
0.0,-0.4,mvnorm,lognormal,True,0.015764984321463144
0.0,-0.4,mvnorm,lognormal,True,3.038292463909392e-11
0.0,-0.4,mvnorm,lognormal,True,0.03828390070273294
0.0,-0.4,mvnorm,lognormal,True,0.07234630898283723
0.0,-0.4,mvnorm,lognormal,True,0.0005163104564988463
0.0,-0.4,mvnorm,lognormal,True,0.4561065242377411
0.0,-0.4,mvnorm,lognormal,True,0.45727138764286346
0.0,-0.4,mvnorm,lognormal,True,0.002269663662734859
0.0,-0.4,mvnorm,lognormal,True,0.003568150521074473
0.0,-0.4,mvnorm,lognormal,True,0.6054978381866075
0.0,-0.4,mvnorm,lognormal,True,1.0379980188562518e-05
0.0,-0.4,mvnorm,lognormal,True,0.160991471832206
0.0,-0.4,mvnorm,lognormal,True,0.017287717378976702
0.0,-0.4,mvnorm,lognormal,True,9.071781638032116e-06
0.0,-0.4,mvnorm,lognormal,True,0.8127265893866303
0.0,-0.4,mvnorm,lognormal,True,0.6690319539394793
0.0,-0.4,mvnorm,lognormal,True,0.006972072886779132
0.0,-0.4,mvnorm,lognormal,True,0.0002898358108618834
0.0,-0.4,mvnorm,lognormal,True,4.75767450224025e-10
0.0,-0.4,mvnorm,lognormal,True,0.026708100356308783
0.0,-0.4,mvnorm,lognormal,True,0.11909480904250928
0.0,-0.4,mvnorm,lognormal,True,0.027599852835901693
0.0,-0.4,mvnorm,lognormal,True,0.04712112278995641
0.0,-0.4,mvnorm,lognormal,True,0.0023716995393842774
0.0,-0.4,mvnorm,lognormal,True,0.8888723560199462
0.0,-0.4,mvnorm,lognormal,True,0.022288833357693546
0.0,-0.4,mvnorm,lognormal,True,5.524546541225611e-13
0.0,-0.4,mvnorm,lognormal,True,0.2121435402176478
0.0,-0.4,mvnorm,lognormal,True,2.2005702382384618e-13
0.0,-0.4,mvnorm,lognormal,True,0.00017575783050446998
0.0,-0.4,mvnorm,lognormal,True,0.8035158511518985
0.0,-0.4,mvnorm,lognormal,True,0.6445903062697096
0.0,-0.4,mvnorm,lognormal,True,0.6229497642179678
0.0,-0.4,mvnorm,lognormal,True,1.1581462615266363e-05
0.0,-0.4,mvnorm,lognormal,True,0.0004669503865478804
0.0,-0.4,mvnorm,lognormal,True,0.10503982860263092
0.0,-0.4,mvnorm,lognormal,True,0.051856834053763276
0.0,-0.4,mvnorm,lognormal,True,2.6003637797064524e-13
0.0,-0.4,mvnorm,lognormal,True,0.3107158630519441
0.0,-0.4,mvnorm,lognormal,True,1.4353572796390512e-05
0.0,-0.4,mvnorm,lognormal,True,0.23158274196638445
0.0,-0.4,mvnorm,lognormal,True,0.010289136406865256
0.0,-0.4,mvnorm,lognormal,True,0.051148213566920814
0.0,-0.4,mvnorm,lognormal,True,2.034834420177528e-06
0.0,-0.4,mvnorm,lognormal,True,1.4888336100248798e-05
0.0,-0.4,mvnorm,lognormal,True,0.01852171344577591
0.0,-0.4,mvnorm,lognormal,True,4.981913846080221e-06
0.0,-0.4,mvnorm,lognormal,True,0.001775959534308438
0.0,-0.4,mvnorm,lognormal,True,0.3638181772711214
0.0,-0.4,mvnorm,lognormal,True,0.03232469544649609
0.0,-0.4,mvnorm,lognormal,True,8.079552494217704e-11
0.0,-0.4,mvnorm,lognormal,True,1.364289071964032e-05
0.0,-0.4,mvnorm,lognormal,True,0.8787090314997095
0.0,-0.4,mvnorm,lognormal,True,0.0004528766975051366
0.0,-0.4,mvnorm,lognormal,True,0.7912026512397243
0.0,-0.4,mvnorm,lognormal,True,3.417779993172093e-05
0.0,-0.4,mvnorm,lognormal,True,0.0019221258312605036
0.0,-0.4,mvnorm,lognormal,True,8.496998974913305e-08
0.0,-0.4,mvnorm,lognormal,True,0.0008408538808156683
0.0,-0.4,mvnorm,lognormal,True,1.0027182568553215e-08
0.0,-0.4,mvnorm,lognormal,True,0.017434792472067598
0.0,-0.4,mvnorm,lognormal,True,0.08977461375876111
0.0,-0.4,mvnorm,lognormal,True,4.895919179062174e-17
0.0,-0.4,mvnorm,lognormal,True,0.7891594612652628
0.0,-0.4,mvnorm,lognormal,True,0.21195753532350237
0.0,-0.4,mvnorm,lognormal,True,3.404475255006795e-12
0.0,-0.4,mvnorm,lognormal,True,0.021819153579404865
0.0,-0.4,mvnorm,lognormal,True,0.35552248475880177
0.0,-0.4,mvnorm,lognormal,True,0.0672534330999118
0.0,-0.4,mvnorm,lognormal,True,0.2306734740833273
0.0,-0.4,mvnorm,lognormal,True,0.00918098077907708
0.0,-0.4,mvnorm,lognormal,True,0.7289264979806247
0.0,-0.4,mvnorm,lognormal,True,0.5439379442040679
0.0,-0.4,mvnorm,lognormal,True,0.0050856105502401425
0.0,-0.4,mvnorm,lognormal,True,2.6851880166177955e-05
0.0,-0.4,mvnorm,lognormal,True,7.839489646520165e-07
0.0,-0.4,mvnorm,lognormal,True,0.6071942952204019
0.0,-0.4,mvnorm,lognormal,True,0.12327899268417365
0.0,-0.4,mvnorm,lognormal,True,0.26447963546899167
0.0,-0.4,mvnorm,lognormal,True,0.29565337106419937
0.0,-0.4,mvnorm,lognormal,True,0.0872701114109458
0.0,-0.4,mvnorm,lognormal,True,0.6388793430159968
0.0,-0.4,mvnorm,lognormal,True,0.013816244673643247
0.0,-0.4,mvnorm,lognormal,True,2.666762845037775e-17
0.0,-0.4,mvnorm,lognormal,True,8.961867564809616e-15
0.0,-0.4,mvnorm,lognormal,True,2.859411234673702e-05
0.0,-0.4,mvnorm,lognormal,True,0.18337217247779888
0.0,-0.4,mvnorm,lognormal,True,0.8038259724541189
0.0,-0.4,mvnorm,lognormal,True,0.0015134226478149002
0.0,-0.4,mvnorm,lognormal,True,0.5305318556933811
0.0,-0.4,mvnorm,lognormal,True,0.017304160826553096
0.0,-0.4,mvnorm,lognormal,True,3.7450175618268403e-07
0.0,-0.4,mvnorm,lognormal,True,0.058565973892385104
0.0,-0.4,mvnorm,lognormal,True,0.4149231267173171
0.0,-0.4,mvnorm,lognormal,True,0.0015438568002437314
0.0,-0.4,mvnorm,lognormal,True,0.6866488050823965
0.0,-0.4,mvnorm,lognormal,True,0.0010100087269342161
0.0,-0.4,mvnorm,lognormal,True,0.3564728422168497
0.0,-0.4,mvnorm,lognormal,True,1.8247170995126502e-05
0.0,-0.4,mvnorm,lognormal,True,0.004885135537524592
0.0,-0.4,mvnorm,lognormal,True,0.5107937157113387
0.0,-0.4,mvnorm,lognormal,True,0.636519872387333
0.0,-0.4,mvnorm,lognormal,True,0.004476122049984871
0.0,-0.4,mvnorm,lognormal,True,0.0007657152388457898
0.0,-0.4,mvnorm,lognormal,True,0.0008323825895326616
0.0,-0.4,mvnorm,lognormal,True,0.45323271755932304
0.0,-0.4,mvnorm,lognormal,True,3.234557973700476e-20
0.0,-0.4,mvnorm,lognormal,True,0.10604158702837876
0.0,-0.4,mvnorm,lognormal,True,0.16486015058287812
0.0,-0.4,mvnorm,lognormal,True,1.1096237991473417e-07
0.0,-0.4,mvnorm,lognormal,True,0.06794123630960514
0.0,-0.4,mvnorm,lognormal,True,0.7028714304187356
0.0,-0.4,mvnorm,lognormal,True,0.008803756685572485
0.0,-0.4,mvnorm,lognormal,True,0.01354019532854221
0.0,-0.4,mvnorm,lognormal,True,0.9255254178221879
0.0,-0.4,mvnorm,lognormal,True,3.732108674189257e-06
0.0,-0.4,mvnorm,lognormal,True,0.7201212053364908
0.0,-0.4,mvnorm,lognormal,True,0.006781672179437161
0.0,-0.4,mvnorm,lognormal,True,0.004632519356205703
0.0,-0.4,mvnorm,lognormal,True,0.29036038058333025
0.0,-0.4,mvnorm,lognormal,True,0.9882094790376754
0.0,-0.4,mvnorm,lognormal,True,0.5913009179292275
0.0,-0.4,mvnorm,lognormal,True,3.937770500855172e-07
0.0,-0.4,mvnorm,lognormal,True,2.604274772391679e-07
0.0,-0.4,mvnorm,lognormal,True,0.14385652241171315
0.0,-0.4,mvnorm,lognormal,True,2.5061669376623628e-05
0.0,-0.4,mvnorm,lognormal,True,0.40707987065395046
0.0,-0.4,mvnorm,lognormal,True,0.2695734897050918
0.0,-0.4,mvnorm,lognormal,True,0.010693125573815517
0.0,-0.4,mvnorm,lognormal,True,0.195119199411384
0.0,-0.4,mvnorm,lognormal,True,0.00471038498388039
0.0,-0.4,mvnorm,lognormal,True,0.2061704568002629
0.0,-0.4,mvnorm,lognormal,True,0.025421184045067276
0.0,-0.4,mvnorm,lognormal,True,0.029084297264208175
0.0,-0.4,mvnorm,lognormal,True,2.1670837247725528e-13
0.0,-0.4,mvnorm,lognormal,True,0.006954621172690143
0.0,-0.4,mvnorm,lognormal,True,0.03145903974266237
0.0,-0.4,mvnorm,lognormal,True,2.483806752520717e-07
0.0,-0.4,mvnorm,lognormal,True,0.00031940375419433573
0.0,-0.4,mvnorm,lognormal,True,7.660965612744541e-06
0.0,-0.4,mvnorm,lognormal,True,0.03713044327792219
0.0,-0.4,mvnorm,lognormal,True,0.11718320920914206
0.0,-0.4,mvnorm,lognormal,True,0.7599604208018151
0.0,-0.4,mvnorm,lognormal,True,5.601337899592966e-06
0.0,-0.4,mvnorm,lognormal,True,0.012957074019745551
0.0,-0.4,mvnorm,lognormal,True,0.22501625166522052
0.0,-0.4,mvnorm,lognormal,True,0.07203257866414402
0.0,-0.4,mvnorm,lognormal,True,0.048187270862271814
0.0,-0.4,mvnorm,lognormal,True,0.7872527062275221
0.0,-0.4,mvnorm,lognormal,True,0.0055274473032244
0.0,-0.4,mvnorm,lognormal,True,0.0012600760348467942
0.0,-0.4,mvnorm,lognormal,True,1.7089714163979866e-10
0.0,-0.4,mvnorm,lognormal,True,1.963443925028469e-09
0.0,-0.4,mvnorm,lognormal,True,0.00639956834121055
0.0,-0.4,mvnorm,lognormal,True,0.1263129098717408
0.0,-0.4,mvnorm,lognormal,True,0.8793123185405715
0.0,-0.4,mvnorm,lognormal,True,0.031170021058290323
0.0,-0.4,mvnorm,lognormal,True,0.022336299686408455
0.0,-0.4,mvnorm,lognormal,True,7.756300219574213e-09
0.0,-0.4,mvnorm,lognormal,True,0.2501166589772077
0.0,-0.4,mvnorm,lognormal,True,0.05456506255304835
0.0,-0.4,mvnorm,lognormal,True,2.1962201360531845e-09
0.0,-0.4,mvnorm,lognormal,True,0.00033369630348948135
0.0,-0.4,mvnorm,lognormal,True,0.20694650378263676
0.0,-0.4,mvnorm,lognormal,True,0.31978424703331587
0.0,-0.4,mvnorm,lognormal,True,0.15447632464525204
0.0,-0.4,mvnorm,lognormal,True,1.8823040578852357e-13
0.0,-0.4,mvnorm,lognormal,True,1.1188717144317745e-10
0.0,-0.4,mvnorm,lognormal,True,1.063914714974624e-09
0.0,-0.4,mvnorm,lognormal,True,0.2637440169859292
0.0,-0.4,mvnorm,lognormal,True,2.874835842393887e-06
0.0,-0.4,mvnorm,lognormal,True,0.004467136650834466
0.0,-0.4,mvnorm,lognormal,True,0.40301555077017437
0.0,-0.4,mvnorm,lognormal,True,0.0003592199213930669
0.0,-0.4,mvnorm,lognormal,True,2.7298109341999263e-10
0.0,-0.4,mvnorm,lognormal,True,0.19421173766012456
0.0,-0.4,mvnorm,lognormal,True,0.9975762450465148
0.0,-0.4,mvnorm,lognormal,True,0.1572638922836925
0.0,-0.4,mvnorm,lognormal,True,0.013507608937431958
0.0,-0.4,mvnorm,lognormal,True,0.20692541599839384
0.0,-0.4,mvnorm,lognormal,True,0.012408282994720743
0.0,-0.4,mvnorm,lognormal,True,7.936456957193705e-05
0.0,-0.4,mvnorm,lognormal,True,1.4783618120610619e-08
0.0,-0.4,mvnorm,lognormal,True,0.0037027159134710636
0.0,-0.4,mvnorm,lognormal,True,0.018471634792232506
0.0,-0.4,mvnorm,lognormal,True,0.026947558715491766
0.0,-0.4,mvnorm,lognormal,True,0.96100975446487
0.0,-0.4,mvnorm,lognormal,True,2.155868970359187e-12
