tau,rho,est,dist,obs_conf,pvals
0.15,0.2,lognorm,lognormal,True,0.332078306235694
0.15,0.2,lognorm,lognormal,True,0.47093882510487617
0.15,0.2,lognorm,lognormal,True,0.01207925623496716
0.15,0.2,lognorm,lognormal,True,0.4644715864997052
0.15,0.2,lognorm,lognormal,True,4.4422695480330754e-09
0.15,0.2,lognorm,lognormal,True,0.6067514454836482
0.15,0.2,lognorm,lognormal,True,0.0035950186401564567
0.15,0.2,lognorm,lognormal,True,3.0863249295483197e-10
0.15,0.2,lognorm,lognormal,True,0.3380052820910314
0.15,0.2,lognorm,lognormal,True,0.0948276283611151
0.15,0.2,lognorm,lognormal,True,1.1159342826638738e-10
0.15,0.2,lognorm,lognormal,True,9.188044129443032e-09
0.15,0.2,lognorm,lognormal,True,0.03513714096324024
0.15,0.2,lognorm,lognormal,True,3.028840016115611e-09
0.15,0.2,lognorm,lognormal,True,0.0007722105200343608
0.15,0.2,lognorm,lognormal,True,9.17021169721252e-10
0.15,0.2,lognorm,lognormal,True,7.520663738509406e-33
0.15,0.2,lognorm,lognormal,True,0.07564314221769163
0.15,0.2,lognorm,lognormal,True,0.0001320322143680352
0.15,0.2,lognorm,lognormal,True,0.000239531785953429
0.15,0.2,lognorm,lognormal,True,1.1436492799560808e-22
0.15,0.2,lognorm,lognormal,True,0.013656056994689773
0.15,0.2,lognorm,lognormal,True,0.06469982198152971
0.15,0.2,lognorm,lognormal,True,0.6928684729427379
0.15,0.2,lognorm,lognormal,True,0.32839053593744366
0.15,0.2,lognorm,lognormal,True,4.0541593712134e-15
0.15,0.2,lognorm,lognormal,True,5.187999083496739e-11
0.15,0.2,lognorm,lognormal,True,1.0476307253222288e-22
0.15,0.2,lognorm,lognormal,True,3.999185214417759e-31
0.15,0.2,lognorm,lognormal,True,2.508744992750971e-09
0.15,0.2,lognorm,lognormal,True,0.7851327796935671
0.15,0.2,lognorm,lognormal,True,1.3547834520385325e-07
0.15,0.2,lognorm,lognormal,True,0.8549727952621942
0.15,0.2,lognorm,lognormal,True,3.2537877788060626e-09
0.15,0.2,lognorm,lognormal,True,0.00883357512292323
0.15,0.2,lognorm,lognormal,True,0.35327140302098037
0.15,0.2,lognorm,lognormal,True,2.473833731751527e-06
0.15,0.2,lognorm,lognormal,True,9.114339497741691e-08
0.15,0.2,lognorm,lognormal,True,1.565317917869455e-08
0.15,0.2,lognorm,lognormal,True,0.007160893276501766
0.15,0.2,lognorm,lognormal,True,0.00011008598652645496
0.15,0.2,lognorm,lognormal,True,0.0015074128913006397
0.15,0.2,lognorm,lognormal,True,0.0053008730134467535
0.15,0.2,lognorm,lognormal,True,5.456979761350053e-19
0.15,0.2,lognorm,lognormal,True,0.28230404332479286
0.15,0.2,lognorm,lognormal,True,5.781328648047743e-09
0.15,0.2,lognorm,lognormal,True,1.8438444068850916e-17
0.15,0.2,lognorm,lognormal,True,0.0005560093868541251
0.15,0.2,lognorm,lognormal,True,0.00024189828460454137
0.15,0.2,lognorm,lognormal,True,0.00023570069880964867
0.15,0.2,lognorm,lognormal,True,0.0003610119063745773
0.15,0.2,lognorm,lognormal,True,1.7121782312170304e-20
0.15,0.2,lognorm,lognormal,True,7.491672526659143e-27
0.15,0.2,lognorm,lognormal,True,0.011834335429942602
0.15,0.2,lognorm,lognormal,True,0.5651854612648104
0.15,0.2,lognorm,lognormal,True,8.046448695523056e-18
0.15,0.2,lognorm,lognormal,True,4.536662947638307e-08
0.15,0.2,lognorm,lognormal,True,3.89257959231549e-06
0.15,0.2,lognorm,lognormal,True,0.0001743686554249369
0.15,0.2,lognorm,lognormal,True,0.004265289559076894
0.15,0.2,lognorm,lognormal,True,1.4286990036252588e-08
0.15,0.2,lognorm,lognormal,True,0.20707418126753158
0.15,0.2,lognorm,lognormal,True,0.01163168456970825
0.15,0.2,lognorm,lognormal,True,8.832627896015856e-07
0.15,0.2,lognorm,lognormal,True,3.397907777588609e-08
0.15,0.2,lognorm,lognormal,True,0.8098629648257479
0.15,0.2,lognorm,lognormal,True,0.21007007270639688
0.15,0.2,lognorm,lognormal,True,0.0031231001830633854
0.15,0.2,lognorm,lognormal,True,0.0007781033451287803
0.15,0.2,lognorm,lognormal,True,0.2754543343064265
0.15,0.2,lognorm,lognormal,True,5.4248187654427894e-09
0.15,0.2,lognorm,lognormal,True,0.617498827264233
0.15,0.2,lognorm,lognormal,True,0.02866354424438477
0.15,0.2,lognorm,lognormal,True,6.8401330633119775e-12
0.15,0.2,lognorm,lognormal,True,6.640347512510075e-12
0.15,0.2,lognorm,lognormal,True,0.0003915786629491649
0.15,0.2,lognorm,lognormal,True,4.428052248959589e-05
0.15,0.2,lognorm,lognormal,True,6.425935264361211e-06
0.15,0.2,lognorm,lognormal,True,0.708750816848462
0.15,0.2,lognorm,lognormal,True,0.07643946932378846
0.15,0.2,lognorm,lognormal,True,0.955557752632437
0.15,0.2,lognorm,lognormal,True,4.866679733058046e-07
0.15,0.2,lognorm,lognormal,True,0.0017205644068085104
0.15,0.2,lognorm,lognormal,True,2.5792266248554593e-14
0.15,0.2,lognorm,lognormal,True,0.00021931155035145346
0.15,0.2,lognorm,lognormal,True,4.373119751861329e-05
0.15,0.2,lognorm,lognormal,True,6.989407805137502e-10
0.15,0.2,lognorm,lognormal,True,2.9127777917466688e-08
0.15,0.2,lognorm,lognormal,True,0.22018158075550945
0.15,0.2,lognorm,lognormal,True,0.02602815613264847
0.15,0.2,lognorm,lognormal,True,0.0386983831341204
0.15,0.2,lognorm,lognormal,True,0.43951817368137736
0.15,0.2,lognorm,lognormal,True,0.000358091379211423
0.15,0.2,lognorm,lognormal,True,0.6922382782587884
0.15,0.2,lognorm,lognormal,True,0.008508663852390538
0.15,0.2,lognorm,lognormal,True,9.28162323777761e-08
0.15,0.2,lognorm,lognormal,True,0.6115323960165635
0.15,0.2,lognorm,lognormal,True,2.1816537083715263e-05
0.15,0.2,lognorm,lognormal,True,0.0016452987805456864
0.15,0.2,lognorm,lognormal,True,6.87930304053243e-05
0.15,0.2,lognorm,lognormal,True,0.0010482231560811764
0.15,0.2,lognorm,lognormal,True,0.18529231828484688
0.15,0.2,lognorm,lognormal,True,0.015204481138220892
0.15,0.2,lognorm,lognormal,True,7.197978887239954e-09
0.15,0.2,lognorm,lognormal,True,0.10567893522163045
0.15,0.2,lognorm,lognormal,True,4.393347105322473e-05
0.15,0.2,lognorm,lognormal,True,0.04369938883925476
0.15,0.2,lognorm,lognormal,True,6.533882811518508e-11
0.15,0.2,lognorm,lognormal,True,0.0002972093398166971
0.15,0.2,lognorm,lognormal,True,0.05515904833445904
0.15,0.2,lognorm,lognormal,True,0.09023206107573023
0.15,0.2,lognorm,lognormal,True,2.92901047632031e-14
0.15,0.2,lognorm,lognormal,True,3.0781273649927885e-10
0.15,0.2,lognorm,lognormal,True,3.2951341824556885e-15
0.15,0.2,lognorm,lognormal,True,9.076565388590054e-07
0.15,0.2,lognorm,lognormal,True,2.1399089419816343e-08
0.15,0.2,lognorm,lognormal,True,5.8086214318130706e-05
0.15,0.2,lognorm,lognormal,True,0.3566542027191274
0.15,0.2,lognorm,lognormal,True,7.665189260241736e-05
0.15,0.2,lognorm,lognormal,True,0.00120350098844999
0.15,0.2,lognorm,lognormal,True,0.00013766518753956163
0.15,0.2,lognorm,lognormal,True,4.7406498196966014e-11
0.15,0.2,lognorm,lognormal,True,6.458839843938246e-07
0.15,0.2,lognorm,lognormal,True,0.32251287387511113
0.15,0.2,lognorm,lognormal,True,0.06126097726557333
0.15,0.2,lognorm,lognormal,True,1.97797259420018e-05
0.15,0.2,lognorm,lognormal,True,0.11501173696305608
0.15,0.2,lognorm,lognormal,True,8.025681701733394e-05
0.15,0.2,lognorm,lognormal,True,4.747756023439497e-07
0.15,0.2,lognorm,lognormal,True,3.7341815852827504e-06
0.15,0.2,lognorm,lognormal,True,0.01424510569706718
0.15,0.2,lognorm,lognormal,True,1.4948891282696046e-10
0.15,0.2,lognorm,lognormal,True,1.9746580083159846e-11
0.15,0.2,lognorm,lognormal,True,0.1940165212449934
0.15,0.2,lognorm,lognormal,True,0.15243779718989378
0.15,0.2,lognorm,lognormal,True,0.1096518728153817
0.15,0.2,lognorm,lognormal,True,1.1703115137256196e-09
0.15,0.2,lognorm,lognormal,True,1.2907973455748514e-05
0.15,0.2,lognorm,lognormal,True,7.723747429401099e-13
0.15,0.2,lognorm,lognormal,True,5.526546389398929e-12
0.15,0.2,lognorm,lognormal,True,0.01124105266142996
0.15,0.2,lognorm,lognormal,True,0.008473046764974302
0.15,0.2,lognorm,lognormal,True,0.06760800984955931
0.15,0.2,lognorm,lognormal,True,0.0005972319588141603
0.15,0.2,lognorm,lognormal,True,7.986634375202923e-26
0.15,0.2,lognorm,lognormal,True,7.946373480091422e-08
0.15,0.2,lognorm,lognormal,True,8.936616400323656e-24
0.15,0.2,lognorm,lognormal,True,0.7466565392308858
0.15,0.2,lognorm,lognormal,True,3.671813018792047e-05
0.15,0.2,lognorm,lognormal,True,0.05677365825055694
0.15,0.2,lognorm,lognormal,True,2.634269876035731e-24
0.15,0.2,lognorm,lognormal,True,0.0019930902686402224
0.15,0.2,lognorm,lognormal,True,2.992650247578791e-10
0.15,0.2,lognorm,lognormal,True,0.012885755201048359
0.15,0.2,lognorm,lognormal,True,1.5181740907495472e-06
0.15,0.2,lognorm,lognormal,True,3.564543692872977e-08
0.15,0.2,lognorm,lognormal,True,0.0024400186292918716
0.15,0.2,lognorm,lognormal,True,0.02853252182434208
0.15,0.2,lognorm,lognormal,True,0.24961030968565281
0.15,0.2,lognorm,lognormal,True,0.003370152724485849
0.15,0.2,lognorm,lognormal,True,9.382756181888757e-22
0.15,0.2,lognorm,lognormal,True,0.0027760065477447715
0.15,0.2,lognorm,lognormal,True,5.0585801492943e-07
0.15,0.2,lognorm,lognormal,True,1.204796055872554e-14
0.15,0.2,lognorm,lognormal,True,0.22985915050192915
0.15,0.2,lognorm,lognormal,True,0.09355826528310641
0.15,0.2,lognorm,lognormal,True,0.004112450031277058
0.15,0.2,lognorm,lognormal,True,0.03511452087882794
0.15,0.2,lognorm,lognormal,True,0.8351332526022016
0.15,0.2,lognorm,lognormal,True,5.211402699936973e-17
0.15,0.2,lognorm,lognormal,True,0.13038989752385535
0.15,0.2,lognorm,lognormal,True,0.6489139996300133
0.15,0.2,lognorm,lognormal,True,0.10819713424095993
0.15,0.2,lognorm,lognormal,True,4.147606804791727e-06
0.15,0.2,lognorm,lognormal,True,2.873283191398667e-07
0.15,0.2,lognorm,lognormal,True,0.044547182937671126
0.15,0.2,lognorm,lognormal,True,1.8186926570214257e-11
0.15,0.2,lognorm,lognormal,True,0.035910551701336536
0.15,0.2,lognorm,lognormal,True,1.1928947859743612e-23
0.15,0.2,lognorm,lognormal,True,3.865183938032098e-10
0.15,0.2,lognorm,lognormal,True,0.8219425838330826
0.15,0.2,lognorm,lognormal,True,3.6133012687103766e-12
0.15,0.2,lognorm,lognormal,True,0.08358423873015004
0.15,0.2,lognorm,lognormal,True,0.07750830804217065
0.15,0.2,lognorm,lognormal,True,0.15224967883077797
0.15,0.2,lognorm,lognormal,True,3.447073881459224e-11
0.15,0.2,lognorm,lognormal,True,1.8886716156831635e-06
0.15,0.2,lognorm,lognormal,True,0.1837968010916604
0.15,0.2,lognorm,lognormal,True,0.535455862009435
0.15,0.2,lognorm,lognormal,True,0.00367933462973057
0.15,0.2,lognorm,lognormal,True,0.004981287884276544
0.15,0.2,lognorm,lognormal,True,3.5279344078002475e-08
0.15,0.2,lognorm,lognormal,True,4.0418195302682176e-16
0.15,0.2,lognorm,lognormal,True,0.0012369589551911478
0.15,0.2,lognorm,lognormal,True,0.08372053333096223
0.15,0.2,lognorm,lognormal,True,0.0005331495732879529
0.15,0.2,lognorm,lognormal,True,0.9273725409858689
0.15,0.2,lognorm,lognormal,True,1.2352584439274747e-14
0.15,0.2,lognorm,lognormal,True,0.38181090349490243
0.15,0.2,lognorm,lognormal,True,1.0723756046141025e-18
