tau,rho,est,dist,obs_conf,pvals
0.15,-0.4,mvnorm,lognormal,True,0.1049403353509847
0.15,-0.4,mvnorm,lognormal,True,2.524954605462807e-16
0.15,-0.4,mvnorm,lognormal,True,5.952792144956954e-09
0.15,-0.4,mvnorm,lognormal,True,2.0918671424532067e-07
0.15,-0.4,mvnorm,lognormal,True,0.2746247542586427
0.15,-0.4,mvnorm,lognormal,True,0.00043051811349324953
0.15,-0.4,mvnorm,lognormal,True,1.878598867823637e-10
0.15,-0.4,mvnorm,lognormal,True,1.8316885709289526e-10
0.15,-0.4,mvnorm,lognormal,True,0.7471328929086705
0.15,-0.4,mvnorm,lognormal,True,1.5881762932925236e-07
0.15,-0.4,mvnorm,lognormal,True,0.48612489100675216
0.15,-0.4,mvnorm,lognormal,True,0.3010545912072901
0.15,-0.4,mvnorm,lognormal,True,8.883112796855725e-10
0.15,-0.4,mvnorm,lognormal,True,0.0020078394454885735
0.15,-0.4,mvnorm,lognormal,True,0.016669387322511976
0.15,-0.4,mvnorm,lognormal,True,3.619819556751154e-08
0.15,-0.4,mvnorm,lognormal,True,1.1112142854273353e-12
0.15,-0.4,mvnorm,lognormal,True,1.3396803079870141e-06
0.15,-0.4,mvnorm,lognormal,True,1.135029021696292e-05
0.15,-0.4,mvnorm,lognormal,True,9.851013775836057e-09
0.15,-0.4,mvnorm,lognormal,True,1.1912002588726114e-12
0.15,-0.4,mvnorm,lognormal,True,0.006883298365165641
0.15,-0.4,mvnorm,lognormal,True,4.567825280904171e-08
0.15,-0.4,mvnorm,lognormal,True,0.004128052615783824
0.15,-0.4,mvnorm,lognormal,True,1.410126524566317e-08
0.15,-0.4,mvnorm,lognormal,True,3.141426997235833e-13
0.15,-0.4,mvnorm,lognormal,True,5.310582659911624e-07
0.15,-0.4,mvnorm,lognormal,True,0.0011036253639986524
0.15,-0.4,mvnorm,lognormal,True,3.530945693699832e-08
0.15,-0.4,mvnorm,lognormal,True,0.808936458124712
0.15,-0.4,mvnorm,lognormal,True,0.04258097811145169
0.15,-0.4,mvnorm,lognormal,True,0.6977209014495898
0.15,-0.4,mvnorm,lognormal,True,0.7946461205692196
0.15,-0.4,mvnorm,lognormal,True,2.6718941705585115e-06
0.15,-0.4,mvnorm,lognormal,True,4.571241066359631e-06
0.15,-0.4,mvnorm,lognormal,True,2.345791313673478e-10
0.15,-0.4,mvnorm,lognormal,True,1.4007540605011401e-05
0.15,-0.4,mvnorm,lognormal,True,1.5035569728612324e-17
0.15,-0.4,mvnorm,lognormal,True,1.3289133769425335e-07
0.15,-0.4,mvnorm,lognormal,True,5.198325260002833e-06
0.15,-0.4,mvnorm,lognormal,True,2.6341373497137495e-06
0.15,-0.4,mvnorm,lognormal,True,0.09870758014887336
0.15,-0.4,mvnorm,lognormal,True,0.002031780304583392
0.15,-0.4,mvnorm,lognormal,True,0.004546542575940019
0.15,-0.4,mvnorm,lognormal,True,0.00020934482996093739
0.15,-0.4,mvnorm,lognormal,True,0.015219237327366558
0.15,-0.4,mvnorm,lognormal,True,0.6942856683357711
0.15,-0.4,mvnorm,lognormal,True,5.692153671752148e-08
0.15,-0.4,mvnorm,lognormal,True,3.643848020811084e-11
0.15,-0.4,mvnorm,lognormal,True,1.4179904982791851e-25
0.15,-0.4,mvnorm,lognormal,True,0.05197045723849666
0.15,-0.4,mvnorm,lognormal,True,0.28171445633349196
0.15,-0.4,mvnorm,lognormal,True,0.012582082630246925
0.15,-0.4,mvnorm,lognormal,True,1.343120578970351e-06
0.15,-0.4,mvnorm,lognormal,True,7.57890567267575e-07
0.15,-0.4,mvnorm,lognormal,True,0.09347435071642728
0.15,-0.4,mvnorm,lognormal,True,0.1652317158157768
0.15,-0.4,mvnorm,lognormal,True,0.18587512288378255
0.15,-0.4,mvnorm,lognormal,True,2.904462338663013e-13
0.15,-0.4,mvnorm,lognormal,True,2.4537178858412663e-09
0.15,-0.4,mvnorm,lognormal,True,0.0016233339499325957
0.15,-0.4,mvnorm,lognormal,True,9.780710188019763e-05
0.15,-0.4,mvnorm,lognormal,True,1.1474678086360997e-16
0.15,-0.4,mvnorm,lognormal,True,2.218571165508706e-15
0.15,-0.4,mvnorm,lognormal,True,0.009880473459015902
0.15,-0.4,mvnorm,lognormal,True,1.458378315404487e-09
0.15,-0.4,mvnorm,lognormal,True,5.787102492994579e-07
0.15,-0.4,mvnorm,lognormal,True,3.625537627124004e-13
0.15,-0.4,mvnorm,lognormal,True,0.17262269751467713
0.15,-0.4,mvnorm,lognormal,True,0.025913104558747877
0.15,-0.4,mvnorm,lognormal,True,3.0824665870804336e-10
0.15,-0.4,mvnorm,lognormal,True,0.020934669903540638
0.15,-0.4,mvnorm,lognormal,True,1.4915463955529939e-09
0.15,-0.4,mvnorm,lognormal,True,3.412902933917216e-08
0.15,-0.4,mvnorm,lognormal,True,3.087029918922217e-08
0.15,-0.4,mvnorm,lognormal,True,1.4882094736623471e-05
0.15,-0.4,mvnorm,lognormal,True,3.2684145101640883e-06
0.15,-0.4,mvnorm,lognormal,True,1.7413545790808567e-15
0.15,-0.4,mvnorm,lognormal,True,2.548991989558643e-05
0.15,-0.4,mvnorm,lognormal,True,0.02462096211868694
0.15,-0.4,mvnorm,lognormal,True,0.004074687125098216
0.15,-0.4,mvnorm,lognormal,True,7.81798915451456e-07
0.15,-0.4,mvnorm,lognormal,True,8.833796297717664e-09
0.15,-0.4,mvnorm,lognormal,True,0.00021768628677103143
0.15,-0.4,mvnorm,lognormal,True,5.567616296986134e-10
0.15,-0.4,mvnorm,lognormal,True,0.6141039485134181
0.15,-0.4,mvnorm,lognormal,True,3.4816347398514583e-15
0.15,-0.4,mvnorm,lognormal,True,1.3810674737782431e-16
0.15,-0.4,mvnorm,lognormal,True,1.7408830483880172e-05
0.15,-0.4,mvnorm,lognormal,True,1.2036762524091444e-05
0.15,-0.4,mvnorm,lognormal,True,0.12065864043966242
0.15,-0.4,mvnorm,lognormal,True,8.399256315740473e-06
0.15,-0.4,mvnorm,lognormal,True,0.007029095301308046
0.15,-0.4,mvnorm,lognormal,True,0.013059638257250922
0.15,-0.4,mvnorm,lognormal,True,4.488595860535928e-11
0.15,-0.4,mvnorm,lognormal,True,7.668123155922256e-10
0.15,-0.4,mvnorm,lognormal,True,6.482465171783504e-30
0.15,-0.4,mvnorm,lognormal,True,2.3329318804028266e-08
0.15,-0.4,mvnorm,lognormal,True,1.1305399823909552e-05
0.15,-0.4,mvnorm,lognormal,True,0.00034669005702726987
0.15,-0.4,mvnorm,lognormal,True,8.769612529849846e-13
0.15,-0.4,mvnorm,lognormal,True,1.507346142803266e-05
0.15,-0.4,mvnorm,lognormal,True,2.19522556610371e-12
0.15,-0.4,mvnorm,lognormal,True,0.33203624882218774
0.15,-0.4,mvnorm,lognormal,True,0.04886341932410408
0.15,-0.4,mvnorm,lognormal,True,1.1143689172587582e-05
0.15,-0.4,mvnorm,lognormal,True,6.924939921403143e-10
0.15,-0.4,mvnorm,lognormal,True,8.909311847842713e-07
0.15,-0.4,mvnorm,lognormal,True,0.23940967667147162
0.15,-0.4,mvnorm,lognormal,True,1.6225118952460034e-08
0.15,-0.4,mvnorm,lognormal,True,9.575740900950041e-15
0.15,-0.4,mvnorm,lognormal,True,0.9902021020902668
0.15,-0.4,mvnorm,lognormal,True,0.131523533707935
0.15,-0.4,mvnorm,lognormal,True,6.879607608288443e-06
0.15,-0.4,mvnorm,lognormal,True,0.10711128676209415
0.15,-0.4,mvnorm,lognormal,True,2.9166143687638774e-18
0.15,-0.4,mvnorm,lognormal,True,3.4779871688608074e-06
0.15,-0.4,mvnorm,lognormal,True,0.0243135136558572
0.15,-0.4,mvnorm,lognormal,True,2.4066217752300336e-13
0.15,-0.4,mvnorm,lognormal,True,0.5673382145125945
0.15,-0.4,mvnorm,lognormal,True,3.441381522508062e-09
0.15,-0.4,mvnorm,lognormal,True,1.3885586849598842e-18
0.15,-0.4,mvnorm,lognormal,True,0.0502358406750476
0.15,-0.4,mvnorm,lognormal,True,0.0010439048209578735
0.15,-0.4,mvnorm,lognormal,True,3.513325017382751e-10
0.15,-0.4,mvnorm,lognormal,True,5.220078798458596e-10
0.15,-0.4,mvnorm,lognormal,True,0.0019339869098535343
0.15,-0.4,mvnorm,lognormal,True,0.15426118335335312
0.15,-0.4,mvnorm,lognormal,True,0.14360396430600905
0.15,-0.4,mvnorm,lognormal,True,0.34017088576474624
0.15,-0.4,mvnorm,lognormal,True,0.16705003329465862
0.15,-0.4,mvnorm,lognormal,True,6.667938972350925e-08
0.15,-0.4,mvnorm,lognormal,True,1.5282402433220714e-06
0.15,-0.4,mvnorm,lognormal,True,0.004001238467251765
0.15,-0.4,mvnorm,lognormal,True,0.03264499993992366
0.15,-0.4,mvnorm,lognormal,True,1.179389553739997e-16
0.15,-0.4,mvnorm,lognormal,True,6.824324582789398e-07
0.15,-0.4,mvnorm,lognormal,True,2.367421038556856e-13
0.15,-0.4,mvnorm,lognormal,True,7.380301591828405e-06
0.15,-0.4,mvnorm,lognormal,True,0.00031314874219057654
0.15,-0.4,mvnorm,lognormal,True,2.4592759964310323e-11
0.15,-0.4,mvnorm,lognormal,True,1.5555492952424324e-08
0.15,-0.4,mvnorm,lognormal,True,7.043296847378571e-07
0.15,-0.4,mvnorm,lognormal,True,1.3925285220806383e-06
0.15,-0.4,mvnorm,lognormal,True,5.912206407384292e-06
0.15,-0.4,mvnorm,lognormal,True,0.5032322212789897
0.15,-0.4,mvnorm,lognormal,True,6.214131370113483e-19
0.15,-0.4,mvnorm,lognormal,True,0.6348189699510984
0.15,-0.4,mvnorm,lognormal,True,6.00657951497728e-05
0.15,-0.4,mvnorm,lognormal,True,0.23900124533671166
0.15,-0.4,mvnorm,lognormal,True,0.040422200114314244
0.15,-0.4,mvnorm,lognormal,True,1.1797595685009098e-12
0.15,-0.4,mvnorm,lognormal,True,7.666606470114613e-07
0.15,-0.4,mvnorm,lognormal,True,3.334575711365326e-06
0.15,-0.4,mvnorm,lognormal,True,3.70081376176616e-07
0.15,-0.4,mvnorm,lognormal,True,0.0004529281188251417
0.15,-0.4,mvnorm,lognormal,True,1.7199604305007432e-11
0.15,-0.4,mvnorm,lognormal,True,0.0009425999521879852
0.15,-0.4,mvnorm,lognormal,True,1.519808235565204e-11
0.15,-0.4,mvnorm,lognormal,True,0.03972858330967028
0.15,-0.4,mvnorm,lognormal,True,5.981187762450245e-09
0.15,-0.4,mvnorm,lognormal,True,2.19423901826018e-07
0.15,-0.4,mvnorm,lognormal,True,0.9958625845809884
0.15,-0.4,mvnorm,lognormal,True,0.14712337362893982
0.15,-0.4,mvnorm,lognormal,True,0.10213185403897972
0.15,-0.4,mvnorm,lognormal,True,1.04343512254547e-12
0.15,-0.4,mvnorm,lognormal,True,2.097252742780336e-08
0.15,-0.4,mvnorm,lognormal,True,0.0021414431224478243
0.15,-0.4,mvnorm,lognormal,True,2.2557211311124493e-07
0.15,-0.4,mvnorm,lognormal,True,0.002473029837313994
0.15,-0.4,mvnorm,lognormal,True,0.006827720374850916
0.15,-0.4,mvnorm,lognormal,True,0.003336483265600906
0.15,-0.4,mvnorm,lognormal,True,6.750901092828802e-07
0.15,-0.4,mvnorm,lognormal,True,3.399126042419703e-21
0.15,-0.4,mvnorm,lognormal,True,0.7300814482928564
0.15,-0.4,mvnorm,lognormal,True,4.079566104411809e-06
0.15,-0.4,mvnorm,lognormal,True,0.00012610809625350532
0.15,-0.4,mvnorm,lognormal,True,0.00016404629473014388
0.15,-0.4,mvnorm,lognormal,True,5.148427974296138e-28
0.15,-0.4,mvnorm,lognormal,True,1.498669642084402e-24
0.15,-0.4,mvnorm,lognormal,True,0.008534289371313898
0.15,-0.4,mvnorm,lognormal,True,3.379023851589939e-07
0.15,-0.4,mvnorm,lognormal,True,8.042914230179031e-12
0.15,-0.4,mvnorm,lognormal,True,6.357793112661922e-09
0.15,-0.4,mvnorm,lognormal,True,0.01293453825520317
0.15,-0.4,mvnorm,lognormal,True,1.6161206420394543e-08
0.15,-0.4,mvnorm,lognormal,True,0.1515735866940978
0.15,-0.4,mvnorm,lognormal,True,0.01989855831064583
0.15,-0.4,mvnorm,lognormal,True,0.018876188351702055
0.15,-0.4,mvnorm,lognormal,True,0.20236956796604774
0.15,-0.4,mvnorm,lognormal,True,0.8285939696929523
0.15,-0.4,mvnorm,lognormal,True,1.7526751918548338e-06
0.15,-0.4,mvnorm,lognormal,True,5.848485258752545e-11
0.15,-0.4,mvnorm,lognormal,True,0.6215705513043768
0.15,-0.4,mvnorm,lognormal,True,2.4024204948427268e-23
0.15,-0.4,mvnorm,lognormal,True,0.5594121020642687
0.15,-0.4,mvnorm,lognormal,True,1.0200621930957083e-09
0.15,-0.4,mvnorm,lognormal,True,0.49247482269365117
0.15,-0.4,mvnorm,lognormal,True,1.799176640389153e-07
0.15,-0.4,mvnorm,lognormal,True,3.860941983910601e-06
