tau,rho,est,dist,obs_conf,pvals
0.15,0.0,mvnorm,lognormal,True,0.1862760196317237
0.15,0.0,mvnorm,lognormal,True,3.2084851946662933e-07
0.15,0.0,mvnorm,lognormal,True,0.11097572576972745
0.15,0.0,mvnorm,lognormal,True,2.404804203998377e-13
0.15,0.0,mvnorm,lognormal,True,1.891131338005897e-05
0.15,0.0,mvnorm,lognormal,True,0.0006942930982888974
0.15,0.0,mvnorm,lognormal,True,0.16369957270725094
0.15,0.0,mvnorm,lognormal,True,3.983826348784312e-11
0.15,0.0,mvnorm,lognormal,True,0.10464956467611222
0.15,0.0,mvnorm,lognormal,True,4.867733116161878e-08
0.15,0.0,mvnorm,lognormal,True,0.801983258501429
0.15,0.0,mvnorm,lognormal,True,0.5273400675346909
0.15,0.0,mvnorm,lognormal,True,2.6714989215573896e-07
0.15,0.0,mvnorm,lognormal,True,0.03585118585100858
0.15,0.0,mvnorm,lognormal,True,0.0313633395219858
0.15,0.0,mvnorm,lognormal,True,0.8242877699580867
0.15,0.0,mvnorm,lognormal,True,1.8962089481896347e-09
0.15,0.0,mvnorm,lognormal,True,6.932749588716093e-05
0.15,0.0,mvnorm,lognormal,True,0.0012826483527543307
0.15,0.0,mvnorm,lognormal,True,7.831659292702312e-13
0.15,0.0,mvnorm,lognormal,True,6.1713842147145405e-12
0.15,0.0,mvnorm,lognormal,True,0.03212514301275474
0.15,0.0,mvnorm,lognormal,True,5.88348766897984e-13
0.15,0.0,mvnorm,lognormal,True,0.0019410890023806382
0.15,0.0,mvnorm,lognormal,True,0.07096253233116298
0.15,0.0,mvnorm,lognormal,True,2.495198727589176e-06
0.15,0.0,mvnorm,lognormal,True,0.6149230349250062
0.15,0.0,mvnorm,lognormal,True,2.5922572068052367e-10
0.15,0.0,mvnorm,lognormal,True,0.00017436436970983386
0.15,0.0,mvnorm,lognormal,True,0.00025905694354975425
0.15,0.0,mvnorm,lognormal,True,0.08927124708061185
0.15,0.0,mvnorm,lognormal,True,6.437040087007317e-08
0.15,0.0,mvnorm,lognormal,True,0.3007727534791199
0.15,0.0,mvnorm,lognormal,True,1.7788641811942417e-07
0.15,0.0,mvnorm,lognormal,True,0.035975708895276806
0.15,0.0,mvnorm,lognormal,True,0.0024353087957184947
0.15,0.0,mvnorm,lognormal,True,3.7447572008268865e-05
0.15,0.0,mvnorm,lognormal,True,0.0001069179927425946
0.15,0.0,mvnorm,lognormal,True,0.981379434268623
0.15,0.0,mvnorm,lognormal,True,0.00015006024407767055
0.15,0.0,mvnorm,lognormal,True,0.23804301781634393
0.15,0.0,mvnorm,lognormal,True,0.2922684674992684
0.15,0.0,mvnorm,lognormal,True,9.898324620848765e-14
0.15,0.0,mvnorm,lognormal,True,0.004193237256728785
0.15,0.0,mvnorm,lognormal,True,8.791800603278188e-06
0.15,0.0,mvnorm,lognormal,True,1.817501536236517e-06
0.15,0.0,mvnorm,lognormal,True,0.6159502696362374
0.15,0.0,mvnorm,lognormal,True,0.00013102635753381163
0.15,0.0,mvnorm,lognormal,True,3.623599983192488e-07
0.15,0.0,mvnorm,lognormal,True,2.5970547292079345e-13
0.15,0.0,mvnorm,lognormal,True,5.252293225464774e-07
0.15,0.0,mvnorm,lognormal,True,1.5233361108031182e-05
0.15,0.0,mvnorm,lognormal,True,3.934680464896095e-08
0.15,0.0,mvnorm,lognormal,True,1.796419470180806e-15
0.15,0.0,mvnorm,lognormal,True,0.2186447566768135
0.15,0.0,mvnorm,lognormal,True,0.0017471825405155814
0.15,0.0,mvnorm,lognormal,True,0.00010069599878882516
0.15,0.0,mvnorm,lognormal,True,0.012626153012975849
0.15,0.0,mvnorm,lognormal,True,0.06088976537284364
0.15,0.0,mvnorm,lognormal,True,6.719987449437737e-07
0.15,0.0,mvnorm,lognormal,True,0.015512827186147292
0.15,0.0,mvnorm,lognormal,True,1.6319598219266084e-15
0.15,0.0,mvnorm,lognormal,True,0.0024909323766937517
0.15,0.0,mvnorm,lognormal,True,0.19466231864882813
0.15,0.0,mvnorm,lognormal,True,3.4158760299759857e-07
0.15,0.0,mvnorm,lognormal,True,0.0002510873381090386
0.15,0.0,mvnorm,lognormal,True,0.0004876347473665637
0.15,0.0,mvnorm,lognormal,True,0.36686767490983707
0.15,0.0,mvnorm,lognormal,True,3.0808526523022936e-09
0.15,0.0,mvnorm,lognormal,True,0.7648098110279519
0.15,0.0,mvnorm,lognormal,True,0.5335921420670251
0.15,0.0,mvnorm,lognormal,True,0.4967035787095674
0.15,0.0,mvnorm,lognormal,True,0.28946315846837717
0.15,0.0,mvnorm,lognormal,True,5.4990587245059e-09
0.15,0.0,mvnorm,lognormal,True,0.21909975919714927
0.15,0.0,mvnorm,lognormal,True,1.3287361687589015e-08
0.15,0.0,mvnorm,lognormal,True,3.334275091435745e-07
0.15,0.0,mvnorm,lognormal,True,8.454601976725316e-08
0.15,0.0,mvnorm,lognormal,True,0.0013335744634393907
0.15,0.0,mvnorm,lognormal,True,9.636616154845555e-07
0.15,0.0,mvnorm,lognormal,True,0.001953889821498017
0.15,0.0,mvnorm,lognormal,True,0.5195280566966727
0.15,0.0,mvnorm,lognormal,True,2.9368379412799294e-06
0.15,0.0,mvnorm,lognormal,True,0.0036803407559766006
0.15,0.0,mvnorm,lognormal,True,2.080285214851059e-07
0.15,0.0,mvnorm,lognormal,True,0.3175343641510868
0.15,0.0,mvnorm,lognormal,True,8.271149789583337e-07
0.15,0.0,mvnorm,lognormal,True,9.346666153391732e-07
0.15,0.0,mvnorm,lognormal,True,0.000601696076051601
0.15,0.0,mvnorm,lognormal,True,0.10638237830080405
0.15,0.0,mvnorm,lognormal,True,0.8628916511709146
0.15,0.0,mvnorm,lognormal,True,0.002514428865368916
0.15,0.0,mvnorm,lognormal,True,4.618751583720332e-10
0.15,0.0,mvnorm,lognormal,True,3.434268062188791e-05
0.15,0.0,mvnorm,lognormal,True,2.163865718082129e-05
0.15,0.0,mvnorm,lognormal,True,0.004441843416619676
0.15,0.0,mvnorm,lognormal,True,1.5969177530012845e-05
0.15,0.0,mvnorm,lognormal,True,2.7490919409046827e-05
0.15,0.0,mvnorm,lognormal,True,0.37883645517188125
0.15,0.0,mvnorm,lognormal,True,0.08011323653501454
0.15,0.0,mvnorm,lognormal,True,1.3742818775324095e-11
0.15,0.0,mvnorm,lognormal,True,1.4724000673548785e-07
0.15,0.0,mvnorm,lognormal,True,0.02352817618995293
0.15,0.0,mvnorm,lognormal,True,1.142614140979593e-06
0.15,0.0,mvnorm,lognormal,True,4.901231113377906e-11
0.15,0.0,mvnorm,lognormal,True,7.334107916789682e-06
0.15,0.0,mvnorm,lognormal,True,1.4806447169122417e-13
0.15,0.0,mvnorm,lognormal,True,0.03730028406581834
0.15,0.0,mvnorm,lognormal,True,0.40028388402535997
0.15,0.0,mvnorm,lognormal,True,2.4772101375344984e-11
0.15,0.0,mvnorm,lognormal,True,0.883240898442202
0.15,0.0,mvnorm,lognormal,True,0.3414028557264338
0.15,0.0,mvnorm,lognormal,True,0.009751984099315698
0.15,0.0,mvnorm,lognormal,True,0.02620697262285218
0.15,0.0,mvnorm,lognormal,True,0.0002447600604393519
0.15,0.0,mvnorm,lognormal,True,0.0007040417758646625
0.15,0.0,mvnorm,lognormal,True,0.025848664867333834
0.15,0.0,mvnorm,lognormal,True,0.02123596223852789
0.15,0.0,mvnorm,lognormal,True,0.07144960755313587
0.15,0.0,mvnorm,lognormal,True,0.08014066620472018
0.15,0.0,mvnorm,lognormal,True,0.00020804145267905536
0.15,0.0,mvnorm,lognormal,True,0.001331672794440149
0.15,0.0,mvnorm,lognormal,True,0.8572679394271819
0.15,0.0,mvnorm,lognormal,True,0.05536867474590464
0.15,0.0,mvnorm,lognormal,True,7.034087857138005e-19
0.15,0.0,mvnorm,lognormal,True,3.977286773876728e-06
0.15,0.0,mvnorm,lognormal,True,5.07679321779071e-05
0.15,0.0,mvnorm,lognormal,True,3.145675601075488e-14
0.15,0.0,mvnorm,lognormal,True,0.11252726112249714
0.15,0.0,mvnorm,lognormal,True,0.004263335238938389
0.15,0.0,mvnorm,lognormal,True,0.12322433107384809
0.15,0.0,mvnorm,lognormal,True,0.02919415365429143
0.15,0.0,mvnorm,lognormal,True,0.12877829369545793
0.15,0.0,mvnorm,lognormal,True,0.000256751158203804
0.15,0.0,mvnorm,lognormal,True,0.9270616074617349
0.15,0.0,mvnorm,lognormal,True,1.435413214628009e-08
0.15,0.0,mvnorm,lognormal,True,0.08485512594784014
0.15,0.0,mvnorm,lognormal,True,0.0003233588919426155
0.15,0.0,mvnorm,lognormal,True,0.0036217207354276135
0.15,0.0,mvnorm,lognormal,True,0.08982868955478229
0.15,0.0,mvnorm,lognormal,True,1.7014292540019606e-09
0.15,0.0,mvnorm,lognormal,True,7.561455449481398e-05
0.15,0.0,mvnorm,lognormal,True,1.4247785599395e-08
0.15,0.0,mvnorm,lognormal,True,0.010476037661615707
0.15,0.0,mvnorm,lognormal,True,6.20992445957835e-05
0.15,0.0,mvnorm,lognormal,True,0.09735830767083911
0.15,0.0,mvnorm,lognormal,True,7.083228824456046e-12
0.15,0.0,mvnorm,lognormal,True,0.14308396006812138
0.15,0.0,mvnorm,lognormal,True,0.6501815037627852
0.15,0.0,mvnorm,lognormal,True,0.034192120397250926
0.15,0.0,mvnorm,lognormal,True,0.3833078113147663
0.15,0.0,mvnorm,lognormal,True,0.06881385724226222
0.15,0.0,mvnorm,lognormal,True,0.0035727666184301476
0.15,0.0,mvnorm,lognormal,True,0.07744970195612288
0.15,0.0,mvnorm,lognormal,True,1.2614270777058291e-06
0.15,0.0,mvnorm,lognormal,True,0.6880373365259069
0.15,0.0,mvnorm,lognormal,True,3.2564425077254227e-11
0.15,0.0,mvnorm,lognormal,True,0.12814622756522706
0.15,0.0,mvnorm,lognormal,True,0.03668990696431939
0.15,0.0,mvnorm,lognormal,True,1.688275290893155e-06
0.15,0.0,mvnorm,lognormal,True,3.468257927837749e-08
0.15,0.0,mvnorm,lognormal,True,2.65313444947078e-10
0.15,0.0,mvnorm,lognormal,True,0.05104947348582923
0.15,0.0,mvnorm,lognormal,True,0.9449877371912022
0.15,0.0,mvnorm,lognormal,True,1.993216511465635e-06
0.15,0.0,mvnorm,lognormal,True,1.3586547665485633e-20
0.15,0.0,mvnorm,lognormal,True,0.0002623740796580878
0.15,0.0,mvnorm,lognormal,True,5.481280550193385e-06
0.15,0.0,mvnorm,lognormal,True,4.73179649450297e-16
0.15,0.0,mvnorm,lognormal,True,0.5194385100270495
0.15,0.0,mvnorm,lognormal,True,0.6607652017417651
0.15,0.0,mvnorm,lognormal,True,1.0379508478915332e-05
0.15,0.0,mvnorm,lognormal,True,0.6919191261733988
0.15,0.0,mvnorm,lognormal,True,6.810765290374949e-05
0.15,0.0,mvnorm,lognormal,True,3.923267306070871e-05
0.15,0.0,mvnorm,lognormal,True,0.008659387529650965
0.15,0.0,mvnorm,lognormal,True,0.00030201043950523203
0.15,0.0,mvnorm,lognormal,True,1.2290261528369098e-05
0.15,0.0,mvnorm,lognormal,True,5.289297882449525e-07
0.15,0.0,mvnorm,lognormal,True,5.157781269621691e-10
0.15,0.0,mvnorm,lognormal,True,0.035375553423803566
0.15,0.0,mvnorm,lognormal,True,2.8087797551632586e-19
0.15,0.0,mvnorm,lognormal,True,7.772126354150935e-05
0.15,0.0,mvnorm,lognormal,True,1.69719956136782e-08
0.15,0.0,mvnorm,lognormal,True,3.5646147804364074e-06
0.15,0.0,mvnorm,lognormal,True,2.2907057370203192e-05
0.15,0.0,mvnorm,lognormal,True,0.6822647630074578
0.15,0.0,mvnorm,lognormal,True,0.0004478428783425145
0.15,0.0,mvnorm,lognormal,True,0.017588141271967166
0.15,0.0,mvnorm,lognormal,True,0.3115002096227132
0.15,0.0,mvnorm,lognormal,True,8.550676043197946e-05
0.15,0.0,mvnorm,lognormal,True,1.031667616238144e-12
0.15,0.0,mvnorm,lognormal,True,0.2520177775268706
0.15,0.0,mvnorm,lognormal,True,0.17238296024038152
0.15,0.0,mvnorm,lognormal,True,0.36685219504725375
0.15,0.0,mvnorm,lognormal,True,1.922452398717353e-09
0.15,0.0,mvnorm,lognormal,True,2.902695519745237e-12
0.15,0.0,mvnorm,lognormal,True,0.09615846585610299
0.15,0.0,mvnorm,lognormal,True,4.321672866071692e-06
0.15,0.0,mvnorm,lognormal,True,0.45897082030679637
