tau,rho,est,dist,obs_conf,pvals
0.03,0.4,mvnorm,lognormal,True,0.2626605128890998
0.03,0.4,mvnorm,lognormal,True,0.5765564001080097
0.03,0.4,mvnorm,lognormal,True,0.005413450033360721
0.03,0.4,mvnorm,lognormal,True,2.614525007512391e-05
0.03,0.4,mvnorm,lognormal,True,0.773913445266199
0.03,0.4,mvnorm,lognormal,True,0.014536436806724552
0.03,0.4,mvnorm,lognormal,True,0.37447346626404665
0.03,0.4,mvnorm,lognormal,True,5.611666705361181e-07
0.03,0.4,mvnorm,lognormal,True,0.0015373315601787077
0.03,0.4,mvnorm,lognormal,True,4.629605554886176e-13
0.03,0.4,mvnorm,lognormal,True,0.02946090077486615
0.03,0.4,mvnorm,lognormal,True,0.006250006254846685
0.03,0.4,mvnorm,lognormal,True,0.262813638670781
0.03,0.4,mvnorm,lognormal,True,0.1958022474823938
0.03,0.4,mvnorm,lognormal,True,0.21911284151512242
0.03,0.4,mvnorm,lognormal,True,0.7759441721434008
0.03,0.4,mvnorm,lognormal,True,0.053435947849913505
0.03,0.4,mvnorm,lognormal,True,4.735007225966433e-05
0.03,0.4,mvnorm,lognormal,True,0.5155361490704627
0.03,0.4,mvnorm,lognormal,True,1.9329752244321225e-22
0.03,0.4,mvnorm,lognormal,True,0.429516575825414
0.03,0.4,mvnorm,lognormal,True,0.26763153837040254
0.03,0.4,mvnorm,lognormal,True,1.4357904074167721e-11
0.03,0.4,mvnorm,lognormal,True,0.5720929993297217
0.03,0.4,mvnorm,lognormal,True,0.05895769309089115
0.03,0.4,mvnorm,lognormal,True,0.865091578914813
0.03,0.4,mvnorm,lognormal,True,0.07746831604882307
0.03,0.4,mvnorm,lognormal,True,1.2627952870215343e-05
0.03,0.4,mvnorm,lognormal,True,7.260752875154565e-06
0.03,0.4,mvnorm,lognormal,True,0.05059887145708697
0.03,0.4,mvnorm,lognormal,True,1.5734304106371601e-07
0.03,0.4,mvnorm,lognormal,True,2.8724247220339447e-10
0.03,0.4,mvnorm,lognormal,True,3.7653591826774484e-06
0.03,0.4,mvnorm,lognormal,True,0.12699457296845118
0.03,0.4,mvnorm,lognormal,True,4.912399769695185e-08
0.03,0.4,mvnorm,lognormal,True,0.21006584587032226
0.03,0.4,mvnorm,lognormal,True,0.37083449119729117
0.03,0.4,mvnorm,lognormal,True,6.160155944294876e-08
0.03,0.4,mvnorm,lognormal,True,0.9902123473980121
0.03,0.4,mvnorm,lognormal,True,0.0006131043496087774
0.03,0.4,mvnorm,lognormal,True,0.8233538125671774
0.03,0.4,mvnorm,lognormal,True,0.46786854878970785
0.03,0.4,mvnorm,lognormal,True,3.1265246657512455e-09
0.03,0.4,mvnorm,lognormal,True,0.42137330615857993
0.03,0.4,mvnorm,lognormal,True,1.9516463612660175e-06
0.03,0.4,mvnorm,lognormal,True,0.03483838616113526
0.03,0.4,mvnorm,lognormal,True,1.35662647920665e-07
0.03,0.4,mvnorm,lognormal,True,0.33172155912539536
0.03,0.4,mvnorm,lognormal,True,0.003866706668225424
0.03,0.4,mvnorm,lognormal,True,0.040585116029089596
0.03,0.4,mvnorm,lognormal,True,0.8521211214381695
0.03,0.4,mvnorm,lognormal,True,0.007900873958955687
0.03,0.4,mvnorm,lognormal,True,0.00016904803344375011
0.03,0.4,mvnorm,lognormal,True,0.002707556563266182
0.03,0.4,mvnorm,lognormal,True,0.8867725073899968
0.03,0.4,mvnorm,lognormal,True,0.2500727570031497
0.03,0.4,mvnorm,lognormal,True,0.05412507046380233
0.03,0.4,mvnorm,lognormal,True,0.19205017946955819
0.03,0.4,mvnorm,lognormal,True,0.1816475603767883
0.03,0.4,mvnorm,lognormal,True,1.0693673261799135e-11
0.03,0.4,mvnorm,lognormal,True,0.22770225379810669
0.03,0.4,mvnorm,lognormal,True,5.51669277825542e-05
0.03,0.4,mvnorm,lognormal,True,0.926929515810507
0.03,0.4,mvnorm,lognormal,True,0.39194135981184597
0.03,0.4,mvnorm,lognormal,True,0.8093155490225827
0.03,0.4,mvnorm,lognormal,True,0.6745310166587819
0.03,0.4,mvnorm,lognormal,True,3.8186913348141133e-05
0.03,0.4,mvnorm,lognormal,True,9.61532017077433e-09
0.03,0.4,mvnorm,lognormal,True,0.00031723357507411045
0.03,0.4,mvnorm,lognormal,True,0.8308241819286459
0.03,0.4,mvnorm,lognormal,True,0.2551809493445013
0.03,0.4,mvnorm,lognormal,True,0.17464376155225503
0.03,0.4,mvnorm,lognormal,True,0.07275215789082629
0.03,0.4,mvnorm,lognormal,True,0.0011095826037378963
0.03,0.4,mvnorm,lognormal,True,0.200572763095546
0.03,0.4,mvnorm,lognormal,True,5.739670627381279e-06
0.03,0.4,mvnorm,lognormal,True,7.314519644931058e-11
0.03,0.4,mvnorm,lognormal,True,3.024254730335017e-10
0.03,0.4,mvnorm,lognormal,True,1.9859420441641837e-05
0.03,0.4,mvnorm,lognormal,True,8.675097998344113e-10
0.03,0.4,mvnorm,lognormal,True,0.0022667450659531073
0.03,0.4,mvnorm,lognormal,True,1.973779311877419e-10
0.03,0.4,mvnorm,lognormal,True,0.451880803495314
0.03,0.4,mvnorm,lognormal,True,0.11825344126867977
0.03,0.4,mvnorm,lognormal,True,0.23297613765254782
0.03,0.4,mvnorm,lognormal,True,0.019925202721032143
0.03,0.4,mvnorm,lognormal,True,0.5077815157100893
0.03,0.4,mvnorm,lognormal,True,0.25691043621373477
0.03,0.4,mvnorm,lognormal,True,3.5386440521941963e-06
0.03,0.4,mvnorm,lognormal,True,0.380254137296382
0.03,0.4,mvnorm,lognormal,True,5.1035702228655755e-08
0.03,0.4,mvnorm,lognormal,True,0.0017589321690072409
0.03,0.4,mvnorm,lognormal,True,0.0013421765344020344
0.03,0.4,mvnorm,lognormal,True,0.06675745025991951
0.03,0.4,mvnorm,lognormal,True,0.0008962646642068738
0.03,0.4,mvnorm,lognormal,True,0.0011859800379018404
0.03,0.4,mvnorm,lognormal,True,1.0668701153252084e-06
0.03,0.4,mvnorm,lognormal,True,0.006554661461861642
0.03,0.4,mvnorm,lognormal,True,2.3533842745598686e-06
0.03,0.4,mvnorm,lognormal,True,1.0269139565638434e-05
0.03,0.4,mvnorm,lognormal,True,7.013799193590096e-19
0.03,0.4,mvnorm,lognormal,True,1.2004941680333786e-16
0.03,0.4,mvnorm,lognormal,True,0.43642055481324415
0.03,0.4,mvnorm,lognormal,True,5.640730934854668e-06
0.03,0.4,mvnorm,lognormal,True,5.890150185805554e-05
0.03,0.4,mvnorm,lognormal,True,0.48601119936113535
0.03,0.4,mvnorm,lognormal,True,0.001403772270107736
0.03,0.4,mvnorm,lognormal,True,0.4360711924692504
0.03,0.4,mvnorm,lognormal,True,9.26037854850144e-07
0.03,0.4,mvnorm,lognormal,True,0.19570338856310399
0.03,0.4,mvnorm,lognormal,True,1.378417492285549e-11
0.03,0.4,mvnorm,lognormal,True,4.2678437851253875e-08
0.03,0.4,mvnorm,lognormal,True,0.6287996542046572
0.03,0.4,mvnorm,lognormal,True,0.29633934426449116
0.03,0.4,mvnorm,lognormal,True,0.820376906113218
0.03,0.4,mvnorm,lognormal,True,0.6460882862920949
0.03,0.4,mvnorm,lognormal,True,5.10316530461475e-16
0.03,0.4,mvnorm,lognormal,True,0.6385794053481244
0.03,0.4,mvnorm,lognormal,True,1.0253103988870086e-09
0.03,0.4,mvnorm,lognormal,True,0.006768497737801041
0.03,0.4,mvnorm,lognormal,True,0.2732476739826473
0.03,0.4,mvnorm,lognormal,True,3.0026170494664306e-05
0.03,0.4,mvnorm,lognormal,True,1.9500604884743164e-13
0.03,0.4,mvnorm,lognormal,True,0.46411950857397055
0.03,0.4,mvnorm,lognormal,True,4.2248370172834367e-11
0.03,0.4,mvnorm,lognormal,True,0.09899406954911383
0.03,0.4,mvnorm,lognormal,True,0.20276693265012738
0.03,0.4,mvnorm,lognormal,True,3.5294437555252687e-13
0.03,0.4,mvnorm,lognormal,True,0.868390506947737
0.03,0.4,mvnorm,lognormal,True,0.7894676920626202
0.03,0.4,mvnorm,lognormal,True,0.0016963340248361848
0.03,0.4,mvnorm,lognormal,True,0.005561114149230037
0.03,0.4,mvnorm,lognormal,True,0.4505188947177028
0.03,0.4,mvnorm,lognormal,True,0.6753352825838059
0.03,0.4,mvnorm,lognormal,True,0.6739874686548721
0.03,0.4,mvnorm,lognormal,True,0.0002455138589799103
0.03,0.4,mvnorm,lognormal,True,0.008836499489967075
0.03,0.4,mvnorm,lognormal,True,0.00026958153618987496
0.03,0.4,mvnorm,lognormal,True,0.004316387959108223
0.03,0.4,mvnorm,lognormal,True,1.0919479478737944e-09
0.03,0.4,mvnorm,lognormal,True,0.10774586258358215
0.03,0.4,mvnorm,lognormal,True,0.6959054095562187
0.03,0.4,mvnorm,lognormal,True,0.577004592400735
0.03,0.4,mvnorm,lognormal,True,1.1135672561858746e-06
0.03,0.4,mvnorm,lognormal,True,0.0005178228787336752
0.03,0.4,mvnorm,lognormal,True,0.25608210838203227
0.03,0.4,mvnorm,lognormal,True,0.3177516561290016
0.03,0.4,mvnorm,lognormal,True,3.502287308345698e-06
0.03,0.4,mvnorm,lognormal,True,0.000250132115324676
0.03,0.4,mvnorm,lognormal,True,2.3152482952980373e-06
0.03,0.4,mvnorm,lognormal,True,0.8263173110316506
0.03,0.4,mvnorm,lognormal,True,0.6621591340296529
0.03,0.4,mvnorm,lognormal,True,0.019617700885045813
0.03,0.4,mvnorm,lognormal,True,0.0037687506657634044
0.03,0.4,mvnorm,lognormal,True,0.27021139576304565
0.03,0.4,mvnorm,lognormal,True,0.9995505977332393
0.03,0.4,mvnorm,lognormal,True,0.6503860196495735
0.03,0.4,mvnorm,lognormal,True,0.3904022479954723
0.03,0.4,mvnorm,lognormal,True,0.0024568293913506496
0.03,0.4,mvnorm,lognormal,True,1.6683025828751763e-06
0.03,0.4,mvnorm,lognormal,True,0.1983259819513219
0.03,0.4,mvnorm,lognormal,True,0.7198369202989399
0.03,0.4,mvnorm,lognormal,True,9.922862197040153e-10
0.03,0.4,mvnorm,lognormal,True,0.29525345032861505
0.03,0.4,mvnorm,lognormal,True,0.7970283354716162
0.03,0.4,mvnorm,lognormal,True,9.15463525650331e-13
0.03,0.4,mvnorm,lognormal,True,1.3488076110012462e-07
0.03,0.4,mvnorm,lognormal,True,0.045679618732521826
0.03,0.4,mvnorm,lognormal,True,0.3560415243417654
0.03,0.4,mvnorm,lognormal,True,5.993910928049449e-05
0.03,0.4,mvnorm,lognormal,True,5.798466784974351e-08
0.03,0.4,mvnorm,lognormal,True,0.3073800161606365
0.03,0.4,mvnorm,lognormal,True,0.2229092922215632
0.03,0.4,mvnorm,lognormal,True,9.44059079369875e-11
0.03,0.4,mvnorm,lognormal,True,3.5912209140462635e-08
0.03,0.4,mvnorm,lognormal,True,0.13781585023740056
0.03,0.4,mvnorm,lognormal,True,3.1279316647377215e-06
0.03,0.4,mvnorm,lognormal,True,0.003817826106455154
0.03,0.4,mvnorm,lognormal,True,6.691728292367185e-15
0.03,0.4,mvnorm,lognormal,True,0.0003379214872669794
0.03,0.4,mvnorm,lognormal,True,0.22725968023623147
0.03,0.4,mvnorm,lognormal,True,2.176256638161245e-19
0.03,0.4,mvnorm,lognormal,True,0.0012085213388281241
0.03,0.4,mvnorm,lognormal,True,0.0036041988127393783
0.03,0.4,mvnorm,lognormal,True,0.17755167083273635
0.03,0.4,mvnorm,lognormal,True,1.020228666144161e-05
0.03,0.4,mvnorm,lognormal,True,0.0009987687424609746
0.03,0.4,mvnorm,lognormal,True,0.6034059749386425
0.03,0.4,mvnorm,lognormal,True,0.004905027475238926
0.03,0.4,mvnorm,lognormal,True,0.0009221688671960401
0.03,0.4,mvnorm,lognormal,True,0.8231535604601675
0.03,0.4,mvnorm,lognormal,True,3.914036746279171e-10
0.03,0.4,mvnorm,lognormal,True,0.00157809104334734
0.03,0.4,mvnorm,lognormal,True,1.0001043638996311e-05
0.03,0.4,mvnorm,lognormal,True,0.5819228766443154
0.03,0.4,mvnorm,lognormal,True,1.4206971386089176e-05
0.03,0.4,mvnorm,lognormal,True,8.439385307026058e-09
0.03,0.4,mvnorm,lognormal,True,0.636642194814897
0.03,0.4,mvnorm,lognormal,True,0.43366107775797935
0.03,0.4,mvnorm,lognormal,True,0.9852516437067917
