tau,rho,est,dist,obs_conf,pvals
0.0,0.2,lognorm,lognormal,True,0.0003541325389319579
0.0,0.2,lognorm,lognormal,True,0.004776399233209253
0.0,0.2,lognorm,lognormal,True,0.7167916953216609
0.0,0.2,lognorm,lognormal,True,0.000931999995307187
0.0,0.2,lognorm,lognormal,True,0.009978101124802793
0.0,0.2,lognorm,lognormal,True,0.0017497340083685638
0.0,0.2,lognorm,lognormal,True,0.36448348142610865
0.0,0.2,lognorm,lognormal,True,0.006200463682564529
0.0,0.2,lognorm,lognormal,True,0.0461443427288852
0.0,0.2,lognorm,lognormal,True,0.0673010365685273
0.0,0.2,lognorm,lognormal,True,0.004857181677532043
0.0,0.2,lognorm,lognormal,True,0.0027287765794258333
0.0,0.2,lognorm,lognormal,True,0.13602107207114697
0.0,0.2,lognorm,lognormal,True,0.028466944391377796
0.0,0.2,lognorm,lognormal,True,0.6516106059590867
0.0,0.2,lognorm,lognormal,True,0.01706270278736054
0.0,0.2,lognorm,lognormal,True,9.238236640471845e-17
0.0,0.2,lognorm,lognormal,True,1.2665107459064197e-06
0.0,0.2,lognorm,lognormal,True,0.2415656723690391
0.0,0.2,lognorm,lognormal,True,0.4113875633759
0.0,0.2,lognorm,lognormal,True,5.775839339864189e-11
0.0,0.2,lognorm,lognormal,True,1.0659428543210888e-07
0.0,0.2,lognorm,lognormal,True,3.817160429240452e-06
0.0,0.2,lognorm,lognormal,True,0.0016330095909280224
0.0,0.2,lognorm,lognormal,True,0.007046893759603036
0.0,0.2,lognorm,lognormal,True,7.60750281179785e-05
0.0,0.2,lognorm,lognormal,True,0.0011254722769159311
0.0,0.2,lognorm,lognormal,True,3.805159769666423e-10
0.0,0.2,lognorm,lognormal,True,3.053811387972574e-14
0.0,0.2,lognorm,lognormal,True,0.0014059279637431497
0.0,0.2,lognorm,lognormal,True,0.006746738575354411
0.0,0.2,lognorm,lognormal,True,0.023270469759862227
0.0,0.2,lognorm,lognormal,True,0.0004147600655075214
0.0,0.2,lognorm,lognormal,True,0.005872368631154956
0.0,0.2,lognorm,lognormal,True,0.5929220470499157
0.0,0.2,lognorm,lognormal,True,0.00011957048196882043
0.0,0.2,lognorm,lognormal,True,0.11291388457829207
0.0,0.2,lognorm,lognormal,True,0.05970565620379441
0.0,0.2,lognorm,lognormal,True,0.006176988623744626
0.0,0.2,lognorm,lognormal,True,0.6265050634194829
0.0,0.2,lognorm,lognormal,True,0.8810790136448368
0.0,0.2,lognorm,lognormal,True,0.4373938633715734
0.0,0.2,lognorm,lognormal,True,0.9030068786726921
0.0,0.2,lognorm,lognormal,True,1.920266263950846e-07
0.0,0.2,lognorm,lognormal,True,0.046206523374253274
0.0,0.2,lognorm,lognormal,True,0.006409543656637092
0.0,0.2,lognorm,lognormal,True,2.5531022839889464e-08
0.0,0.2,lognorm,lognormal,True,0.5609786232001093
0.0,0.2,lognorm,lognormal,True,0.7637018465325931
0.0,0.2,lognorm,lognormal,True,0.9441653468759642
0.0,0.2,lognorm,lognormal,True,2.318222583263754e-08
0.0,0.2,lognorm,lognormal,True,2.736354772452415e-09
0.0,0.2,lognorm,lognormal,True,6.341181708885664e-12
0.0,0.2,lognorm,lognormal,True,1.5995978293358546e-07
0.0,0.2,lognorm,lognormal,True,0.029676998715592557
0.0,0.2,lognorm,lognormal,True,2.599173531211443e-07
0.0,0.2,lognorm,lognormal,True,0.008182387645136
0.0,0.2,lognorm,lognormal,True,0.05339143657395093
0.0,0.2,lognorm,lognormal,True,0.9688734586164349
0.0,0.2,lognorm,lognormal,True,0.9173736928022423
0.0,0.2,lognorm,lognormal,True,0.039479719412951544
0.0,0.2,lognorm,lognormal,True,0.025900276737588043
0.0,0.2,lognorm,lognormal,True,2.7967312160326143e-08
0.0,0.2,lognorm,lognormal,True,0.021346537422854587
0.0,0.2,lognorm,lognormal,True,0.003876344801842758
0.0,0.2,lognorm,lognormal,True,0.004033088230104317
0.0,0.2,lognorm,lognormal,True,0.09374850840823948
0.0,0.2,lognorm,lognormal,True,0.8153225563083578
0.0,0.2,lognorm,lognormal,True,0.6798959899192798
0.0,0.2,lognorm,lognormal,True,9.01339518364515e-06
0.0,0.2,lognorm,lognormal,True,0.002477533379953511
0.0,0.2,lognorm,lognormal,True,0.002248414074765482
0.0,0.2,lognorm,lognormal,True,0.2321942994806559
0.0,0.2,lognorm,lognormal,True,0.00016804491565634142
0.0,0.2,lognorm,lognormal,True,0.0014519851172013064
0.0,0.2,lognorm,lognormal,True,0.7814017410879602
0.0,0.2,lognorm,lognormal,True,0.4668344986938273
0.0,0.2,lognorm,lognormal,True,0.15217805879414423
0.0,0.2,lognorm,lognormal,True,0.005098317322513867
0.0,0.2,lognorm,lognormal,True,0.042351602363715664
0.0,0.2,lognorm,lognormal,True,0.00964643514848245
0.0,0.2,lognorm,lognormal,True,0.1089492593509576
0.0,0.2,lognorm,lognormal,True,0.9860294749719285
0.0,0.2,lognorm,lognormal,True,1.3620831145757069e-05
0.0,0.2,lognorm,lognormal,True,0.8215158929931403
0.0,0.2,lognorm,lognormal,True,0.2619758143883032
0.0,0.2,lognorm,lognormal,True,0.007453235246803608
0.0,0.2,lognorm,lognormal,True,0.002883404014399615
0.0,0.2,lognorm,lognormal,True,0.09503939180624786
0.0,0.2,lognorm,lognormal,True,0.4257155303560223
0.0,0.2,lognorm,lognormal,True,0.299903428347355
0.0,0.2,lognorm,lognormal,True,8.992610759564187e-05
0.0,0.2,lognorm,lognormal,True,0.5705990410259909
0.0,0.2,lognorm,lognormal,True,0.00034238277817704615
0.0,0.2,lognorm,lognormal,True,1.4950037865095361e-06
0.0,0.2,lognorm,lognormal,True,5.058039972479126e-15
0.0,0.2,lognorm,lognormal,True,0.0009593520353620673
0.0,0.2,lognorm,lognormal,True,0.0578836792364777
0.0,0.2,lognorm,lognormal,True,0.35201606172726774
0.0,0.2,lognorm,lognormal,True,0.7706161843286146
0.0,0.2,lognorm,lognormal,True,0.5604805263437838
0.0,0.2,lognorm,lognormal,True,0.04419956991948368
0.0,0.2,lognorm,lognormal,True,0.4448391118295705
0.0,0.2,lognorm,lognormal,True,0.05896318950604459
0.0,0.2,lognorm,lognormal,True,0.405771138784389
0.0,0.2,lognorm,lognormal,True,0.5924405634090666
0.0,0.2,lognorm,lognormal,True,0.47528015937621704
0.0,0.2,lognorm,lognormal,True,0.004201884021866284
0.0,0.2,lognorm,lognormal,True,4.888371963228453e-09
0.0,0.2,lognorm,lognormal,True,0.38799139396991744
0.0,0.2,lognorm,lognormal,True,0.5925771462855343
0.0,0.2,lognorm,lognormal,True,2.1887510491381705e-06
0.0,0.2,lognorm,lognormal,True,0.0031262061729540338
0.0,0.2,lognorm,lognormal,True,7.083252473302872e-06
0.0,0.2,lognorm,lognormal,True,0.02741448509966776
0.0,0.2,lognorm,lognormal,True,0.014985970339904757
0.0,0.2,lognorm,lognormal,True,0.6280174198509656
0.0,0.2,lognorm,lognormal,True,0.029988713550006898
0.0,0.2,lognorm,lognormal,True,0.41250107316859763
0.0,0.2,lognorm,lognormal,True,0.5757578140576389
0.0,0.2,lognorm,lognormal,True,0.8810049433588273
0.0,0.2,lognorm,lognormal,True,0.0012745703386306188
0.0,0.2,lognorm,lognormal,True,0.008397926242949699
0.0,0.2,lognorm,lognormal,True,0.07383741146707307
0.0,0.2,lognorm,lognormal,True,1.905033952690086e-06
0.0,0.2,lognorm,lognormal,True,0.27312525145173383
0.0,0.2,lognorm,lognormal,True,0.19293492801143974
0.0,0.2,lognorm,lognormal,True,0.4913952995467632
0.0,0.2,lognorm,lognormal,True,0.02996419996469799
0.0,0.2,lognorm,lognormal,True,0.07494128085614016
0.0,0.2,lognorm,lognormal,True,0.822349216996225
0.0,0.2,lognorm,lognormal,True,0.0013526075617889437
0.0,0.2,lognorm,lognormal,True,0.004504833870353613
0.0,0.2,lognorm,lognormal,True,0.04263980714130739
0.0,0.2,lognorm,lognormal,True,4.413752904802172e-05
0.0,0.2,lognorm,lognormal,True,0.00010463855167727974
0.0,0.2,lognorm,lognormal,True,0.00652342496169221
0.0,0.2,lognorm,lognormal,True,0.08476854180009061
0.0,0.2,lognorm,lognormal,True,8.100214679981401e-05
0.0,0.2,lognorm,lognormal,True,0.0020960230906380776
0.0,0.2,lognorm,lognormal,True,0.8299545590027704
0.0,0.2,lognorm,lognormal,True,0.8949915388909312
0.0,0.2,lognorm,lognormal,True,1.0317981216705603e-06
0.0,0.2,lognorm,lognormal,True,0.7729176013850533
0.0,0.2,lognorm,lognormal,True,7.73107532058055e-12
0.0,0.2,lognorm,lognormal,True,0.011180358815625865
0.0,0.2,lognorm,lognormal,True,5.41066865523157e-11
0.0,0.2,lognorm,lognormal,True,0.023911803849778535
0.0,0.2,lognorm,lognormal,True,3.4425632804440804e-12
0.0,0.2,lognorm,lognormal,True,0.2110331734472656
0.0,0.2,lognorm,lognormal,True,9.224574190321871e-12
0.0,0.2,lognorm,lognormal,True,0.8635293932016486
0.0,0.2,lognorm,lognormal,True,0.00816681528713813
0.0,0.2,lognorm,lognormal,True,1.088490809706092e-06
0.0,0.2,lognorm,lognormal,True,0.1645719835001775
0.0,0.2,lognorm,lognormal,True,0.11192622246090993
0.0,0.2,lognorm,lognormal,True,0.5027769280156655
0.0,0.2,lognorm,lognormal,True,0.3250884095269243
0.0,0.2,lognorm,lognormal,True,3.6407382809685026e-06
0.0,0.2,lognorm,lognormal,True,0.5667970861137985
0.0,0.2,lognorm,lognormal,True,7.981406327297599e-12
0.0,0.2,lognorm,lognormal,True,0.9378772990188955
0.0,0.2,lognorm,lognormal,True,0.08730522204735679
0.0,0.2,lognorm,lognormal,True,0.00012052984330188663
0.0,0.2,lognorm,lognormal,True,3.6749315877540884e-05
0.0,0.2,lognorm,lognormal,True,5.588685038498718e-07
0.0,0.2,lognorm,lognormal,True,0.7063843581764984
0.0,0.2,lognorm,lognormal,True,1.257898223175213e-06
0.0,0.2,lognorm,lognormal,True,0.00010724446043232366
0.0,0.2,lognorm,lognormal,True,8.864555840692777e-08
0.0,0.2,lognorm,lognormal,True,0.10576690699679124
0.0,0.2,lognorm,lognormal,True,0.0010049153331639859
0.0,0.2,lognorm,lognormal,True,0.1330386035706218
0.0,0.2,lognorm,lognormal,True,0.1779939230210404
0.0,0.2,lognorm,lognormal,True,0.16903964996407017
0.0,0.2,lognorm,lognormal,True,0.5363463777654576
0.0,0.2,lognorm,lognormal,True,0.00057217812502392
0.0,0.2,lognorm,lognormal,True,0.3684558938015998
0.0,0.2,lognorm,lognormal,True,1.0140599577958238e-09
0.0,0.2,lognorm,lognormal,True,0.005229090088436985
0.0,0.2,lognorm,lognormal,True,0.013203034337500589
0.0,0.2,lognorm,lognormal,True,0.00011577463906679702
0.0,0.2,lognorm,lognormal,True,0.3030684721176191
0.0,0.2,lognorm,lognormal,True,0.0013731907848028072
0.0,0.2,lognorm,lognormal,True,1.1066449012922494e-05
0.0,0.2,lognorm,lognormal,True,0.004186021962567542
0.0,0.2,lognorm,lognormal,True,6.127590779846552e-13
0.0,0.2,lognorm,lognormal,True,0.15489810324401834
0.0,0.2,lognorm,lognormal,True,0.02965336635476668
0.0,0.2,lognorm,lognormal,True,0.8875799068084127
0.0,0.2,lognorm,lognormal,True,1.209062339188062e-07
0.0,0.2,lognorm,lognormal,True,0.07308284320199473
0.0,0.2,lognorm,lognormal,True,1.08340712977098e-06
0.0,0.2,lognorm,lognormal,True,5.130114270109347e-08
0.0,0.2,lognorm,lognormal,True,0.026287776911771338
0.0,0.2,lognorm,lognormal,True,0.7157916970712588
0.0,0.2,lognorm,lognormal,True,0.0029262101920148453
0.0,0.2,lognorm,lognormal,True,7.269337185620435e-07
0.0,0.2,lognorm,lognormal,True,0.0006018642441049042
0.0,0.2,lognorm,lognormal,True,3.731428810509532e-08
