tau,rho,est,dist,obs_conf,pvals
0.09,0.2,mvnorm,lognormal,True,0.7148251099315165
0.09,0.2,mvnorm,lognormal,True,0.026655326316612483
0.09,0.2,mvnorm,lognormal,True,0.04988231452468605
0.09,0.2,mvnorm,lognormal,True,1.6732450934233082e-07
0.09,0.2,mvnorm,lognormal,True,2.6766597907317596e-07
0.09,0.2,mvnorm,lognormal,True,0.21455071677096746
0.09,0.2,mvnorm,lognormal,True,0.1432368159703549
0.09,0.2,mvnorm,lognormal,True,1.6784836707517315e-08
0.09,0.2,mvnorm,lognormal,True,0.0002989152482915368
0.09,0.2,mvnorm,lognormal,True,2.7424975238946738e-08
0.09,0.2,mvnorm,lognormal,True,0.4469111225786142
0.09,0.2,mvnorm,lognormal,True,0.7102051694933184
0.09,0.2,mvnorm,lognormal,True,0.035460827029546706
0.09,0.2,mvnorm,lognormal,True,0.08944819561474075
0.09,0.2,mvnorm,lognormal,True,0.03740671058515622
0.09,0.2,mvnorm,lognormal,True,0.0031403898366020792
0.09,0.2,mvnorm,lognormal,True,0.11911405406403353
0.09,0.2,mvnorm,lognormal,True,0.26054478602981695
0.09,0.2,mvnorm,lognormal,True,0.46552257651499085
0.09,0.2,mvnorm,lognormal,True,1.7583903432308097e-17
0.09,0.2,mvnorm,lognormal,True,0.0006387913872632168
0.09,0.2,mvnorm,lognormal,True,0.5816382997535772
0.09,0.2,mvnorm,lognormal,True,1.696528074605208e-05
0.09,0.2,mvnorm,lognormal,True,0.014925562641656813
0.09,0.2,mvnorm,lognormal,True,0.20533416214636624
0.09,0.2,mvnorm,lognormal,True,0.013192174626414479
0.09,0.2,mvnorm,lognormal,True,0.20356380280706868
0.09,0.2,mvnorm,lognormal,True,9.118966794938521e-07
0.09,0.2,mvnorm,lognormal,True,0.5139566569030789
0.09,0.2,mvnorm,lognormal,True,0.299796776315316
0.09,0.2,mvnorm,lognormal,True,0.0001921268565002433
0.09,0.2,mvnorm,lognormal,True,0.02661931432413555
0.09,0.2,mvnorm,lognormal,True,0.023021532746308523
0.09,0.2,mvnorm,lognormal,True,0.7316911632437068
0.09,0.2,mvnorm,lognormal,True,0.006099340236988299
0.09,0.2,mvnorm,lognormal,True,0.23332798895388746
0.09,0.2,mvnorm,lognormal,True,0.5599278692536129
0.09,0.2,mvnorm,lognormal,True,0.04565969508427902
0.09,0.2,mvnorm,lognormal,True,0.005007572441781082
0.09,0.2,mvnorm,lognormal,True,0.6022892018716276
0.09,0.2,mvnorm,lognormal,True,0.006382576986037058
0.09,0.2,mvnorm,lognormal,True,0.5880837923806763
0.09,0.2,mvnorm,lognormal,True,1.0032059481810628e-13
0.09,0.2,mvnorm,lognormal,True,0.021508648545467066
0.09,0.2,mvnorm,lognormal,True,8.383148171959742e-06
0.09,0.2,mvnorm,lognormal,True,0.0015143371254234832
0.09,0.2,mvnorm,lognormal,True,0.04229181391621539
0.09,0.2,mvnorm,lognormal,True,0.00024445724561520597
0.09,0.2,mvnorm,lognormal,True,0.004403788684430906
0.09,0.2,mvnorm,lognormal,True,0.2249097011949142
0.09,0.2,mvnorm,lognormal,True,2.7430580986930257e-05
0.09,0.2,mvnorm,lognormal,True,0.06352061564918242
0.09,0.2,mvnorm,lognormal,True,1.937251369992602e-05
0.09,0.2,mvnorm,lognormal,True,4.161006631092457e-06
0.09,0.2,mvnorm,lognormal,True,3.9032666134330755e-06
0.09,0.2,mvnorm,lognormal,True,0.5337805478474289
0.09,0.2,mvnorm,lognormal,True,0.012934233016974613
0.09,0.2,mvnorm,lognormal,True,0.10074952984749397
0.09,0.2,mvnorm,lognormal,True,0.9234238454610917
0.09,0.2,mvnorm,lognormal,True,7.628209358553246e-10
0.09,0.2,mvnorm,lognormal,True,0.015418350008457359
0.09,0.2,mvnorm,lognormal,True,1.0756042436836416e-08
0.09,0.2,mvnorm,lognormal,True,0.7504982189940252
0.09,0.2,mvnorm,lognormal,True,0.4097147013802479
0.09,0.2,mvnorm,lognormal,True,0.0003370492322137176
0.09,0.2,mvnorm,lognormal,True,0.0007462245851418108
0.09,0.2,mvnorm,lognormal,True,0.37231697298993827
0.09,0.2,mvnorm,lognormal,True,0.0025825722974824454
0.09,0.2,mvnorm,lognormal,True,0.7667828437989832
0.09,0.2,mvnorm,lognormal,True,0.10149388671257205
0.09,0.2,mvnorm,lognormal,True,0.0033571236647297466
0.09,0.2,mvnorm,lognormal,True,0.04578233164154207
0.09,0.2,mvnorm,lognormal,True,0.3998826913730842
0.09,0.2,mvnorm,lognormal,True,4.0246668156765174e-07
0.09,0.2,mvnorm,lognormal,True,0.6412668656564081
0.09,0.2,mvnorm,lognormal,True,8.707252269423558e-08
0.09,0.2,mvnorm,lognormal,True,6.282273023939051e-09
0.09,0.2,mvnorm,lognormal,True,1.0090445525758037e-06
0.09,0.2,mvnorm,lognormal,True,0.6337332393823516
0.09,0.2,mvnorm,lognormal,True,6.513141859658456e-07
0.09,0.2,mvnorm,lognormal,True,0.0012064554324720382
0.09,0.2,mvnorm,lognormal,True,0.006714853714898222
0.09,0.2,mvnorm,lognormal,True,0.5005568449753942
0.09,0.2,mvnorm,lognormal,True,0.10581247556332705
0.09,0.2,mvnorm,lognormal,True,0.1345528804833085
0.09,0.2,mvnorm,lognormal,True,0.6050874272821278
0.09,0.2,mvnorm,lognormal,True,0.005392843424213703
0.09,0.2,mvnorm,lognormal,True,0.20951295224040484
0.09,0.2,mvnorm,lognormal,True,0.3808908760147961
0.09,0.2,mvnorm,lognormal,True,0.010575292092049339
0.09,0.2,mvnorm,lognormal,True,0.7711345425567184
0.09,0.2,mvnorm,lognormal,True,0.00812803052789893
0.09,0.2,mvnorm,lognormal,True,3.295014443552663e-06
0.09,0.2,mvnorm,lognormal,True,0.009134977062896567
0.09,0.2,mvnorm,lognormal,True,0.00024337306700385585
0.09,0.2,mvnorm,lognormal,True,0.0004842083174054988
0.09,0.2,mvnorm,lognormal,True,0.002379788157101261
0.09,0.2,mvnorm,lognormal,True,0.7265107862068294
0.09,0.2,mvnorm,lognormal,True,0.05611248876935034
0.09,0.2,mvnorm,lognormal,True,0.00010099600802571248
0.09,0.2,mvnorm,lognormal,True,4.463565275780195e-18
0.09,0.2,mvnorm,lognormal,True,1.1027884658322434e-10
0.09,0.2,mvnorm,lognormal,True,9.935321468302558e-05
0.09,0.2,mvnorm,lognormal,True,0.0008698375083139501
0.09,0.2,mvnorm,lognormal,True,5.800695119574956e-07
0.09,0.2,mvnorm,lognormal,True,0.033406892264049325
0.09,0.2,mvnorm,lognormal,True,1.0792186510396716e-05
0.09,0.2,mvnorm,lognormal,True,0.2789256537550614
0.09,0.2,mvnorm,lognormal,True,7.804113010047863e-09
0.09,0.2,mvnorm,lognormal,True,0.0036323542658238187
0.09,0.2,mvnorm,lognormal,True,0.004074704359749974
0.09,0.2,mvnorm,lognormal,True,0.06823838238545266
0.09,0.2,mvnorm,lognormal,True,0.07015799744841586
0.09,0.2,mvnorm,lognormal,True,0.27411977514374036
0.09,0.2,mvnorm,lognormal,True,0.015178088677718422
0.09,0.2,mvnorm,lognormal,True,0.056064396846631746
0.09,0.2,mvnorm,lognormal,True,0.0015635439490921826
0.09,0.2,mvnorm,lognormal,True,0.027334630539604977
0.09,0.2,mvnorm,lognormal,True,0.2892851333716421
0.09,0.2,mvnorm,lognormal,True,0.11242453302305451
0.09,0.2,mvnorm,lognormal,True,0.009669876007343809
0.09,0.2,mvnorm,lognormal,True,0.6843621060376053
0.09,0.2,mvnorm,lognormal,True,2.2108504532804268e-07
0.09,0.2,mvnorm,lognormal,True,0.35942785679617884
0.09,0.2,mvnorm,lognormal,True,3.1198789896498635e-12
0.09,0.2,mvnorm,lognormal,True,0.016539324758586833
0.09,0.2,mvnorm,lognormal,True,0.0013053904344891099
0.09,0.2,mvnorm,lognormal,True,6.590306978320092e-12
0.09,0.2,mvnorm,lognormal,True,0.4365767360036842
0.09,0.2,mvnorm,lognormal,True,8.455973273140854e-05
0.09,0.2,mvnorm,lognormal,True,0.019879692564521798
0.09,0.2,mvnorm,lognormal,True,0.4407923562726118
0.09,0.2,mvnorm,lognormal,True,0.014095779828187657
0.09,0.2,mvnorm,lognormal,True,0.017721180135209482
0.09,0.2,mvnorm,lognormal,True,0.5178613232940144
0.09,0.2,mvnorm,lognormal,True,0.038275029674485234
0.09,0.2,mvnorm,lognormal,True,0.0016709545301074405
0.09,0.2,mvnorm,lognormal,True,0.024653823347966647
0.09,0.2,mvnorm,lognormal,True,9.218193866375293e-05
0.09,0.2,mvnorm,lognormal,True,2.154058539880252e-05
0.09,0.2,mvnorm,lognormal,True,0.007059118749154159
0.09,0.2,mvnorm,lognormal,True,0.0030784319813762792
0.09,0.2,mvnorm,lognormal,True,0.10387684616404855
0.09,0.2,mvnorm,lognormal,True,6.045397263544672e-08
0.09,0.2,mvnorm,lognormal,True,1.912995682697885e-06
0.09,0.2,mvnorm,lognormal,True,0.06001475696277134
0.09,0.2,mvnorm,lognormal,True,0.004841651033086204
0.09,0.2,mvnorm,lognormal,True,0.00023536153090121886
0.09,0.2,mvnorm,lognormal,True,0.0018760684956209861
0.09,0.2,mvnorm,lognormal,True,0.6222548868049435
0.09,0.2,mvnorm,lognormal,True,0.8495741688021908
0.09,0.2,mvnorm,lognormal,True,0.36449603874411607
0.09,0.2,mvnorm,lognormal,True,0.2798949762679453
0.09,0.2,mvnorm,lognormal,True,0.00045553950593241025
0.09,0.2,mvnorm,lognormal,True,4.7720510368126835e-06
0.09,0.2,mvnorm,lognormal,True,0.7528661174443481
0.09,0.2,mvnorm,lognormal,True,7.215566964206047e-05
0.09,0.2,mvnorm,lognormal,True,0.18764995129822815
0.09,0.2,mvnorm,lognormal,True,0.2540672717112972
0.09,0.2,mvnorm,lognormal,True,4.9434017677108635e-14
0.09,0.2,mvnorm,lognormal,True,0.017557376096144342
0.09,0.2,mvnorm,lognormal,True,0.46020439278284464
0.09,0.2,mvnorm,lognormal,True,0.010904690894368149
0.09,0.2,mvnorm,lognormal,True,0.9248047367277028
0.09,0.2,mvnorm,lognormal,True,0.16737784035186803
0.09,0.2,mvnorm,lognormal,True,2.4178241642432121e-23
0.09,0.2,mvnorm,lognormal,True,0.008407010222279835
0.09,0.2,mvnorm,lognormal,True,0.10124699476600162
0.09,0.2,mvnorm,lognormal,True,1.1914763959595793e-08
0.09,0.2,mvnorm,lognormal,True,0.6983673714426905
0.09,0.2,mvnorm,lognormal,True,0.05433144673510815
0.09,0.2,mvnorm,lognormal,True,0.0035686238035099447
0.09,0.2,mvnorm,lognormal,True,0.3503556384835599
0.09,0.2,mvnorm,lognormal,True,2.4767049583652477e-06
0.09,0.2,mvnorm,lognormal,True,3.1776366717443144e-05
0.09,0.2,mvnorm,lognormal,True,0.011363411212885895
0.09,0.2,mvnorm,lognormal,True,0.4659141095559438
0.09,0.2,mvnorm,lognormal,True,0.9032499756775663
0.09,0.2,mvnorm,lognormal,True,2.7824209321297016e-08
0.09,0.2,mvnorm,lognormal,True,1.6538335847822745e-06
0.09,0.2,mvnorm,lognormal,True,0.0018299419667780867
0.09,0.2,mvnorm,lognormal,True,4.495678951619342e-21
0.09,0.2,mvnorm,lognormal,True,0.2523487676330135
0.09,0.2,mvnorm,lognormal,True,9.649113291309587e-10
0.09,0.2,mvnorm,lognormal,True,0.010085969950058518
0.09,0.2,mvnorm,lognormal,True,0.1581753591182205
0.09,0.2,mvnorm,lognormal,True,0.4907578272262271
0.09,0.2,mvnorm,lognormal,True,0.22142021896811637
0.09,0.2,mvnorm,lognormal,True,1.449013656246413e-06
0.09,0.2,mvnorm,lognormal,True,0.027562375877571273
0.09,0.2,mvnorm,lognormal,True,0.1500389797441564
0.09,0.2,mvnorm,lognormal,True,1.459056702382247e-09
0.09,0.2,mvnorm,lognormal,True,0.8822398649745862
0.09,0.2,mvnorm,lognormal,True,0.03757424673765901
0.09,0.2,mvnorm,lognormal,True,0.11855051544536632
0.09,0.2,mvnorm,lognormal,True,0.0019340737873399076
0.09,0.2,mvnorm,lognormal,True,7.155645094701735e-11
0.09,0.2,mvnorm,lognormal,True,0.04728090421184579
0.09,0.2,mvnorm,lognormal,True,0.7367231708223092
0.09,0.2,mvnorm,lognormal,True,0.2223593607373874
