tau,rho,est,dist,obs_conf,pvals
0.03,0.0,mvnorm,lognormal,True,0.19265577200769035
0.03,0.0,mvnorm,lognormal,True,0.05001560901754456
0.03,0.0,mvnorm,lognormal,True,0.48908952359482283
0.03,0.0,mvnorm,lognormal,True,0.0003049221887502683
0.03,0.0,mvnorm,lognormal,True,0.5888278162726721
0.03,0.0,mvnorm,lognormal,True,0.14130626111540784
0.03,0.0,mvnorm,lognormal,True,0.7389172400344931
0.03,0.0,mvnorm,lognormal,True,2.5169634543627236e-05
0.03,0.0,mvnorm,lognormal,True,0.0009539628025049406
0.03,0.0,mvnorm,lognormal,True,0.0013318817697083474
0.03,0.0,mvnorm,lognormal,True,0.02160179952093851
0.03,0.0,mvnorm,lognormal,True,0.052666210767554275
0.03,0.0,mvnorm,lognormal,True,0.012752813479977459
0.03,0.0,mvnorm,lognormal,True,0.29707856471143623
0.03,0.0,mvnorm,lognormal,True,0.40889339380576617
0.03,0.0,mvnorm,lognormal,True,0.017734474912170648
0.03,0.0,mvnorm,lognormal,True,0.0006982482995113486
0.03,0.0,mvnorm,lognormal,True,0.10004707316189186
0.03,0.0,mvnorm,lognormal,True,0.3365381206383517
0.03,0.0,mvnorm,lognormal,True,2.2412959384082612e-07
0.03,0.0,mvnorm,lognormal,True,0.0003727639038549484
0.03,0.0,mvnorm,lognormal,True,0.4657468071067855
0.03,0.0,mvnorm,lognormal,True,7.446380979316882e-05
0.03,0.0,mvnorm,lognormal,True,0.6122221470503868
0.03,0.0,mvnorm,lognormal,True,0.5441528632301189
0.03,0.0,mvnorm,lognormal,True,0.18151448752146232
0.03,0.0,mvnorm,lognormal,True,0.03248067044370366
0.03,0.0,mvnorm,lognormal,True,0.00023619914074075163
0.03,0.0,mvnorm,lognormal,True,0.1190456775031532
0.03,0.0,mvnorm,lognormal,True,0.11876666200839789
0.03,0.0,mvnorm,lognormal,True,3.841815262745404e-05
0.03,0.0,mvnorm,lognormal,True,0.11160670743154645
0.03,0.0,mvnorm,lognormal,True,0.17297042656232514
0.03,0.0,mvnorm,lognormal,True,0.3401591317598537
0.03,0.0,mvnorm,lognormal,True,0.8825166522098217
0.03,0.0,mvnorm,lognormal,True,0.6018760732345654
0.03,0.0,mvnorm,lognormal,True,0.677980450473185
0.03,0.0,mvnorm,lognormal,True,0.628384053265569
0.03,0.0,mvnorm,lognormal,True,0.010759232902702406
0.03,0.0,mvnorm,lognormal,True,0.10088317429712124
0.03,0.0,mvnorm,lognormal,True,0.18136891240739467
0.03,0.0,mvnorm,lognormal,True,0.18095644581615644
0.03,0.0,mvnorm,lognormal,True,5.680205222373491e-07
0.03,0.0,mvnorm,lognormal,True,0.5032289140756094
0.03,0.0,mvnorm,lognormal,True,0.022428713989722546
0.03,0.0,mvnorm,lognormal,True,0.12628401660005847
0.03,0.0,mvnorm,lognormal,True,0.0014909410622390574
0.03,0.0,mvnorm,lognormal,True,0.8975341832598778
0.03,0.0,mvnorm,lognormal,True,0.013541743485761744
0.03,0.0,mvnorm,lognormal,True,0.000908358032689266
0.03,0.0,mvnorm,lognormal,True,0.002451842731245567
0.03,0.0,mvnorm,lognormal,True,0.011060576713592066
0.03,0.0,mvnorm,lognormal,True,9.327919488710373e-05
0.03,0.0,mvnorm,lognormal,True,1.1318991302705852e-05
0.03,0.0,mvnorm,lognormal,True,0.0739997619207989
0.03,0.0,mvnorm,lognormal,True,0.5622555388192063
0.03,0.0,mvnorm,lognormal,True,0.14092092503223294
0.03,0.0,mvnorm,lognormal,True,0.13879182610235247
0.03,0.0,mvnorm,lognormal,True,0.038948465049041765
0.03,0.0,mvnorm,lognormal,True,0.44878533208200777
0.03,0.0,mvnorm,lognormal,True,0.9603134677636476
0.03,0.0,mvnorm,lognormal,True,8.6012687779195e-06
0.03,0.0,mvnorm,lognormal,True,0.4665904842880598
0.03,0.0,mvnorm,lognormal,True,0.1007082786620667
0.03,0.0,mvnorm,lognormal,True,0.04060678765194397
0.03,0.0,mvnorm,lognormal,True,0.17679970134763529
0.03,0.0,mvnorm,lognormal,True,0.5867580811862516
0.03,0.0,mvnorm,lognormal,True,0.5209924804226682
0.03,0.0,mvnorm,lognormal,True,0.0010028244597729936
0.03,0.0,mvnorm,lognormal,True,0.14186128265676498
0.03,0.0,mvnorm,lognormal,True,0.004372547325621525
0.03,0.0,mvnorm,lognormal,True,0.07294967251693853
0.03,0.0,mvnorm,lognormal,True,0.43004241761043516
0.03,0.0,mvnorm,lognormal,True,0.0009142095008686827
0.03,0.0,mvnorm,lognormal,True,0.4524449826951964
0.03,0.0,mvnorm,lognormal,True,0.0002833412018457394
0.03,0.0,mvnorm,lognormal,True,0.0007787431402695393
0.03,0.0,mvnorm,lognormal,True,0.0008464114006011198
0.03,0.0,mvnorm,lognormal,True,0.6611837516461181
0.03,0.0,mvnorm,lognormal,True,2.0615871517369803e-10
0.03,0.0,mvnorm,lognormal,True,0.7380454950337871
0.03,0.0,mvnorm,lognormal,True,0.01886781196889401
0.03,0.0,mvnorm,lognormal,True,0.08654382319340266
0.03,0.0,mvnorm,lognormal,True,0.34417639884605966
0.03,0.0,mvnorm,lognormal,True,0.005013389870690246
0.03,0.0,mvnorm,lognormal,True,0.01467140419667426
0.03,0.0,mvnorm,lognormal,True,0.0698422103378862
0.03,0.0,mvnorm,lognormal,True,0.2881202796778207
0.03,0.0,mvnorm,lognormal,True,0.8863785486966349
0.03,0.0,mvnorm,lognormal,True,0.5362679560454827
0.03,0.0,mvnorm,lognormal,True,0.0030665469448608283
0.03,0.0,mvnorm,lognormal,True,0.09537045066051904
0.03,0.0,mvnorm,lognormal,True,2.207109472196382e-05
0.03,0.0,mvnorm,lognormal,True,0.7400473216417871
0.03,0.0,mvnorm,lognormal,True,0.06014164745284291
0.03,0.0,mvnorm,lognormal,True,0.44598541270061964
0.03,0.0,mvnorm,lognormal,True,0.022775162359177155
0.03,0.0,mvnorm,lognormal,True,0.04994400729994175
0.03,0.0,mvnorm,lognormal,True,0.038561258485366734
0.03,0.0,mvnorm,lognormal,True,0.0013970223817038586
0.03,0.0,mvnorm,lognormal,True,0.0005428807402913332
0.03,0.0,mvnorm,lognormal,True,0.01013224142307799
0.03,0.0,mvnorm,lognormal,True,0.9564596544788859
0.03,0.0,mvnorm,lognormal,True,0.003023040610094324
0.03,0.0,mvnorm,lognormal,True,0.03696714525094413
0.03,0.0,mvnorm,lognormal,True,0.0030085864472081856
0.03,0.0,mvnorm,lognormal,True,6.73904131595596e-07
0.03,0.0,mvnorm,lognormal,True,0.0001466873189096422
0.03,0.0,mvnorm,lognormal,True,0.29353199619457515
0.03,0.0,mvnorm,lognormal,True,7.679459540506165e-06
0.03,0.0,mvnorm,lognormal,True,0.1434218109018887
0.03,0.0,mvnorm,lognormal,True,0.018717780772979625
0.03,0.0,mvnorm,lognormal,True,0.908645751087237
0.03,0.0,mvnorm,lognormal,True,0.6359457432300468
0.03,0.0,mvnorm,lognormal,True,0.6705619106154448
0.03,0.0,mvnorm,lognormal,True,0.9896627707186818
0.03,0.0,mvnorm,lognormal,True,0.40143315468377705
0.03,0.0,mvnorm,lognormal,True,0.9177804589923707
0.03,0.0,mvnorm,lognormal,True,0.03537290671960993
0.03,0.0,mvnorm,lognormal,True,0.00019376941889330301
0.03,0.0,mvnorm,lognormal,True,0.16817075964701883
0.03,0.0,mvnorm,lognormal,True,0.40230333188066314
0.03,0.0,mvnorm,lognormal,True,0.09573560633564261
0.03,0.0,mvnorm,lognormal,True,0.0003277200696197114
0.03,0.0,mvnorm,lognormal,True,4.812546871226969e-10
0.03,0.0,mvnorm,lognormal,True,0.017782529193452367
0.03,0.0,mvnorm,lognormal,True,0.10775942186992872
0.03,0.0,mvnorm,lognormal,True,2.3199579509601355e-09
0.03,0.0,mvnorm,lognormal,True,0.608967276674148
0.03,0.0,mvnorm,lognormal,True,0.2994188292486598
0.03,0.0,mvnorm,lognormal,True,0.12498249264591388
0.03,0.0,mvnorm,lognormal,True,0.8854938467959639
0.03,0.0,mvnorm,lognormal,True,0.2669661888964324
0.03,0.0,mvnorm,lognormal,True,0.9726214553442195
0.03,0.0,mvnorm,lognormal,True,0.04452579288210034
0.03,0.0,mvnorm,lognormal,True,0.0011001102966017124
0.03,0.0,mvnorm,lognormal,True,0.20468766854095383
0.03,0.0,mvnorm,lognormal,True,0.3694968896234234
0.03,0.0,mvnorm,lognormal,True,0.34869746819576775
0.03,0.0,mvnorm,lognormal,True,0.637659027828075
0.03,0.0,mvnorm,lognormal,True,0.01670401150660917
0.03,0.0,mvnorm,lognormal,True,0.11173008872745502
0.03,0.0,mvnorm,lognormal,True,0.01908857310117894
0.03,0.0,mvnorm,lognormal,True,0.3914077864392982
0.03,0.0,mvnorm,lognormal,True,0.6108780488248822
0.03,0.0,mvnorm,lognormal,True,0.19094938833655012
0.03,0.0,mvnorm,lognormal,True,9.086514682232755e-06
0.03,0.0,mvnorm,lognormal,True,0.20486354561809983
0.03,0.0,mvnorm,lognormal,True,0.005260703026399932
0.03,0.0,mvnorm,lognormal,True,0.4543355814628789
0.03,0.0,mvnorm,lognormal,True,0.0009176077984153027
0.03,0.0,mvnorm,lognormal,True,0.6264356218090243
0.03,0.0,mvnorm,lognormal,True,0.20758351839148995
0.03,0.0,mvnorm,lognormal,True,0.22031754147072777
0.03,0.0,mvnorm,lognormal,True,0.009393945024317406
0.03,0.0,mvnorm,lognormal,True,0.0056614062672363285
0.03,0.0,mvnorm,lognormal,True,1.2368909933198713e-05
0.03,0.0,mvnorm,lognormal,True,0.7891324681460593
0.03,0.0,mvnorm,lognormal,True,0.0002273906450049446
0.03,0.0,mvnorm,lognormal,True,0.0008777178152304522
0.03,0.0,mvnorm,lognormal,True,0.05203590698565741
0.03,0.0,mvnorm,lognormal,True,0.0038834559860402478
0.03,0.0,mvnorm,lognormal,True,0.6876466601293288
0.03,0.0,mvnorm,lognormal,True,0.01171791035327082
0.03,0.0,mvnorm,lognormal,True,0.4943443570923527
0.03,0.0,mvnorm,lognormal,True,2.2312681888288407e-11
0.03,0.0,mvnorm,lognormal,True,0.3713337868082336
0.03,0.0,mvnorm,lognormal,True,0.10374996972406784
0.03,0.0,mvnorm,lognormal,True,2.9268657482576197e-06
0.03,0.0,mvnorm,lognormal,True,8.678873788077087e-05
0.03,0.0,mvnorm,lognormal,True,0.018978510340721774
0.03,0.0,mvnorm,lognormal,True,0.17922283912560522
0.03,0.0,mvnorm,lognormal,True,0.11089516231126338
0.03,0.0,mvnorm,lognormal,True,0.3335765876781278
0.03,0.0,mvnorm,lognormal,True,0.10505467708545883
0.03,0.0,mvnorm,lognormal,True,0.2738103176452056
0.03,0.0,mvnorm,lognormal,True,0.45892837469954173
0.03,0.0,mvnorm,lognormal,True,0.08980992222136261
0.03,0.0,mvnorm,lognormal,True,0.006807664005894796
0.03,0.0,mvnorm,lognormal,True,0.024242937768386662
0.03,0.0,mvnorm,lognormal,True,0.5751477800514835
0.03,0.0,mvnorm,lognormal,True,2.1419417896126306e-10
0.03,0.0,mvnorm,lognormal,True,0.02267886511771369
0.03,0.0,mvnorm,lognormal,True,0.13957685849815635
0.03,0.0,mvnorm,lognormal,True,0.6522069908914927
0.03,0.0,mvnorm,lognormal,True,0.19740136431944863
0.03,0.0,mvnorm,lognormal,True,0.008252661953725704
0.03,0.0,mvnorm,lognormal,True,0.05869278268903354
0.03,0.0,mvnorm,lognormal,True,0.6610349173764412
0.03,0.0,mvnorm,lognormal,True,0.045683893643870155
0.03,0.0,mvnorm,lognormal,True,0.16556467998235092
0.03,0.0,mvnorm,lognormal,True,0.0001472788661440039
0.03,0.0,mvnorm,lognormal,True,0.0009300270840699625
0.03,0.0,mvnorm,lognormal,True,0.23535694817099617
0.03,0.0,mvnorm,lognormal,True,0.13115430852830706
0.03,0.0,mvnorm,lognormal,True,0.010782004504704526
0.03,0.0,mvnorm,lognormal,True,3.4053727828051823e-07
0.03,0.0,mvnorm,lognormal,True,0.4749434948014286
0.03,0.0,mvnorm,lognormal,True,0.15917570078589402
0.03,0.0,mvnorm,lognormal,True,0.020003311522074116
