tau,rho,est,dist,obs_conf,pvals
0.03,-0.2,mvnorm,lognormal,True,0.005555307958459143
0.03,-0.2,mvnorm,lognormal,True,0.00027300614856586817
0.03,-0.2,mvnorm,lognormal,True,0.005114116774860632
0.03,-0.2,mvnorm,lognormal,True,0.6010717894568438
0.03,-0.2,mvnorm,lognormal,True,0.7070165590388837
0.03,-0.2,mvnorm,lognormal,True,0.1534537616360962
0.03,-0.2,mvnorm,lognormal,True,0.006495287132409367
0.03,-0.2,mvnorm,lognormal,True,0.2645331894297905
0.03,-0.2,mvnorm,lognormal,True,0.09606165277046834
0.03,-0.2,mvnorm,lognormal,True,0.03912322977254297
0.03,-0.2,mvnorm,lognormal,True,0.973297584555321
0.03,-0.2,mvnorm,lognormal,True,6.17871061949113e-06
0.03,-0.2,mvnorm,lognormal,True,0.00018667760235177726
0.03,-0.2,mvnorm,lognormal,True,0.0007273483374818859
0.03,-0.2,mvnorm,lognormal,True,0.07936222074821059
0.03,-0.2,mvnorm,lognormal,True,0.06788231977657982
0.03,-0.2,mvnorm,lognormal,True,7.522562185611465e-08
0.03,-0.2,mvnorm,lognormal,True,0.5202521886071703
0.03,-0.2,mvnorm,lognormal,True,0.6191387188692239
0.03,-0.2,mvnorm,lognormal,True,5.1569895962087806e-05
0.03,-0.2,mvnorm,lognormal,True,5.1285553229428e-06
0.03,-0.2,mvnorm,lognormal,True,0.0001527083747787937
0.03,-0.2,mvnorm,lognormal,True,0.005654362950249362
0.03,-0.2,mvnorm,lognormal,True,0.9061700933617844
0.03,-0.2,mvnorm,lognormal,True,0.24288193842335346
0.03,-0.2,mvnorm,lognormal,True,4.424923804413514e-05
0.03,-0.2,mvnorm,lognormal,True,0.8952240679779976
0.03,-0.2,mvnorm,lognormal,True,0.0020122766771007677
0.03,-0.2,mvnorm,lognormal,True,0.05655518748523314
0.03,-0.2,mvnorm,lognormal,True,0.11613272421056427
0.03,-0.2,mvnorm,lognormal,True,0.00023695889893610492
0.03,-0.2,mvnorm,lognormal,True,0.7602865295247098
0.03,-0.2,mvnorm,lognormal,True,0.0451933006192474
0.03,-0.2,mvnorm,lognormal,True,0.0013518796028728537
0.03,-0.2,mvnorm,lognormal,True,0.5136867780589955
0.03,-0.2,mvnorm,lognormal,True,0.034641744360936644
0.03,-0.2,mvnorm,lognormal,True,0.08644251950555179
0.03,-0.2,mvnorm,lognormal,True,0.0007315483913872617
0.03,-0.2,mvnorm,lognormal,True,8.56896997783233e-07
0.03,-0.2,mvnorm,lognormal,True,0.001094226411407988
0.03,-0.2,mvnorm,lognormal,True,0.00029244828060266405
0.03,-0.2,mvnorm,lognormal,True,0.000308729983921228
0.03,-0.2,mvnorm,lognormal,True,0.0002076091273041433
0.03,-0.2,mvnorm,lognormal,True,0.016483258830923112
0.03,-0.2,mvnorm,lognormal,True,0.5592830823836988
0.03,-0.2,mvnorm,lognormal,True,0.048385886894364835
0.03,-0.2,mvnorm,lognormal,True,0.013613901685806626
0.03,-0.2,mvnorm,lognormal,True,0.0013852499385257023
0.03,-0.2,mvnorm,lognormal,True,0.00013195035249092678
0.03,-0.2,mvnorm,lognormal,True,2.7566565998728318e-14
0.03,-0.2,mvnorm,lognormal,True,0.6920193206661884
0.03,-0.2,mvnorm,lognormal,True,0.9927399901839234
0.03,-0.2,mvnorm,lognormal,True,0.6073699263393937
0.03,-0.2,mvnorm,lognormal,True,0.005406735989573992
0.03,-0.2,mvnorm,lognormal,True,0.810762807208552
0.03,-0.2,mvnorm,lognormal,True,0.1301707029183228
0.03,-0.2,mvnorm,lognormal,True,0.16912657778403922
0.03,-0.2,mvnorm,lognormal,True,0.42383527507372953
0.03,-0.2,mvnorm,lognormal,True,3.9744503066521746e-05
0.03,-0.2,mvnorm,lognormal,True,0.19471435828692585
0.03,-0.2,mvnorm,lognormal,True,0.03570033629333565
0.03,-0.2,mvnorm,lognormal,True,3.104787475797278e-06
0.03,-0.2,mvnorm,lognormal,True,2.0568611526950382e-06
0.03,-0.2,mvnorm,lognormal,True,5.9574542862833505e-05
0.03,-0.2,mvnorm,lognormal,True,0.3377119283226037
0.03,-0.2,mvnorm,lognormal,True,0.03179420628159017
0.03,-0.2,mvnorm,lognormal,True,0.05693199552452532
0.03,-0.2,mvnorm,lognormal,True,2.0427924980684697e-05
0.03,-0.2,mvnorm,lognormal,True,0.0002736210683951441
0.03,-0.2,mvnorm,lognormal,True,2.5826635386302234e-07
0.03,-0.2,mvnorm,lognormal,True,0.10978229800824038
0.03,-0.2,mvnorm,lognormal,True,2.3020910164785685e-06
0.03,-0.2,mvnorm,lognormal,True,0.11704509799448501
0.03,-0.2,mvnorm,lognormal,True,0.7311325756133775
0.03,-0.2,mvnorm,lognormal,True,0.0016361802158649005
0.03,-0.2,mvnorm,lognormal,True,0.027298796484393345
0.03,-0.2,mvnorm,lognormal,True,0.008882147470895177
0.03,-0.2,mvnorm,lognormal,True,0.001304128781911727
0.03,-0.2,mvnorm,lognormal,True,0.039622360362268745
0.03,-0.2,mvnorm,lognormal,True,0.04243284191777918
0.03,-0.2,mvnorm,lognormal,True,0.26187624526249353
0.03,-0.2,mvnorm,lognormal,True,0.03449118737360271
0.03,-0.2,mvnorm,lognormal,True,0.21704301236387735
0.03,-0.2,mvnorm,lognormal,True,2.5235331414490574e-06
0.03,-0.2,mvnorm,lognormal,True,0.26657643121306074
0.03,-0.2,mvnorm,lognormal,True,0.01963921022884349
0.03,-0.2,mvnorm,lognormal,True,0.00015171101870216938
0.03,-0.2,mvnorm,lognormal,True,0.0011654526109720164
0.03,-0.2,mvnorm,lognormal,True,0.9979997732743545
0.03,-0.2,mvnorm,lognormal,True,0.00015322704050041636
0.03,-0.2,mvnorm,lognormal,True,0.4454902362271229
0.03,-0.2,mvnorm,lognormal,True,0.999431514264286
0.03,-0.2,mvnorm,lognormal,True,0.06494680399935754
0.03,-0.2,mvnorm,lognormal,True,0.0029151902581008504
0.03,-0.2,mvnorm,lognormal,True,0.0025257897267195427
0.03,-0.2,mvnorm,lognormal,True,0.01281186492227474
0.03,-0.2,mvnorm,lognormal,True,6.064690716319204e-10
0.03,-0.2,mvnorm,lognormal,True,0.28341155424573033
0.03,-0.2,mvnorm,lognormal,True,0.18394917603123911
0.03,-0.2,mvnorm,lognormal,True,0.9143804793847081
0.03,-0.2,mvnorm,lognormal,True,0.0004856962474130424
0.03,-0.2,mvnorm,lognormal,True,0.028353890882085647
0.03,-0.2,mvnorm,lognormal,True,0.12871813881679328
0.03,-0.2,mvnorm,lognormal,True,0.9603841879406347
0.03,-0.2,mvnorm,lognormal,True,0.055596629250789356
0.03,-0.2,mvnorm,lognormal,True,0.24206533315687795
0.03,-0.2,mvnorm,lognormal,True,3.611959967797445e-05
0.03,-0.2,mvnorm,lognormal,True,0.9546590399789066
0.03,-0.2,mvnorm,lognormal,True,3.7586504019567614e-10
0.03,-0.2,mvnorm,lognormal,True,0.09599871945775197
0.03,-0.2,mvnorm,lognormal,True,0.019568076568876012
0.03,-0.2,mvnorm,lognormal,True,0.011173213467411756
0.03,-0.2,mvnorm,lognormal,True,0.7177497871726868
0.03,-0.2,mvnorm,lognormal,True,0.7018294760703159
0.03,-0.2,mvnorm,lognormal,True,0.8186808380559779
0.03,-0.2,mvnorm,lognormal,True,0.0001716727969712634
0.03,-0.2,mvnorm,lognormal,True,9.57213884131311e-09
0.03,-0.2,mvnorm,lognormal,True,0.7802179558382509
0.03,-0.2,mvnorm,lognormal,True,6.1233870619846e-07
0.03,-0.2,mvnorm,lognormal,True,0.045557776457960386
0.03,-0.2,mvnorm,lognormal,True,2.7434258637762665e-06
0.03,-0.2,mvnorm,lognormal,True,0.2967524354228343
0.03,-0.2,mvnorm,lognormal,True,0.717562854837688
0.03,-0.2,mvnorm,lognormal,True,0.00027805149495435514
0.03,-0.2,mvnorm,lognormal,True,0.011706444321607615
0.03,-0.2,mvnorm,lognormal,True,0.273156100566908
0.03,-0.2,mvnorm,lognormal,True,0.35180834491399726
0.03,-0.2,mvnorm,lognormal,True,0.5200369094500066
0.03,-0.2,mvnorm,lognormal,True,0.2793233512863492
0.03,-0.2,mvnorm,lognormal,True,0.5627922244372507
0.03,-0.2,mvnorm,lognormal,True,0.8116507853658869
0.03,-0.2,mvnorm,lognormal,True,0.6564052111788505
0.03,-0.2,mvnorm,lognormal,True,0.6585871278361857
0.03,-0.2,mvnorm,lognormal,True,0.4732566767660601
0.03,-0.2,mvnorm,lognormal,True,0.011957839723300905
0.03,-0.2,mvnorm,lognormal,True,1.1417978767921894e-08
0.03,-0.2,mvnorm,lognormal,True,0.19934294167435074
0.03,-0.2,mvnorm,lognormal,True,3.6787863801118587e-06
0.03,-0.2,mvnorm,lognormal,True,0.6250213938675145
0.03,-0.2,mvnorm,lognormal,True,0.04670658029649737
0.03,-0.2,mvnorm,lognormal,True,6.715701764784065e-07
0.03,-0.2,mvnorm,lognormal,True,0.0025125092491070015
0.03,-0.2,mvnorm,lognormal,True,0.0002979595054946728
0.03,-0.2,mvnorm,lognormal,True,0.8825442472584328
0.03,-0.2,mvnorm,lognormal,True,0.0343663758606606
0.03,-0.2,mvnorm,lognormal,True,0.0005948079875766422
0.03,-0.2,mvnorm,lognormal,True,3.306060345092628e-12
0.03,-0.2,mvnorm,lognormal,True,0.2263134749288404
0.03,-0.2,mvnorm,lognormal,True,0.14542542701948535
0.03,-0.2,mvnorm,lognormal,True,0.1636170768555233
0.03,-0.2,mvnorm,lognormal,True,0.06011988038025259
0.03,-0.2,mvnorm,lognormal,True,0.10851001155547307
0.03,-0.2,mvnorm,lognormal,True,0.3159617260778129
0.03,-0.2,mvnorm,lognormal,True,0.0008315212621162974
0.03,-0.2,mvnorm,lognormal,True,0.00020431657417091146
0.03,-0.2,mvnorm,lognormal,True,0.053931248516117365
0.03,-0.2,mvnorm,lognormal,True,3.374615778020925e-05
0.03,-0.2,mvnorm,lognormal,True,0.22336112485633805
0.03,-0.2,mvnorm,lognormal,True,0.022522853665578126
0.03,-0.2,mvnorm,lognormal,True,0.8254906503835413
0.03,-0.2,mvnorm,lognormal,True,0.47640554420236514
0.03,-0.2,mvnorm,lognormal,True,0.013876638987765217
0.03,-0.2,mvnorm,lognormal,True,0.5578581885445504
0.03,-0.2,mvnorm,lognormal,True,2.4468198002705252e-05
0.03,-0.2,mvnorm,lognormal,True,0.0025168940230716123
0.03,-0.2,mvnorm,lognormal,True,0.00016527426816534939
0.03,-0.2,mvnorm,lognormal,True,0.09526060790096583
0.03,-0.2,mvnorm,lognormal,True,0.863777861017311
0.03,-0.2,mvnorm,lognormal,True,0.0024492357088834083
0.03,-0.2,mvnorm,lognormal,True,0.41712823289321943
0.03,-0.2,mvnorm,lognormal,True,5.669130278606315e-06
0.03,-0.2,mvnorm,lognormal,True,0.8421385315900838
0.03,-0.2,mvnorm,lognormal,True,0.9169359824492894
0.03,-0.2,mvnorm,lognormal,True,0.0058817470025011405
0.03,-0.2,mvnorm,lognormal,True,0.4893876880593693
0.03,-0.2,mvnorm,lognormal,True,0.13720901373361186
0.03,-0.2,mvnorm,lognormal,True,0.0018765841161874914
0.03,-0.2,mvnorm,lognormal,True,0.18228726654781457
0.03,-0.2,mvnorm,lognormal,True,6.702071211733911e-09
0.03,-0.2,mvnorm,lognormal,True,9.757333123286764e-06
0.03,-0.2,mvnorm,lognormal,True,0.00482976801310708
0.03,-0.2,mvnorm,lognormal,True,0.004811774034423878
0.03,-0.2,mvnorm,lognormal,True,3.9245957707378e-10
0.03,-0.2,mvnorm,lognormal,True,0.22753634567092623
0.03,-0.2,mvnorm,lognormal,True,0.3111141116793714
0.03,-0.2,mvnorm,lognormal,True,1.526984268664695e-06
0.03,-0.2,mvnorm,lognormal,True,0.008758555604844466
0.03,-0.2,mvnorm,lognormal,True,0.1581520545758044
0.03,-0.2,mvnorm,lognormal,True,0.1880967218819856
0.03,-0.2,mvnorm,lognormal,True,0.7892144366420032
0.03,-0.2,mvnorm,lognormal,True,0.46553458361099265
0.03,-0.2,mvnorm,lognormal,True,0.04055813951021817
0.03,-0.2,mvnorm,lognormal,True,0.07094853003504983
0.03,-0.2,mvnorm,lognormal,True,0.8229049014610824
0.03,-0.2,mvnorm,lognormal,True,0.00172516623468698
0.03,-0.2,mvnorm,lognormal,True,0.139024859723282
0.03,-0.2,mvnorm,lognormal,True,8.069213941753826e-06
0.03,-0.2,mvnorm,lognormal,True,0.03720675159089582
0.03,-0.2,mvnorm,lognormal,True,0.9514090997539273
0.03,-0.2,mvnorm,lognormal,True,1.9669114976008764e-08
