tau,rho,est,dist,obs_conf,pvals
0.09,-0.4,lognorm,lognormal,True,0.003922480345386946
0.09,-0.4,lognorm,lognormal,True,1.1091184195257575e-28
0.09,-0.4,lognorm,lognormal,True,5.9736086919619135e-15
0.09,-0.4,lognorm,lognormal,True,9.712529992678546e-12
0.09,-0.4,lognorm,lognormal,True,0.0803090189234966
0.09,-0.4,lognorm,lognormal,True,0.8701016718081741
0.09,-0.4,lognorm,lognormal,True,3.330457034818931e-15
0.09,-0.4,lognorm,lognormal,True,0.003089724080178332
0.09,-0.4,lognorm,lognormal,True,1.739653976194452e-07
0.09,-0.4,lognorm,lognormal,True,0.00395456485162863
0.09,-0.4,lognorm,lognormal,True,3.892172445840027e-11
0.09,-0.4,lognorm,lognormal,True,0.0018774990919214554
0.09,-0.4,lognorm,lognormal,True,2.3836147574007636e-08
0.09,-0.4,lognorm,lognormal,True,2.3554609561116905e-09
0.09,-0.4,lognorm,lognormal,True,0.0023732818575837294
0.09,-0.4,lognorm,lognormal,True,0.00028506387740257307
0.09,-0.4,lognorm,lognormal,True,0.002070605583558311
0.09,-0.4,lognorm,lognormal,True,7.021607896527992e-19
0.09,-0.4,lognorm,lognormal,True,0.21099983475709122
0.09,-0.4,lognorm,lognormal,True,0.8342934822753039
0.09,-0.4,lognorm,lognormal,True,0.10200086464095903
0.09,-0.4,lognorm,lognormal,True,5.1362692507605004e-08
0.09,-0.4,lognorm,lognormal,True,3.033376799320413e-32
0.09,-0.4,lognorm,lognormal,True,0.6454453079923641
0.09,-0.4,lognorm,lognormal,True,5.390678118129744e-07
0.09,-0.4,lognorm,lognormal,True,3.424278229439892e-08
0.09,-0.4,lognorm,lognormal,True,1.5010346667240018e-08
0.09,-0.4,lognorm,lognormal,True,2.1956225597589303e-05
0.09,-0.4,lognorm,lognormal,True,4.941945274355963e-10
0.09,-0.4,lognorm,lognormal,True,9.331272677397885e-05
0.09,-0.4,lognorm,lognormal,True,1.8237969545816848e-14
0.09,-0.4,lognorm,lognormal,True,0.02774587436503268
0.09,-0.4,lognorm,lognormal,True,1.7174197175326477e-15
0.09,-0.4,lognorm,lognormal,True,6.426759006141216e-06
0.09,-0.4,lognorm,lognormal,True,0.05350606072220987
0.09,-0.4,lognorm,lognormal,True,7.385098922816744e-35
0.09,-0.4,lognorm,lognormal,True,0.4492061276138227
0.09,-0.4,lognorm,lognormal,True,1.925401772974672e-05
0.09,-0.4,lognorm,lognormal,True,0.5136749610353599
0.09,-0.4,lognorm,lognormal,True,0.15659562276093783
0.09,-0.4,lognorm,lognormal,True,2.698035573614265e-05
0.09,-0.4,lognorm,lognormal,True,8.198050421098418e-06
0.09,-0.4,lognorm,lognormal,True,3.4969655365874623e-06
0.09,-0.4,lognorm,lognormal,True,0.6109546419939353
0.09,-0.4,lognorm,lognormal,True,0.00297719957550712
0.09,-0.4,lognorm,lognormal,True,0.7637720520599733
0.09,-0.4,lognorm,lognormal,True,0.025108143533165782
0.09,-0.4,lognorm,lognormal,True,5.375496562490948e-05
0.09,-0.4,lognorm,lognormal,True,0.6095900448945162
0.09,-0.4,lognorm,lognormal,True,5.027320584647174e-05
0.09,-0.4,lognorm,lognormal,True,2.498930552704681e-43
0.09,-0.4,lognorm,lognormal,True,0.22918782540355215
0.09,-0.4,lognorm,lognormal,True,0.00012482185004552922
0.09,-0.4,lognorm,lognormal,True,4.447272882250418e-18
0.09,-0.4,lognorm,lognormal,True,2.1405327799708404e-19
0.09,-0.4,lognorm,lognormal,True,0.0004358917692234912
0.09,-0.4,lognorm,lognormal,True,0.060067420620085264
0.09,-0.4,lognorm,lognormal,True,0.0017865738956940973
0.09,-0.4,lognorm,lognormal,True,0.00839118557054039
0.09,-0.4,lognorm,lognormal,True,1.2022782199102856e-11
0.09,-0.4,lognorm,lognormal,True,0.05826748456385147
0.09,-0.4,lognorm,lognormal,True,1.2586725612423276e-18
0.09,-0.4,lognorm,lognormal,True,2.21725186996465e-10
0.09,-0.4,lognorm,lognormal,True,1.4607663940515892e-08
0.09,-0.4,lognorm,lognormal,True,0.04846148630774207
0.09,-0.4,lognorm,lognormal,True,0.0033747658997249175
0.09,-0.4,lognorm,lognormal,True,0.7877945174900574
0.09,-0.4,lognorm,lognormal,True,0.020545275163438046
0.09,-0.4,lognorm,lognormal,True,0.000335970971604252
0.09,-0.4,lognorm,lognormal,True,0.9857215641947609
0.09,-0.4,lognorm,lognormal,True,1.3096297153538128e-14
0.09,-0.4,lognorm,lognormal,True,1.1867220082612863e-07
0.09,-0.4,lognorm,lognormal,True,0.0005428267078926897
0.09,-0.4,lognorm,lognormal,True,0.49983280617782977
0.09,-0.4,lognorm,lognormal,True,0.19292658062133092
0.09,-0.4,lognorm,lognormal,True,0.006990711914954463
0.09,-0.4,lognorm,lognormal,True,0.6158577116082059
0.09,-0.4,lognorm,lognormal,True,1.2504411061021452e-15
0.09,-0.4,lognorm,lognormal,True,3.832524457137726e-05
0.09,-0.4,lognorm,lognormal,True,0.021746770331069958
0.09,-0.4,lognorm,lognormal,True,0.4343004932140543
0.09,-0.4,lognorm,lognormal,True,0.37900394537517823
0.09,-0.4,lognorm,lognormal,True,2.7682541147323636e-18
0.09,-0.4,lognorm,lognormal,True,0.011798659509198891
0.09,-0.4,lognorm,lognormal,True,1.4743997081806562e-17
0.09,-0.4,lognorm,lognormal,True,5.0813982442216835e-18
0.09,-0.4,lognorm,lognormal,True,2.391662953023976e-10
0.09,-0.4,lognorm,lognormal,True,5.452900112292691e-16
0.09,-0.4,lognorm,lognormal,True,1.4503700426856719e-08
0.09,-0.4,lognorm,lognormal,True,0.005530906044828334
0.09,-0.4,lognorm,lognormal,True,1.3954518947713092e-26
0.09,-0.4,lognorm,lognormal,True,4.071468112462206e-23
0.09,-0.4,lognorm,lognormal,True,0.6402743908529542
0.09,-0.4,lognorm,lognormal,True,2.0060763063860957e-25
0.09,-0.4,lognorm,lognormal,True,2.175098897342398e-06
0.09,-0.4,lognorm,lognormal,True,1.915636680129052e-26
0.09,-0.4,lognorm,lognormal,True,4.488010220375588e-16
0.09,-0.4,lognorm,lognormal,True,0.17008863460733908
0.09,-0.4,lognorm,lognormal,True,0.42887120987332616
0.09,-0.4,lognorm,lognormal,True,0.03577064147785858
0.09,-0.4,lognorm,lognormal,True,2.254208868198989e-07
0.09,-0.4,lognorm,lognormal,True,4.9526162095410425e-29
0.09,-0.4,lognorm,lognormal,True,0.0743306189292687
0.09,-0.4,lognorm,lognormal,True,0.6527137334070212
0.09,-0.4,lognorm,lognormal,True,0.3488200203219326
0.09,-0.4,lognorm,lognormal,True,6.108550286249634e-08
0.09,-0.4,lognorm,lognormal,True,1.0653109693102854e-10
0.09,-0.4,lognorm,lognormal,True,4.814343462188156e-06
0.09,-0.4,lognorm,lognormal,True,2.8752551387567625e-18
0.09,-0.4,lognorm,lognormal,True,7.881839615512598e-08
0.09,-0.4,lognorm,lognormal,True,4.120080245967372e-06
0.09,-0.4,lognorm,lognormal,True,0.8351684695194384
0.09,-0.4,lognorm,lognormal,True,0.0014593004094960982
0.09,-0.4,lognorm,lognormal,True,5.109866972168545e-05
0.09,-0.4,lognorm,lognormal,True,8.021655996336584e-07
0.09,-0.4,lognorm,lognormal,True,0.022321969920098206
0.09,-0.4,lognorm,lognormal,True,0.000645557814135109
0.09,-0.4,lognorm,lognormal,True,0.2649817433066513
0.09,-0.4,lognorm,lognormal,True,0.3120936879845582
0.09,-0.4,lognorm,lognormal,True,0.005226412181727113
0.09,-0.4,lognorm,lognormal,True,0.6814476363674364
0.09,-0.4,lognorm,lognormal,True,0.005144891317551435
0.09,-0.4,lognorm,lognormal,True,0.8066772255417265
0.09,-0.4,lognorm,lognormal,True,8.282574296151342e-20
0.09,-0.4,lognorm,lognormal,True,6.875173016828977e-12
0.09,-0.4,lognorm,lognormal,True,0.0718889742778392
0.09,-0.4,lognorm,lognormal,True,0.11332500571791289
0.09,-0.4,lognorm,lognormal,True,4.0565998291103654e-05
0.09,-0.4,lognorm,lognormal,True,0.019264642708635732
0.09,-0.4,lognorm,lognormal,True,0.00010253728286443115
0.09,-0.4,lognorm,lognormal,True,1.0886788294660991e-24
0.09,-0.4,lognorm,lognormal,True,0.7649478132142977
0.09,-0.4,lognorm,lognormal,True,0.49738712331673696
0.09,-0.4,lognorm,lognormal,True,1.436667282313922e-09
0.09,-0.4,lognorm,lognormal,True,2.0961536013993924e-07
0.09,-0.4,lognorm,lognormal,True,0.04930483248969663
0.09,-0.4,lognorm,lognormal,True,4.2342479990151525e-08
0.09,-0.4,lognorm,lognormal,True,0.17891045552212792
0.09,-0.4,lognorm,lognormal,True,0.0019867292835285427
0.09,-0.4,lognorm,lognormal,True,0.0008158910101233102
0.09,-0.4,lognorm,lognormal,True,0.5727163070676626
0.09,-0.4,lognorm,lognormal,True,0.057395720567210075
0.09,-0.4,lognorm,lognormal,True,1.3053798857396401e-07
0.09,-0.4,lognorm,lognormal,True,0.042976878782959464
0.09,-0.4,lognorm,lognormal,True,0.2244097432102783
0.09,-0.4,lognorm,lognormal,True,0.0051959872041602295
0.09,-0.4,lognorm,lognormal,True,0.022609787653748104
0.09,-0.4,lognorm,lognormal,True,1.604405063109546e-30
0.09,-0.4,lognorm,lognormal,True,2.7523633240619382e-05
0.09,-0.4,lognorm,lognormal,True,5.430833347041577e-34
0.09,-0.4,lognorm,lognormal,True,7.953843475762115e-10
0.09,-0.4,lognorm,lognormal,True,0.6594438245918222
0.09,-0.4,lognorm,lognormal,True,5.553045780593544e-17
0.09,-0.4,lognorm,lognormal,True,7.58710170828605e-30
0.09,-0.4,lognorm,lognormal,True,0.005040179030057844
0.09,-0.4,lognorm,lognormal,True,0.0050337383685445086
0.09,-0.4,lognorm,lognormal,True,0.008747188438772946
0.09,-0.4,lognorm,lognormal,True,0.7697494186333231
0.09,-0.4,lognorm,lognormal,True,0.07666131819838738
0.09,-0.4,lognorm,lognormal,True,3.203120726068988e-07
0.09,-0.4,lognorm,lognormal,True,0.1785032452368653
0.09,-0.4,lognorm,lognormal,True,0.19781924054794142
0.09,-0.4,lognorm,lognormal,True,4.078696094106497e-07
0.09,-0.4,lognorm,lognormal,True,2.166294145830019e-09
0.09,-0.4,lognorm,lognormal,True,4.982764874889618e-10
0.09,-0.4,lognorm,lognormal,True,2.37888349691807e-16
0.09,-0.4,lognorm,lognormal,True,0.711093867958808
0.09,-0.4,lognorm,lognormal,True,9.003036466789294e-43
0.09,-0.4,lognorm,lognormal,True,0.0010963293111627595
0.09,-0.4,lognorm,lognormal,True,0.0040278972869837205
0.09,-0.4,lognorm,lognormal,True,1.215535237439945e-16
0.09,-0.4,lognorm,lognormal,True,0.48474641497532867
0.09,-0.4,lognorm,lognormal,True,9.449647876798531e-07
0.09,-0.4,lognorm,lognormal,True,4.535727595922581e-08
0.09,-0.4,lognorm,lognormal,True,0.014051907322570629
0.09,-0.4,lognorm,lognormal,True,0.013523595992522789
0.09,-0.4,lognorm,lognormal,True,4.683040505421069e-14
0.09,-0.4,lognorm,lognormal,True,0.009028757162605011
0.09,-0.4,lognorm,lognormal,True,0.05341498034399433
0.09,-0.4,lognorm,lognormal,True,0.011018202188421209
0.09,-0.4,lognorm,lognormal,True,6.01576635905004e-19
0.09,-0.4,lognorm,lognormal,True,5.2018821971344814e-09
0.09,-0.4,lognorm,lognormal,True,0.00014776818078897705
0.09,-0.4,lognorm,lognormal,True,0.0037814510390747746
0.09,-0.4,lognorm,lognormal,True,4.562936065907645e-07
0.09,-0.4,lognorm,lognormal,True,0.00024088784857900238
0.09,-0.4,lognorm,lognormal,True,6.338004948773524e-26
0.09,-0.4,lognorm,lognormal,True,0.0004985326362866875
0.09,-0.4,lognorm,lognormal,True,0.00225168866679785
0.09,-0.4,lognorm,lognormal,True,1.0137468290032874e-21
0.09,-0.4,lognorm,lognormal,True,2.7550535873352585e-18
0.09,-0.4,lognorm,lognormal,True,0.14362279119585228
0.09,-0.4,lognorm,lognormal,True,0.18806834458024554
0.09,-0.4,lognorm,lognormal,True,4.2003356304699e-22
0.09,-0.4,lognorm,lognormal,True,0.9367925517440477
0.09,-0.4,lognorm,lognormal,True,1.42089252883493e-08
0.09,-0.4,lognorm,lognormal,True,9.13119335579815e-11
0.09,-0.4,lognorm,lognormal,True,0.018779357502495823
0.09,-0.4,lognorm,lognormal,True,2.0403977817414417e-14
0.09,-0.4,lognorm,lognormal,True,1.3934440176595484e-12
