tau,rho,est,dist,obs_conf,pvals
0.06,0.0,mvnorm,lognormal,True,0.5366894285136613
0.06,0.0,mvnorm,lognormal,True,0.007360149894117463
0.06,0.0,mvnorm,lognormal,True,0.8920159311897635
0.06,0.0,mvnorm,lognormal,True,1.693352198320354e-05
0.06,0.0,mvnorm,lognormal,True,0.22368805228931446
0.06,0.0,mvnorm,lognormal,True,0.04140586003392122
0.06,0.0,mvnorm,lognormal,True,0.721000240185551
0.06,0.0,mvnorm,lognormal,True,4.2561555632091394e-07
0.06,0.0,mvnorm,lognormal,True,0.002334296838256376
0.06,0.0,mvnorm,lognormal,True,0.00037516513572171127
0.06,0.0,mvnorm,lognormal,True,0.049652365564058235
0.06,0.0,mvnorm,lognormal,True,0.07393128092117875
0.06,0.0,mvnorm,lognormal,True,0.007777988410483539
0.06,0.0,mvnorm,lognormal,True,0.45769219758572743
0.06,0.0,mvnorm,lognormal,True,0.9850357370766052
0.06,0.0,mvnorm,lognormal,True,0.2342796099087574
0.06,0.0,mvnorm,lognormal,True,9.161055880596214e-05
0.06,0.0,mvnorm,lognormal,True,0.009020869184488125
0.06,0.0,mvnorm,lognormal,True,0.25292864771856616
0.06,0.0,mvnorm,lognormal,True,3.1687316157382475e-09
0.06,0.0,mvnorm,lognormal,True,2.0299599508326302e-06
0.06,0.0,mvnorm,lognormal,True,0.7762208547117685
0.06,0.0,mvnorm,lognormal,True,4.512848053925496e-06
0.06,0.0,mvnorm,lognormal,True,0.4860535008211858
0.06,0.0,mvnorm,lognormal,True,0.9214596877503773
0.06,0.0,mvnorm,lognormal,True,0.027309222132157723
0.06,0.0,mvnorm,lognormal,True,0.07629782583972664
0.06,0.0,mvnorm,lognormal,True,4.0142803132267054e-05
0.06,0.0,mvnorm,lognormal,True,0.04242236122178675
0.06,0.0,mvnorm,lognormal,True,0.8774508547824716
0.06,0.0,mvnorm,lognormal,True,0.0001370702932513325
0.06,0.0,mvnorm,lognormal,True,0.012718432186022349
0.06,0.0,mvnorm,lognormal,True,0.5785407409385701
0.06,0.0,mvnorm,lognormal,True,0.020226589186474287
0.06,0.0,mvnorm,lognormal,True,0.7470922288028878
0.06,0.0,mvnorm,lognormal,True,0.5108594691974813
0.06,0.0,mvnorm,lognormal,True,0.10720846718861729
0.06,0.0,mvnorm,lognormal,True,0.6831966813206989
0.06,0.0,mvnorm,lognormal,True,0.03598738354820546
0.06,0.0,mvnorm,lognormal,True,0.14218710091942327
0.06,0.0,mvnorm,lognormal,True,0.3036179534496084
0.06,0.0,mvnorm,lognormal,True,0.5235748711116475
0.06,0.0,mvnorm,lognormal,True,2.7320824292725587e-08
0.06,0.0,mvnorm,lognormal,True,0.4746494938947119
0.06,0.0,mvnorm,lognormal,True,0.010942570630636661
0.06,0.0,mvnorm,lognormal,True,0.04355167702578542
0.06,0.0,mvnorm,lognormal,True,0.028321088469834707
0.06,0.0,mvnorm,lognormal,True,0.13723993135185453
0.06,0.0,mvnorm,lognormal,True,0.002940576710655467
0.06,0.0,mvnorm,lognormal,True,9.265250724374448e-05
0.06,0.0,mvnorm,lognormal,True,0.0002969071483017305
0.06,0.0,mvnorm,lognormal,True,0.0016214503892779378
0.06,0.0,mvnorm,lognormal,True,1.723262529420744e-05
0.06,0.0,mvnorm,lognormal,True,1.0052444332873678e-07
0.06,0.0,mvnorm,lognormal,True,0.4860975876808362
0.06,0.0,mvnorm,lognormal,True,0.28932120863455446
0.06,0.0,mvnorm,lognormal,True,0.06678406042799695
0.06,0.0,mvnorm,lognormal,True,0.6175353899704592
0.06,0.0,mvnorm,lognormal,True,0.34446652594358707
0.06,0.0,mvnorm,lognormal,True,0.04648995192166008
0.06,0.0,mvnorm,lognormal,True,0.7105241090342616
0.06,0.0,mvnorm,lognormal,True,1.0794218717035043e-07
0.06,0.0,mvnorm,lognormal,True,0.8343516348559147
0.06,0.0,mvnorm,lognormal,True,0.33366228050817737
0.06,0.0,mvnorm,lognormal,True,0.012866199027963644
0.06,0.0,mvnorm,lognormal,True,0.10756259198434343
0.06,0.0,mvnorm,lognormal,True,0.31789769180084465
0.06,0.0,mvnorm,lognormal,True,0.7431314281279677
0.06,0.0,mvnorm,lognormal,True,2.9991568918136493e-05
0.06,0.0,mvnorm,lognormal,True,0.28442643211280266
0.06,0.0,mvnorm,lognormal,True,0.01886893427509721
0.06,0.0,mvnorm,lognormal,True,0.14376187343123348
0.06,0.0,mvnorm,lognormal,True,0.6893813208462035
0.06,0.0,mvnorm,lognormal,True,8.349602023705372e-05
0.06,0.0,mvnorm,lognormal,True,0.3783799973869101
0.06,0.0,mvnorm,lognormal,True,2.2844025494909742e-05
0.06,0.0,mvnorm,lognormal,True,0.0003003230367484096
0.06,0.0,mvnorm,lognormal,True,0.0001473739751928041
0.06,0.0,mvnorm,lognormal,True,0.09073806283877482
0.06,0.0,mvnorm,lognormal,True,1.3129905232639247e-09
0.06,0.0,mvnorm,lognormal,True,0.18117710196939646
0.06,0.0,mvnorm,lognormal,True,0.019112407118028352
0.06,0.0,mvnorm,lognormal,True,0.020554468377664153
0.06,0.0,mvnorm,lognormal,True,0.3029859150043454
0.06,0.0,mvnorm,lognormal,True,0.0003472476364480756
0.06,0.0,mvnorm,lognormal,True,0.8839198688494251
0.06,0.0,mvnorm,lognormal,True,0.00822845495423519
0.06,0.0,mvnorm,lognormal,True,0.06982740544507224
0.06,0.0,mvnorm,lognormal,True,0.2643418787425208
0.06,0.0,mvnorm,lognormal,True,0.8060602396968669
0.06,0.0,mvnorm,lognormal,True,0.03646460289060182
0.06,0.0,mvnorm,lognormal,True,0.09825869655065789
0.06,0.0,mvnorm,lognormal,True,6.709270571493927e-06
0.06,0.0,mvnorm,lognormal,True,0.11209711188472829
0.06,0.0,mvnorm,lognormal,True,0.01728509920921041
0.06,0.0,mvnorm,lognormal,True,0.6348582437966986
0.06,0.0,mvnorm,lognormal,True,0.0054671904506870235
0.06,0.0,mvnorm,lognormal,True,0.014576976189896373
0.06,0.0,mvnorm,lognormal,True,0.29090994857801933
0.06,0.0,mvnorm,lognormal,True,0.00814751049188007
0.06,0.0,mvnorm,lognormal,True,3.1765226902683733e-05
0.06,0.0,mvnorm,lognormal,True,0.0043790890481351565
0.06,0.0,mvnorm,lognormal,True,0.5030537411095068
0.06,0.0,mvnorm,lognormal,True,0.00018584602623369364
0.06,0.0,mvnorm,lognormal,True,0.0004300257745434519
0.06,0.0,mvnorm,lognormal,True,0.0014420355392542024
0.06,0.0,mvnorm,lognormal,True,6.921942135466922e-09
0.06,0.0,mvnorm,lognormal,True,0.0003663636228684626
0.06,0.0,mvnorm,lognormal,True,0.9442375298580402
0.06,0.0,mvnorm,lognormal,True,6.864447567782116e-07
0.06,0.0,mvnorm,lognormal,True,0.26653444788499503
0.06,0.0,mvnorm,lognormal,True,0.027051028852723896
0.06,0.0,mvnorm,lognormal,True,0.5239166563182824
0.06,0.0,mvnorm,lognormal,True,0.9889593178090423
0.06,0.0,mvnorm,lognormal,True,0.2622159777433902
0.06,0.0,mvnorm,lognormal,True,0.43484148824521596
0.06,0.0,mvnorm,lognormal,True,0.9306313394652252
0.06,0.0,mvnorm,lognormal,True,0.7388533192338501
0.06,0.0,mvnorm,lognormal,True,0.3059408521793763
0.06,0.0,mvnorm,lognormal,True,0.00022563892022710807
0.06,0.0,mvnorm,lognormal,True,0.6003920126454223
0.06,0.0,mvnorm,lognormal,True,0.31600350886721595
0.06,0.0,mvnorm,lognormal,True,0.30395504971842047
0.06,0.0,mvnorm,lognormal,True,0.002158702506145718
0.06,0.0,mvnorm,lognormal,True,2.215506287761769e-11
0.06,0.0,mvnorm,lognormal,True,0.005449556301328724
0.06,0.0,mvnorm,lognormal,True,0.030146946148395335
0.06,0.0,mvnorm,lognormal,True,3.588688307090137e-11
0.06,0.0,mvnorm,lognormal,True,0.8982546252405863
0.06,0.0,mvnorm,lognormal,True,0.22263919580680533
0.06,0.0,mvnorm,lognormal,True,0.3270791393608845
0.06,0.0,mvnorm,lognormal,True,0.5190912543185036
0.06,0.0,mvnorm,lognormal,True,0.8371615755226092
0.06,0.0,mvnorm,lognormal,True,0.28483555452373244
0.06,0.0,mvnorm,lognormal,True,0.1588943591150533
0.06,0.0,mvnorm,lognormal,True,1.4668026873221393e-06
0.06,0.0,mvnorm,lognormal,True,0.6315085661709043
0.06,0.0,mvnorm,lognormal,True,0.0662477514843225
0.06,0.0,mvnorm,lognormal,True,0.23590306727535795
0.06,0.0,mvnorm,lognormal,True,0.6369536257343356
0.06,0.0,mvnorm,lognormal,True,0.0008804588215280861
0.06,0.0,mvnorm,lognormal,True,0.015662442721800205
0.06,0.0,mvnorm,lognormal,True,0.00021631243759117713
0.06,0.0,mvnorm,lognormal,True,0.28087283548736897
0.06,0.0,mvnorm,lognormal,True,0.11303260002234565
0.06,0.0,mvnorm,lognormal,True,0.2788287436799638
0.06,0.0,mvnorm,lognormal,True,6.685351710510183e-08
0.06,0.0,mvnorm,lognormal,True,0.4857218794218786
0.06,0.0,mvnorm,lognormal,True,0.034898143867394565
0.06,0.0,mvnorm,lognormal,True,0.8581324027087132
0.06,0.0,mvnorm,lognormal,True,0.00291548068103759
0.06,0.0,mvnorm,lognormal,True,0.8476527886725888
0.06,0.0,mvnorm,lognormal,True,0.08582385555338262
0.06,0.0,mvnorm,lognormal,True,0.8739361552897396
0.06,0.0,mvnorm,lognormal,True,0.00045071853824708993
0.06,0.0,mvnorm,lognormal,True,0.03308085523876115
0.06,0.0,mvnorm,lognormal,True,3.2554453519473296e-07
0.06,0.0,mvnorm,lognormal,True,0.8769589595114246
0.06,0.0,mvnorm,lognormal,True,0.0006015838311789786
0.06,0.0,mvnorm,lognormal,True,0.00019167459318321885
0.06,0.0,mvnorm,lognormal,True,0.0009742070743802834
0.06,0.0,mvnorm,lognormal,True,0.00019758394117226966
0.06,0.0,mvnorm,lognormal,True,0.46413875298998
0.06,0.0,mvnorm,lognormal,True,0.05923717133410234
0.06,0.0,mvnorm,lognormal,True,0.5879234130208325
0.06,0.0,mvnorm,lognormal,True,7.221794424036465e-14
0.06,0.0,mvnorm,lognormal,True,0.06933318950750252
0.06,0.0,mvnorm,lognormal,True,0.03129407390265617
0.06,0.0,mvnorm,lognormal,True,6.125734982354406e-08
0.06,0.0,mvnorm,lognormal,True,0.001670147509875407
0.06,0.0,mvnorm,lognormal,True,0.07258000651181745
0.06,0.0,mvnorm,lognormal,True,0.06792692685571061
0.06,0.0,mvnorm,lognormal,True,0.3340013163307586
0.06,0.0,mvnorm,lognormal,True,0.1433872472966919
0.06,0.0,mvnorm,lognormal,True,0.04448650141957008
0.06,0.0,mvnorm,lognormal,True,0.7542987261490061
0.06,0.0,mvnorm,lognormal,True,0.04524311768386802
0.06,0.0,mvnorm,lognormal,True,0.009005943438164602
0.06,0.0,mvnorm,lognormal,True,0.003395744582172608
0.06,0.0,mvnorm,lognormal,True,0.0007500708633489149
0.06,0.0,mvnorm,lognormal,True,0.981413697601501
0.06,0.0,mvnorm,lognormal,True,8.939596137395771e-13
0.06,0.0,mvnorm,lognormal,True,0.009149953972539312
0.06,0.0,mvnorm,lognormal,True,0.015381936703936679
0.06,0.0,mvnorm,lognormal,True,0.03811838511941498
0.06,0.0,mvnorm,lognormal,True,0.009004137985382589
0.06,0.0,mvnorm,lognormal,True,0.04995291586245534
0.06,0.0,mvnorm,lognormal,True,0.05412450665822975
0.06,0.0,mvnorm,lognormal,True,0.2697607995304034
0.06,0.0,mvnorm,lognormal,True,0.22300884638387405
0.06,0.0,mvnorm,lognormal,True,0.08631017678400632
0.06,0.0,mvnorm,lognormal,True,1.8231138577694684e-05
0.06,0.0,mvnorm,lognormal,True,0.0013655783778002378
0.06,0.0,mvnorm,lognormal,True,0.4890515102523091
0.06,0.0,mvnorm,lognormal,True,0.3409196111011482
0.06,0.0,mvnorm,lognormal,True,0.0008554752033808959
0.06,0.0,mvnorm,lognormal,True,1.1760159551025717e-06
0.06,0.0,mvnorm,lognormal,True,0.46514355020130915
0.06,0.0,mvnorm,lognormal,True,0.06047310537526506
0.06,0.0,mvnorm,lognormal,True,0.05614908816520104
