tau,rho,est,dist,obs_conf,pvals
0.09,0.2,lognorm,lognormal,True,0.05987505324369723
0.09,0.2,lognorm,lognormal,True,0.9430514990923639
0.09,0.2,lognorm,lognormal,True,0.15219802126749676
0.09,0.2,lognorm,lognormal,True,0.04258709269915355
0.09,0.2,lognorm,lognormal,True,3.0721659450665764e-06
0.09,0.2,lognorm,lognormal,True,0.21542520928640538
0.09,0.2,lognorm,lognormal,True,0.4162670771470427
0.09,0.2,lognorm,lognormal,True,3.060097528154197e-06
0.09,0.2,lognorm,lognormal,True,0.7296555578531358
0.09,0.2,lognorm,lognormal,True,0.8594959768276833
0.09,0.2,lognorm,lognormal,True,4.388877986829229e-07
0.09,0.2,lognorm,lognormal,True,5.629063401997959e-06
0.09,0.2,lognorm,lognormal,True,0.3830579198672308
0.09,0.2,lognorm,lognormal,True,5.726989796447662e-06
0.09,0.2,lognorm,lognormal,True,0.015113952587577664
0.09,0.2,lognorm,lognormal,True,4.310763785444787e-06
0.09,0.2,lognorm,lognormal,True,7.128136838109869e-26
0.09,0.2,lognorm,lognormal,True,0.003253100528127249
0.09,0.2,lognorm,lognormal,True,0.007804025939843681
0.09,0.2,lognorm,lognormal,True,0.012392941070341605
0.09,0.2,lognorm,lognormal,True,5.564833501685145e-18
0.09,0.2,lognorm,lognormal,True,0.00016377242342868745
0.09,0.2,lognorm,lognormal,True,0.006860820040979545
0.09,0.2,lognorm,lognormal,True,0.14119934069366008
0.09,0.2,lognorm,lognormal,True,0.357065518366976
0.09,0.2,lognorm,lognormal,True,5.756743763562488e-11
0.09,0.2,lognorm,lognormal,True,2.45312530382671e-07
0.09,0.2,lognorm,lognormal,True,1.0547190737102764e-16
0.09,0.2,lognorm,lognormal,True,3.012142598618906e-23
0.09,0.2,lognorm,lognormal,True,7.108620950960546e-07
0.09,0.2,lognorm,lognormal,True,0.1515982682041493
0.09,0.2,lognorm,lognormal,True,6.662738408052023e-05
0.09,0.2,lognorm,lognormal,True,0.18450964012959448
0.09,0.2,lognorm,lognormal,True,3.3447628448711874e-06
0.09,0.2,lognorm,lognormal,True,0.12668187933698077
0.09,0.2,lognorm,lognormal,True,0.04786200176826895
0.09,0.2,lognorm,lognormal,True,0.0009393586106862759
0.09,0.2,lognorm,lognormal,True,0.0002405315928404875
0.09,0.2,lognorm,lognormal,True,1.8786093420671052e-06
0.09,0.2,lognorm,lognormal,True,0.13558124914917583
0.09,0.2,lognorm,lognormal,True,0.05240035623899758
0.09,0.2,lognorm,lognormal,True,0.03593310505306877
0.09,0.2,lognorm,lognormal,True,0.062490722265218825
0.09,0.2,lognorm,lognormal,True,1.280256185885092e-13
0.09,0.2,lognorm,lognormal,True,0.8598415956813031
0.09,0.2,lognorm,lognormal,True,2.0365029163582593e-06
0.09,0.2,lognorm,lognormal,True,5.384382264155823e-13
0.09,0.2,lognorm,lognormal,True,0.009946074249175088
0.09,0.2,lognorm,lognormal,True,0.010251069074772525
0.09,0.2,lognorm,lognormal,True,0.012277891103119295
0.09,0.2,lognorm,lognormal,True,1.0502376071077297e-05
0.09,0.2,lognorm,lognormal,True,8.425566106129733e-15
0.09,0.2,lognorm,lognormal,True,1.0933330724596655e-19
0.09,0.2,lognorm,lognormal,True,0.00041624651835892967
0.09,0.2,lognorm,lognormal,True,0.7596994723659548
0.09,0.2,lognorm,lognormal,True,1.2423507721032544e-13
0.09,0.2,lognorm,lognormal,True,8.426737454347646e-06
0.09,0.2,lognorm,lognormal,True,0.0003668962355339108
0.09,0.2,lognorm,lognormal,True,0.01857183834753029
0.09,0.2,lognorm,lognormal,True,0.09117915471735832
0.09,0.2,lognorm,lognormal,True,4.250000284230666e-06
0.09,0.2,lognorm,lognormal,True,0.9177447705871835
0.09,0.2,lognorm,lognormal,True,3.9012202756269265e-05
0.09,0.2,lognorm,lognormal,True,2.398764704032404e-05
0.09,0.2,lognorm,lognormal,True,1.3554962351894826e-05
0.09,0.2,lognorm,lognormal,True,0.2775287122455214
0.09,0.2,lognorm,lognormal,True,0.9561849667321017
0.09,0.2,lognorm,lognormal,True,0.15057168788426412
0.09,0.2,lognorm,lognormal,True,0.02188211882131685
0.09,0.2,lognorm,lognormal,True,0.00806702577437948
0.09,0.2,lognorm,lognormal,True,6.527058541969879e-07
0.09,0.2,lognorm,lognormal,True,0.14226302451618364
0.09,0.2,lognorm,lognormal,True,0.23412733273200315
0.09,0.2,lognorm,lognormal,True,1.146448817405507e-08
0.09,0.2,lognorm,lognormal,True,1.0364492759343981e-08
0.09,0.2,lognorm,lognormal,True,0.012182820514921679
0.09,0.2,lognorm,lognormal,True,0.005558642043764233
0.09,0.2,lognorm,lognormal,True,0.0006185977078337878
0.09,0.2,lognorm,lognormal,True,0.19530236671068843
0.09,0.2,lognorm,lognormal,True,0.7409553967374585
0.09,0.2,lognorm,lognormal,True,0.2816928085408321
0.09,0.2,lognorm,lognormal,True,0.00022268346042354756
0.09,0.2,lognorm,lognormal,True,0.06696618073649689
0.09,0.2,lognorm,lognormal,True,8.839813987582268e-10
0.09,0.2,lognorm,lognormal,True,0.028849407481917614
0.09,0.2,lognorm,lognormal,True,0.0039942697160044475
0.09,0.2,lognorm,lognormal,True,1.2261896527061402e-06
0.09,0.2,lognorm,lognormal,True,5.192348176936934e-06
0.09,0.2,lognorm,lognormal,True,0.9205226765580352
0.09,0.2,lognorm,lognormal,True,0.3579760821533067
0.09,0.2,lognorm,lognormal,True,0.5071674448809922
0.09,0.2,lognorm,lognormal,True,0.0221289369209962
0.09,0.2,lognorm,lognormal,True,0.0160517615681924
0.09,0.2,lognorm,lognormal,True,0.10838758229477684
0.09,0.2,lognorm,lognormal,True,0.00029614010851902495
0.09,0.2,lognorm,lognormal,True,4.02363588520284e-10
0.09,0.2,lognorm,lognormal,True,0.10229937597345548
0.09,0.2,lognorm,lognormal,True,0.0008993580439778174
0.09,0.2,lognorm,lognormal,True,0.07845959852054395
0.09,0.2,lognorm,lognormal,True,0.012377731298647223
0.09,0.2,lognorm,lognormal,True,0.09180111998958582
0.09,0.2,lognorm,lognormal,True,0.8929678679389382
0.09,0.2,lognorm,lognormal,True,0.17121486512398595
0.09,0.2,lognorm,lognormal,True,7.525212296719574e-05
0.09,0.2,lognorm,lognormal,True,0.4575027786972665
0.09,0.2,lognorm,lognormal,True,0.006188409619829595
0.09,0.2,lognorm,lognormal,True,0.36486059662965453
0.09,0.2,lognorm,lognormal,True,7.637843155862348e-07
0.09,0.2,lognorm,lognormal,True,4.6110745885407335e-06
0.09,0.2,lognorm,lognormal,True,0.22515592317710661
0.09,0.2,lognorm,lognormal,True,0.4741617549023994
0.09,0.2,lognorm,lognormal,True,1.4459781860004461e-11
0.09,0.2,lognorm,lognormal,True,4.3727783350939877e-07
0.09,0.2,lognorm,lognormal,True,7.00919235145235e-11
0.09,0.2,lognorm,lognormal,True,7.122899896642005e-05
0.09,0.2,lognorm,lognormal,True,2.172993911997162e-06
0.09,0.2,lognorm,lognormal,True,0.011675194900991701
0.09,0.2,lognorm,lognormal,True,0.8550152002873708
0.09,0.2,lognorm,lognormal,True,0.01818498326883691
0.09,0.2,lognorm,lognormal,True,0.058698046668829176
0.09,0.2,lognorm,lognormal,True,0.014839548761271179
0.09,0.2,lognorm,lognormal,True,7.998840147587263e-08
0.09,0.2,lognorm,lognormal,True,9.391490117516178e-05
0.09,0.2,lognorm,lognormal,True,0.8287408707083381
0.09,0.2,lognorm,lognormal,True,0.0026952217875646552
0.09,0.2,lognorm,lognormal,True,0.0025261752222117506
0.09,0.2,lognorm,lognormal,True,0.8198040510309446
0.09,0.2,lognorm,lognormal,True,0.002990868369993602
0.09,0.2,lognorm,lognormal,True,8.963849874506039e-05
0.09,0.2,lognorm,lognormal,True,0.00041469994752056644
0.09,0.2,lognorm,lognormal,True,0.1488080184332863
0.09,0.2,lognorm,lognormal,True,8.488911603105522e-08
0.09,0.2,lognorm,lognormal,True,6.654983226116875e-08
0.09,0.2,lognorm,lognormal,True,0.9255128100271501
0.09,0.2,lognorm,lognormal,True,0.016494763755935702
0.09,0.2,lognorm,lognormal,True,0.008868791030831042
0.09,0.2,lognorm,lognormal,True,5.02248960907432e-06
0.09,0.2,lognorm,lognormal,True,0.0009555807452832846
0.09,0.2,lognorm,lognormal,True,2.1737721909423465e-08
0.09,0.2,lognorm,lognormal,True,4.8138354807628304e-08
0.09,0.2,lognorm,lognormal,True,0.09965256782800055
0.09,0.2,lognorm,lognormal,True,0.1393763111543433
0.09,0.2,lognorm,lognormal,True,0.0021506835014325487
0.09,0.2,lognorm,lognormal,True,0.033699808082689194
0.09,0.2,lognorm,lognormal,True,5.235601638547322e-19
0.09,0.2,lognorm,lognormal,True,7.63422625087096e-06
0.09,0.2,lognorm,lognormal,True,5.316203901440324e-18
0.09,0.2,lognorm,lognormal,True,0.47712053479282457
0.09,0.2,lognorm,lognormal,True,1.2962131865225974e-07
0.09,0.2,lognorm,lognormal,True,0.4569447936833976
0.09,0.2,lognorm,lognormal,True,3.355086839949166e-18
0.09,0.2,lognorm,lognormal,True,0.0488690863659615
0.09,0.2,lognorm,lognormal,True,3.1109275145209598e-06
0.09,0.2,lognorm,lognormal,True,0.00039927495237217285
0.09,0.2,lognorm,lognormal,True,0.0015379158260879224
0.09,0.2,lognorm,lognormal,True,7.405351953851683e-05
0.09,0.2,lognorm,lognormal,True,0.11541909898683468
0.09,0.2,lognorm,lognormal,True,0.2773583126134222
0.09,0.2,lognorm,lognormal,True,0.021886832860790986
0.09,0.2,lognorm,lognormal,True,0.13738835852368556
0.09,0.2,lognorm,lognormal,True,2.1560950918850934e-17
0.09,0.2,lognorm,lognormal,True,0.06542371481071982
0.09,0.2,lognorm,lognormal,True,9.107346954356318e-05
0.09,0.2,lognorm,lognormal,True,6.218065653430236e-10
0.09,0.2,lognorm,lognormal,True,0.00274054774541169
0.09,0.2,lognorm,lognormal,True,0.002697936965999786
0.09,0.2,lognorm,lognormal,True,0.1223247020169198
0.09,0.2,lognorm,lognormal,True,0.0023443804129072055
0.09,0.2,lognorm,lognormal,True,0.23504135469571208
0.09,0.2,lognorm,lognormal,True,1.020251944936735e-12
0.09,0.2,lognorm,lognormal,True,0.604400780588108
0.09,0.2,lognorm,lognormal,True,0.1535107065789902
0.09,0.2,lognorm,lognormal,True,0.6375896099439012
0.09,0.2,lognorm,lognormal,True,0.00026356396570181867
0.09,0.2,lognorm,lognormal,True,0.0006370297860935302
0.09,0.2,lognorm,lognormal,True,0.5009046805768027
0.09,0.2,lognorm,lognormal,True,3.070466488584009e-07
0.09,0.2,lognorm,lognormal,True,0.37871875395709376
0.09,0.2,lognorm,lognormal,True,6.346527006388294e-17
0.09,0.2,lognorm,lognormal,True,1.409643878428568e-06
0.09,0.2,lognorm,lognormal,True,0.3272704859911244
0.09,0.2,lognorm,lognormal,True,2.3607041720696068e-08
0.09,0.2,lognorm,lognormal,True,0.5896313359796784
0.09,0.2,lognorm,lognormal,True,0.4263420214766409
0.09,0.2,lognorm,lognormal,True,0.005562755521999117
0.09,0.2,lognorm,lognormal,True,2.483136300348452e-07
0.09,0.2,lognorm,lognormal,True,2.38318600173598e-08
0.09,0.2,lognorm,lognormal,True,0.963117496418723
0.09,0.2,lognorm,lognormal,True,0.5370359796506994
0.09,0.2,lognorm,lognormal,True,0.20971298813322836
0.09,0.2,lognorm,lognormal,True,0.00010974980101895373
0.09,0.2,lognorm,lognormal,True,6.929602373673925e-05
0.09,0.2,lognorm,lognormal,True,1.6028166799867491e-12
0.09,0.2,lognorm,lognormal,True,3.82367422234256e-05
0.09,0.2,lognorm,lognormal,True,0.8956080108788624
0.09,0.2,lognorm,lognormal,True,0.021208742205079133
0.09,0.2,lognorm,lognormal,True,0.3073479299014211
0.09,0.2,lognorm,lognormal,True,2.1657479914609653e-11
0.09,0.2,lognorm,lognormal,True,0.04123670781298012
0.09,0.2,lognorm,lognormal,True,3.5815022552532194e-14
