tau,rho,est,dist,obs_conf,pvals
0.03,-0.2,lognorm,lognormal,True,0.5008895741948953
0.03,-0.2,lognorm,lognormal,True,2.308313420712768e-08
0.03,-0.2,lognorm,lognormal,True,0.005219744595192049
0.03,-0.2,lognorm,lognormal,True,0.7100293718401225
0.03,-0.2,lognorm,lognormal,True,0.0029824861442069484
0.03,-0.2,lognorm,lognormal,True,0.23479070876819574
0.03,-0.2,lognorm,lognormal,True,5.834163213349341e-08
0.03,-0.2,lognorm,lognormal,True,0.18314972512346972
0.03,-0.2,lognorm,lognormal,True,0.011928014983416418
0.03,-0.2,lognorm,lognormal,True,0.05447428706696648
0.03,-0.2,lognorm,lognormal,True,2.1907419451227474e-07
0.03,-0.2,lognorm,lognormal,True,0.0008538998629213332
0.03,-0.2,lognorm,lognormal,True,0.0022980160997036637
0.03,-0.2,lognorm,lognormal,True,0.4977169394980636
0.03,-0.2,lognorm,lognormal,True,0.004707211993558317
0.03,-0.2,lognorm,lognormal,True,0.04539205173732137
0.03,-0.2,lognorm,lognormal,True,0.2345876284085838
0.03,-0.2,lognorm,lognormal,True,2.9895386816182263e-05
0.03,-0.2,lognorm,lognormal,True,0.959710005062183
0.03,-0.2,lognorm,lognormal,True,0.2040991361753487
0.03,-0.2,lognorm,lognormal,True,0.2767260188665338
0.03,-0.2,lognorm,lognormal,True,0.0006595174411219903
0.03,-0.2,lognorm,lognormal,True,6.992286655463938e-11
0.03,-0.2,lognorm,lognormal,True,0.01332805713034786
0.03,-0.2,lognorm,lognormal,True,0.01968267573052368
0.03,-0.2,lognorm,lognormal,True,0.008932958466723134
0.03,-0.2,lognorm,lognormal,True,0.031041532195665737
0.03,-0.2,lognorm,lognormal,True,0.02427775432149816
0.03,-0.2,lognorm,lognormal,True,0.010065770346966516
0.03,-0.2,lognorm,lognormal,True,0.0022985452933527843
0.03,-0.2,lognorm,lognormal,True,0.005315693971644569
0.03,-0.2,lognorm,lognormal,True,0.09202197189255891
0.03,-0.2,lognorm,lognormal,True,0.0011405890125140465
0.03,-0.2,lognorm,lognormal,True,0.00010643663114907839
0.03,-0.2,lognorm,lognormal,True,0.7044894124957907
0.03,-0.2,lognorm,lognormal,True,5.110008568654122e-10
0.03,-0.2,lognorm,lognormal,True,0.19472864851116262
0.03,-0.2,lognorm,lognormal,True,0.07312227064655073
0.03,-0.2,lognorm,lognormal,True,0.7257446342364471
0.03,-0.2,lognorm,lognormal,True,0.11278233843293786
0.03,-0.2,lognorm,lognormal,True,0.0004880627659052048
0.03,-0.2,lognorm,lognormal,True,1.0408736815271013e-05
0.03,-0.2,lognorm,lognormal,True,0.0012815051483905805
0.03,-0.2,lognorm,lognormal,True,0.740174509628946
0.03,-0.2,lognorm,lognormal,True,1.1749940958358239e-05
0.03,-0.2,lognorm,lognormal,True,0.46740750266588194
0.03,-0.2,lognorm,lognormal,True,0.3925738095873238
0.03,-0.2,lognorm,lognormal,True,0.11885578466710109
0.03,-0.2,lognorm,lognormal,True,0.8663916640209607
0.03,-0.2,lognorm,lognormal,True,0.00011792989300864232
0.03,-0.2,lognorm,lognormal,True,3.2614861373174356e-13
0.03,-0.2,lognorm,lognormal,True,0.19574131509151813
0.03,-0.2,lognorm,lognormal,True,0.010368774101289582
0.03,-0.2,lognorm,lognormal,True,7.866999739492474e-06
0.03,-0.2,lognorm,lognormal,True,1.0550177139455852e-09
0.03,-0.2,lognorm,lognormal,True,0.05325274483353184
0.03,-0.2,lognorm,lognormal,True,0.6613536423360904
0.03,-0.2,lognorm,lognormal,True,0.04996796262189375
0.03,-0.2,lognorm,lognormal,True,0.9723000510157904
0.03,-0.2,lognorm,lognormal,True,6.657944990499946e-06
0.03,-0.2,lognorm,lognormal,True,0.025967555344374185
0.03,-0.2,lognorm,lognormal,True,0.00010121605780409349
0.03,-0.2,lognorm,lognormal,True,0.07310880803317746
0.03,-0.2,lognorm,lognormal,True,2.1735971146610735e-05
0.03,-0.2,lognorm,lognormal,True,0.016276556354076602
0.03,-0.2,lognorm,lognormal,True,0.12454316119668497
0.03,-0.2,lognorm,lognormal,True,0.17552309031559243
0.03,-0.2,lognorm,lognormal,True,0.0013818524514372127
0.03,-0.2,lognorm,lognormal,True,0.16355973164904092
0.03,-0.2,lognorm,lognormal,True,0.02022657519388348
0.03,-0.2,lognorm,lognormal,True,1.16360442736671e-11
0.03,-0.2,lognorm,lognormal,True,0.8694847873237295
0.03,-0.2,lognorm,lognormal,True,1.4734779110344636e-05
0.03,-0.2,lognorm,lognormal,True,0.04583832597096826
0.03,-0.2,lognorm,lognormal,True,0.7830125383629692
0.03,-0.2,lognorm,lognormal,True,0.0004892390724683924
0.03,-0.2,lognorm,lognormal,True,0.5082792873626084
0.03,-0.2,lognorm,lognormal,True,0.00048520397475715625
0.03,-0.2,lognorm,lognormal,True,0.8760180907107168
0.03,-0.2,lognorm,lognormal,True,0.009635530379536128
0.03,-0.2,lognorm,lognormal,True,0.3804199716163166
0.03,-0.2,lognorm,lognormal,True,0.12304497239549113
0.03,-0.2,lognorm,lognormal,True,1.23787305485312e-07
0.03,-0.2,lognorm,lognormal,True,0.19272194666192954
0.03,-0.2,lognorm,lognormal,True,1.5403049223210055e-09
0.03,-0.2,lognorm,lognormal,True,2.71469418506471e-07
0.03,-0.2,lognorm,lognormal,True,0.00033477217408942213
0.03,-0.2,lognorm,lognormal,True,2.2488566909322176e-08
0.03,-0.2,lognorm,lognormal,True,0.0005851935667633798
0.03,-0.2,lognorm,lognormal,True,0.00011978388493710726
0.03,-0.2,lognorm,lognormal,True,1.0200406843547162e-11
0.03,-0.2,lognorm,lognormal,True,0.00010525725380001076
0.03,-0.2,lognorm,lognormal,True,0.6842588043021481
0.03,-0.2,lognorm,lognormal,True,5.281198522578339e-10
0.03,-0.2,lognorm,lognormal,True,0.0023664137206425833
0.03,-0.2,lognorm,lognormal,True,2.396308210532507e-09
0.03,-0.2,lognorm,lognormal,True,0.08175607948825968
0.03,-0.2,lognorm,lognormal,True,0.6521491875834629
0.03,-0.2,lognorm,lognormal,True,0.2322772950944978
0.03,-0.2,lognorm,lognormal,True,0.23502041920247263
0.03,-0.2,lognorm,lognormal,True,0.6471240448427702
0.03,-0.2,lognorm,lognormal,True,2.6625789063167864e-09
0.03,-0.2,lognorm,lognormal,True,0.38629644621255643
0.03,-0.2,lognorm,lognormal,True,0.3209418712597237
0.03,-0.2,lognorm,lognormal,True,0.35775302308935364
0.03,-0.2,lognorm,lognormal,True,2.485331752799046e-05
0.03,-0.2,lognorm,lognormal,True,0.0008857274285174026
0.03,-0.2,lognorm,lognormal,True,0.07630171741723228
0.03,-0.2,lognorm,lognormal,True,8.017521203647991e-06
0.03,-0.2,lognorm,lognormal,True,0.0009958159736310349
0.03,-0.2,lognorm,lognormal,True,0.0010187367862810731
0.03,-0.2,lognorm,lognormal,True,0.6818768129362023
0.03,-0.2,lognorm,lognormal,True,1.1783569469763504e-06
0.03,-0.2,lognorm,lognormal,True,0.008153830940765385
0.03,-0.2,lognorm,lognormal,True,0.012076522782890143
0.03,-0.2,lognorm,lognormal,True,0.017432676145347045
0.03,-0.2,lognorm,lognormal,True,0.008268412955174269
0.03,-0.2,lognorm,lognormal,True,0.036026947527037036
0.03,-0.2,lognorm,lognormal,True,0.8056094636501154
0.03,-0.2,lognorm,lognormal,True,0.04434536009648879
0.03,-0.2,lognorm,lognormal,True,0.42531263909494954
0.03,-0.2,lognorm,lognormal,True,0.10540248091360446
0.03,-0.2,lognorm,lognormal,True,0.9858643353580238
0.03,-0.2,lognorm,lognormal,True,1.104900096183897e-08
0.03,-0.2,lognorm,lognormal,True,0.11995378653183819
0.03,-0.2,lognorm,lognormal,True,0.2120127105056685
0.03,-0.2,lognorm,lognormal,True,0.02125835203343575
0.03,-0.2,lognorm,lognormal,True,0.005842242077609698
0.03,-0.2,lognorm,lognormal,True,0.003610087605079428
0.03,-0.2,lognorm,lognormal,True,0.01622651027623211
0.03,-0.2,lognorm,lognormal,True,3.2793094703277054e-11
0.03,-0.2,lognorm,lognormal,True,0.5809306803472553
0.03,-0.2,lognorm,lognormal,True,0.6131405002419517
0.03,-0.2,lognorm,lognormal,True,0.06913763582919773
0.03,-0.2,lognorm,lognormal,True,0.009632646491909971
0.03,-0.2,lognorm,lognormal,True,0.607244208563123
0.03,-0.2,lognorm,lognormal,True,0.0020615229886411838
0.03,-0.2,lognorm,lognormal,True,0.9773597899182311
0.03,-0.2,lognorm,lognormal,True,0.025987199423733082
0.03,-0.2,lognorm,lognormal,True,0.08465057305080487
0.03,-0.2,lognorm,lognormal,True,0.0847530990845366
0.03,-0.2,lognorm,lognormal,True,0.8221811191519928
0.03,-0.2,lognorm,lognormal,True,0.0038610543238099667
0.03,-0.2,lognorm,lognormal,True,0.5707410662887339
0.03,-0.2,lognorm,lognormal,True,0.17536240086404858
0.03,-0.2,lognorm,lognormal,True,0.023109151738865404
0.03,-0.2,lognorm,lognormal,True,0.1649167257216551
0.03,-0.2,lognorm,lognormal,True,2.227511011683554e-11
0.03,-0.2,lognorm,lognormal,True,0.0800154440274741
0.03,-0.2,lognorm,lognormal,True,2.853217708136356e-12
0.03,-0.2,lognorm,lognormal,True,0.007099338998965562
0.03,-0.2,lognorm,lognormal,True,0.041679979516795494
0.03,-0.2,lognorm,lognormal,True,2.0981885348688843e-05
0.03,-0.2,lognorm,lognormal,True,2.520689325135606e-09
0.03,-0.2,lognorm,lognormal,True,0.016342876916058225
0.03,-0.2,lognorm,lognormal,True,0.17854656456404788
0.03,-0.2,lognorm,lognormal,True,0.375800894347593
0.03,-0.2,lognorm,lognormal,True,0.8220358526749679
0.03,-0.2,lognorm,lognormal,True,0.3594845199934935
0.03,-0.2,lognorm,lognormal,True,0.009973712467723581
0.03,-0.2,lognorm,lognormal,True,0.873154698800393
0.03,-0.2,lognorm,lognormal,True,0.0018694954557910582
0.03,-0.2,lognorm,lognormal,True,0.0003305809382953875
0.03,-0.2,lognorm,lognormal,True,0.22662909534686765
0.03,-0.2,lognorm,lognormal,True,3.098931112489665e-05
0.03,-0.2,lognorm,lognormal,True,6.26630682650816e-05
0.03,-0.2,lognorm,lognormal,True,0.1938481928622777
0.03,-0.2,lognorm,lognormal,True,1.109989098516932e-12
0.03,-0.2,lognorm,lognormal,True,0.6982443155047416
0.03,-0.2,lognorm,lognormal,True,0.8358262429536939
0.03,-0.2,lognorm,lognormal,True,3.90390948975888e-05
0.03,-0.2,lognorm,lognormal,True,0.3717070592041829
0.03,-0.2,lognorm,lognormal,True,0.6196069859269588
0.03,-0.2,lognorm,lognormal,True,0.10113346387010606
0.03,-0.2,lognorm,lognormal,True,0.07333274278622338
0.03,-0.2,lognorm,lognormal,True,0.04510824392386452
0.03,-0.2,lognorm,lognormal,True,6.346195747005311e-07
0.03,-0.2,lognorm,lognormal,True,0.02375842609333032
0.03,-0.2,lognorm,lognormal,True,0.022122982514535625
0.03,-0.2,lognorm,lognormal,True,0.00708545333682188
0.03,-0.2,lognorm,lognormal,True,1.6548141694866148e-06
0.03,-0.2,lognorm,lognormal,True,0.00012525056958896457
0.03,-0.2,lognorm,lognormal,True,0.43708627493103114
0.03,-0.2,lognorm,lognormal,True,0.15624817962304302
0.03,-0.2,lognorm,lognormal,True,0.13299779920424068
0.03,-0.2,lognorm,lognormal,True,0.0846164329308152
0.03,-0.2,lognorm,lognormal,True,4.983963897245198e-09
0.03,-0.2,lognorm,lognormal,True,0.025058760578616415
0.03,-0.2,lognorm,lognormal,True,0.6028735141554956
0.03,-0.2,lognorm,lognormal,True,5.617119107704645e-10
0.03,-0.2,lognorm,lognormal,True,4.343402798770031e-08
0.03,-0.2,lognorm,lognormal,True,0.19156897881012389
0.03,-0.2,lognorm,lognormal,True,0.23093984765727735
0.03,-0.2,lognorm,lognormal,True,0.0001824878359892325
0.03,-0.2,lognorm,lognormal,True,0.260014249503457
0.03,-0.2,lognorm,lognormal,True,0.026508103430151194
0.03,-0.2,lognorm,lognormal,True,0.00199498482535493
0.03,-0.2,lognorm,lognormal,True,0.1611697459804428
0.03,-0.2,lognorm,lognormal,True,0.0014048324856363154
0.03,-0.2,lognorm,lognormal,True,1.38011697715492e-06
