tau,rho,est,dist,obs_conf,pvals
0.0,0.4,mvnorm,lognormal,True,0.0662488190761303
0.0,0.4,mvnorm,lognormal,True,0.3691794787921754
0.0,0.4,mvnorm,lognormal,True,0.2234309025537814
0.0,0.4,mvnorm,lognormal,True,0.0013948711605394422
0.0,0.4,mvnorm,lognormal,True,0.9454715213712427
0.0,0.4,mvnorm,lognormal,True,0.0012574952198161516
0.0,0.4,mvnorm,lognormal,True,0.10278749477793951
0.0,0.4,mvnorm,lognormal,True,9.709378471443684e-07
0.0,0.4,mvnorm,lognormal,True,0.00046894788936893217
0.0,0.4,mvnorm,lognormal,True,2.9283134277010295e-12
0.0,0.4,mvnorm,lognormal,True,0.0005258193412236253
0.0,0.4,mvnorm,lognormal,True,0.001167614892523683
0.0,0.4,mvnorm,lognormal,True,0.06973835884484254
0.0,0.4,mvnorm,lognormal,True,0.04669853938844046
0.0,0.4,mvnorm,lognormal,True,0.5704716894689241
0.0,0.4,mvnorm,lognormal,True,0.22415972766941186
0.0,0.4,mvnorm,lognormal,True,0.0046731663658625576
0.0,0.4,mvnorm,lognormal,True,1.684047414068002e-07
0.0,0.4,mvnorm,lognormal,True,0.1272518500772716
0.0,0.4,mvnorm,lognormal,True,1.0440522175870931e-19
0.0,0.4,mvnorm,lognormal,True,0.7916421536863699
0.0,0.4,mvnorm,lognormal,True,0.0012527722246116757
0.0,0.4,mvnorm,lognormal,True,1.7243698033405954e-09
0.0,0.4,mvnorm,lognormal,True,0.8948379573023343
0.0,0.4,mvnorm,lognormal,True,0.004552697403033409
0.0,0.4,mvnorm,lognormal,True,0.41011792262683155
0.0,0.4,mvnorm,lognormal,True,0.012746125073540388
0.0,0.4,mvnorm,lognormal,True,0.0005867582528670356
0.0,0.4,mvnorm,lognormal,True,9.551348212241436e-06
0.0,0.4,mvnorm,lognormal,True,0.0033070901408646294
0.0,0.4,mvnorm,lognormal,True,5.562720255469761e-09
0.0,0.4,mvnorm,lognormal,True,9.590040649415419e-13
0.0,0.4,mvnorm,lognormal,True,2.2322700907820226e-11
0.0,0.4,mvnorm,lognormal,True,0.7287103314541408
0.0,0.4,mvnorm,lognormal,True,5.988193130071e-06
0.0,0.4,mvnorm,lognormal,True,0.12170584049286379
0.0,0.4,mvnorm,lognormal,True,0.12929011247755792
0.0,0.4,mvnorm,lognormal,True,4.430924539625503e-06
0.0,0.4,mvnorm,lognormal,True,0.6347860728848684
0.0,0.4,mvnorm,lognormal,True,0.00043906021709681656
0.0,0.4,mvnorm,lognormal,True,0.8299047071607868
0.0,0.4,mvnorm,lognormal,True,0.9531771287366795
0.0,0.4,mvnorm,lognormal,True,3.737172003376088e-09
0.0,0.4,mvnorm,lognormal,True,0.8727116823928688
0.0,0.4,mvnorm,lognormal,True,1.5343747926535685e-05
0.0,0.4,mvnorm,lognormal,True,0.09515470426089101
0.0,0.4,mvnorm,lognormal,True,8.701936264492027e-09
0.0,0.4,mvnorm,lognormal,True,0.5481256308924982
0.0,0.4,mvnorm,lognormal,True,0.03288381761011908
0.0,0.4,mvnorm,lognormal,True,0.012670648126826658
0.0,0.4,mvnorm,lognormal,True,0.7809183761477345
0.0,0.4,mvnorm,lognormal,True,0.03823329672760082
0.0,0.4,mvnorm,lognormal,True,0.001430323863445236
0.0,0.4,mvnorm,lognormal,True,0.01861510217474206
0.0,0.4,mvnorm,lognormal,True,0.13708722272723461
0.0,0.4,mvnorm,lognormal,True,0.23187025403239953
0.0,0.4,mvnorm,lognormal,True,0.14694764597206517
0.0,0.4,mvnorm,lognormal,True,0.2528759925383455
0.0,0.4,mvnorm,lognormal,True,0.9503293854601544
0.0,0.4,mvnorm,lognormal,True,1.2079828551217028e-10
0.0,0.4,mvnorm,lognormal,True,0.9424274765322688
0.0,0.4,mvnorm,lognormal,True,0.0015259563241621314
0.0,0.4,mvnorm,lognormal,True,0.4197656437626488
0.0,0.4,mvnorm,lognormal,True,0.05553730454232936
0.0,0.4,mvnorm,lognormal,True,0.8199704180758667
0.0,0.4,mvnorm,lognormal,True,0.45359542577454803
0.0,0.4,mvnorm,lognormal,True,6.632303332773167e-06
0.0,0.4,mvnorm,lognormal,True,9.637285750455149e-06
0.0,0.4,mvnorm,lognormal,True,4.079409035771665e-05
0.0,0.4,mvnorm,lognormal,True,0.4646199952012179
0.0,0.4,mvnorm,lognormal,True,0.14318822625496122
0.0,0.4,mvnorm,lognormal,True,0.4546189873716112
0.0,0.4,mvnorm,lognormal,True,0.24737658670519047
0.0,0.4,mvnorm,lognormal,True,0.05251079336358122
0.0,0.4,mvnorm,lognormal,True,0.6280871992054414
0.0,0.4,mvnorm,lognormal,True,1.2147054832572257e-05
0.0,0.4,mvnorm,lognormal,True,3.4118671647722436e-10
0.0,0.4,mvnorm,lognormal,True,1.5770069516098827e-07
0.0,0.4,mvnorm,lognormal,True,5.12493980626407e-07
0.0,0.4,mvnorm,lognormal,True,1.7355537495725962e-11
0.0,0.4,mvnorm,lognormal,True,0.002827416986659546
0.0,0.4,mvnorm,lognormal,True,5.225482091334781e-13
0.0,0.4,mvnorm,lognormal,True,0.5320702945355454
0.0,0.4,mvnorm,lognormal,True,0.001056731769692932
0.0,0.4,mvnorm,lognormal,True,0.031855344073408585
0.0,0.4,mvnorm,lognormal,True,0.0014275799567419723
0.0,0.4,mvnorm,lognormal,True,0.8190609126473936
0.0,0.4,mvnorm,lognormal,True,0.29481441362667227
0.0,0.4,mvnorm,lognormal,True,5.253742649570935e-05
0.0,0.4,mvnorm,lognormal,True,0.7864822608286612
0.0,0.4,mvnorm,lognormal,True,1.5416644152908467e-07
0.0,0.4,mvnorm,lognormal,True,0.021961112520225493
0.0,0.4,mvnorm,lognormal,True,0.008965128139965577
0.0,0.4,mvnorm,lognormal,True,0.2664628036266799
0.0,0.4,mvnorm,lognormal,True,0.0019515640239640938
0.0,0.4,mvnorm,lognormal,True,0.005467361382849776
0.0,0.4,mvnorm,lognormal,True,1.2137999363584928e-06
0.0,0.4,mvnorm,lognormal,True,0.0005765295987654543
0.0,0.4,mvnorm,lognormal,True,6.711226771124137e-06
0.0,0.4,mvnorm,lognormal,True,0.00043107612942987623
0.0,0.4,mvnorm,lognormal,True,2.664061696269357e-20
0.0,0.4,mvnorm,lognormal,True,1.8187867283363217e-20
0.0,0.4,mvnorm,lognormal,True,0.15317070723676415
0.0,0.4,mvnorm,lognormal,True,3.517438118145017e-05
0.0,0.4,mvnorm,lognormal,True,0.00018593070153235974
0.0,0.4,mvnorm,lognormal,True,0.19714953481775566
0.0,0.4,mvnorm,lognormal,True,0.08427451440208858
0.0,0.4,mvnorm,lognormal,True,0.9466359765775204
0.0,0.4,mvnorm,lognormal,True,1.9569396126105352e-05
0.0,0.4,mvnorm,lognormal,True,0.6268072928773449
0.0,0.4,mvnorm,lognormal,True,1.7813170953320708e-11
0.0,0.4,mvnorm,lognormal,True,1.2351464973577128e-08
0.0,0.4,mvnorm,lognormal,True,0.2996165350613257
0.0,0.4,mvnorm,lognormal,True,0.07311622955557154
0.0,0.4,mvnorm,lognormal,True,0.8803415376935325
0.0,0.4,mvnorm,lognormal,True,0.21887951378760714
0.0,0.4,mvnorm,lognormal,True,2.81900142197878e-18
0.0,0.4,mvnorm,lognormal,True,0.47561286470848607
0.0,0.4,mvnorm,lognormal,True,4.342387610970821e-12
0.0,0.4,mvnorm,lognormal,True,0.2705463879451572
0.0,0.4,mvnorm,lognormal,True,0.5701173771888618
0.0,0.4,mvnorm,lognormal,True,3.906043276321571e-06
0.0,0.4,mvnorm,lognormal,True,2.4497582264417775e-13
0.0,0.4,mvnorm,lognormal,True,0.11020470816651848
0.0,0.4,mvnorm,lognormal,True,7.710190911486702e-10
0.0,0.4,mvnorm,lognormal,True,0.16122650540065647
0.0,0.4,mvnorm,lognormal,True,0.03762206196037692
0.0,0.4,mvnorm,lognormal,True,8.407359132161133e-12
0.0,0.4,mvnorm,lognormal,True,0.16195484520735626
0.0,0.4,mvnorm,lognormal,True,0.5475029036859049
0.0,0.4,mvnorm,lognormal,True,0.003779517307889042
0.0,0.4,mvnorm,lognormal,True,6.5330849112482715e-06
0.0,0.4,mvnorm,lognormal,True,0.09899952044692964
0.0,0.4,mvnorm,lognormal,True,0.24486797502617114
0.0,0.4,mvnorm,lognormal,True,0.09891281018998804
0.0,0.4,mvnorm,lognormal,True,0.008439883213530631
0.0,0.4,mvnorm,lognormal,True,0.00038957735975065174
0.0,0.4,mvnorm,lognormal,True,2.9359247572497674e-05
0.0,0.4,mvnorm,lognormal,True,0.010222393508682703
0.0,0.4,mvnorm,lognormal,True,4.365088247410555e-07
0.0,0.4,mvnorm,lognormal,True,0.7935355464424881
0.0,0.4,mvnorm,lognormal,True,0.7127872390843587
0.0,0.4,mvnorm,lognormal,True,0.3033289169202049
0.0,0.4,mvnorm,lognormal,True,3.1338784585614238e-06
0.0,0.4,mvnorm,lognormal,True,0.003419531069129577
0.0,0.4,mvnorm,lognormal,True,0.24483909447444185
0.0,0.4,mvnorm,lognormal,True,0.6873597548259164
0.0,0.4,mvnorm,lognormal,True,3.4839462918180404e-06
0.0,0.4,mvnorm,lognormal,True,1.985135580562625e-05
0.0,0.4,mvnorm,lognormal,True,2.6743717099952786e-07
0.0,0.4,mvnorm,lognormal,True,0.8876966583672546
0.0,0.4,mvnorm,lognormal,True,0.6147019282015521
0.0,0.4,mvnorm,lognormal,True,0.03675180501506288
0.0,0.4,mvnorm,lognormal,True,0.011922334382211746
0.0,0.4,mvnorm,lognormal,True,0.8004088620207068
0.0,0.4,mvnorm,lognormal,True,0.9457161172630426
0.0,0.4,mvnorm,lognormal,True,0.4191940830694527
0.0,0.4,mvnorm,lognormal,True,0.75795388314726
0.0,0.4,mvnorm,lognormal,True,1.4631036370983339e-05
0.0,0.4,mvnorm,lognormal,True,1.4756127835583621e-05
0.0,0.4,mvnorm,lognormal,True,0.06695111916542194
0.0,0.4,mvnorm,lognormal,True,0.7741971188942145
0.0,0.4,mvnorm,lognormal,True,1.223852244405783e-10
0.0,0.4,mvnorm,lognormal,True,0.388372709660434
0.0,0.4,mvnorm,lognormal,True,0.9490901325233476
0.0,0.4,mvnorm,lognormal,True,2.009436597275307e-09
0.0,0.4,mvnorm,lognormal,True,0.00111956182572132
0.0,0.4,mvnorm,lognormal,True,0.45650965932050724
0.0,0.4,mvnorm,lognormal,True,0.17846285197672807
0.0,0.4,mvnorm,lognormal,True,0.00613719466926787
0.0,0.4,mvnorm,lognormal,True,1.7173069809509613e-10
0.0,0.4,mvnorm,lognormal,True,0.48783361745082177
0.0,0.4,mvnorm,lognormal,True,0.2845970948662797
0.0,0.4,mvnorm,lognormal,True,3.1720456846726455e-09
0.0,0.4,mvnorm,lognormal,True,2.593157113977219e-10
0.0,0.4,mvnorm,lognormal,True,0.10671920367194937
0.0,0.4,mvnorm,lognormal,True,6.044293278781659e-07
0.0,0.4,mvnorm,lognormal,True,0.0007947078263373525
0.0,0.4,mvnorm,lognormal,True,3.447909064056282e-12
0.0,0.4,mvnorm,lognormal,True,0.00034283062090420795
0.0,0.4,mvnorm,lognormal,True,0.42063729736830235
0.0,0.4,mvnorm,lognormal,True,7.830369560379571e-19
0.0,0.4,mvnorm,lognormal,True,0.00015868786714662804
0.0,0.4,mvnorm,lognormal,True,0.05036111123616373
0.0,0.4,mvnorm,lognormal,True,0.1557357763070557
0.0,0.4,mvnorm,lognormal,True,0.0003165920107028747
0.0,0.4,mvnorm,lognormal,True,0.00027823583104965584
0.0,0.4,mvnorm,lognormal,True,0.15631583247505934
0.0,0.4,mvnorm,lognormal,True,0.017199694811787073
0.0,0.4,mvnorm,lognormal,True,2.2540128067104062e-05
0.0,0.4,mvnorm,lognormal,True,0.37690895304051686
0.0,0.4,mvnorm,lognormal,True,8.281667286047215e-10
0.0,0.4,mvnorm,lognormal,True,0.0012878377058815772
0.0,0.4,mvnorm,lognormal,True,0.000567336888873187
0.0,0.4,mvnorm,lognormal,True,0.986582192254697
0.0,0.4,mvnorm,lognormal,True,1.7897525868345265e-06
0.0,0.4,mvnorm,lognormal,True,4.3111745176629597e-07
0.0,0.4,mvnorm,lognormal,True,0.6659351408793442
0.0,0.4,mvnorm,lognormal,True,0.28432571538436435
0.0,0.4,mvnorm,lognormal,True,0.4930160858504232
