tau,rho,est,dist,obs_conf,pvals
0.09,0.0,mvnorm,lognormal,True,0.9656215153623791
0.09,0.0,mvnorm,lognormal,True,0.0003952532236815731
0.09,0.0,mvnorm,lognormal,True,0.4649505776476145
0.09,0.0,mvnorm,lognormal,True,5.311055187838748e-09
0.09,0.0,mvnorm,lognormal,True,0.00863894639670891
0.09,0.0,mvnorm,lognormal,True,0.00549357185123877
0.09,0.0,mvnorm,lognormal,True,0.4792210025052567
0.09,0.0,mvnorm,lognormal,True,7.802253818209182e-08
0.09,0.0,mvnorm,lognormal,True,0.007246172728426501
0.09,0.0,mvnorm,lognormal,True,8.042779168962558e-05
0.09,0.0,mvnorm,lognormal,True,0.2962554319393736
0.09,0.0,mvnorm,lognormal,True,0.09779275937332928
0.09,0.0,mvnorm,lognormal,True,0.000570617387517995
0.09,0.0,mvnorm,lognormal,True,0.7254059175425209
0.09,0.0,mvnorm,lognormal,True,0.6105677966170682
0.09,0.0,mvnorm,lognormal,True,0.5780653031858201
0.09,0.0,mvnorm,lognormal,True,3.317966063704347e-05
0.09,0.0,mvnorm,lognormal,True,0.020307066817006666
0.09,0.0,mvnorm,lognormal,True,0.02995316729543733
0.09,0.0,mvnorm,lognormal,True,3.2577672052837046e-09
0.09,0.0,mvnorm,lognormal,True,8.352260132891467e-08
0.09,0.0,mvnorm,lognormal,True,0.3278295272900406
0.09,0.0,mvnorm,lognormal,True,3.678853000302203e-08
0.09,0.0,mvnorm,lognormal,True,0.09966491954264346
0.09,0.0,mvnorm,lognormal,True,0.5207186740214061
0.09,0.0,mvnorm,lognormal,True,0.0042399510060154525
0.09,0.0,mvnorm,lognormal,True,0.26854645531659493
0.09,0.0,mvnorm,lognormal,True,4.101648126850991e-06
0.09,0.0,mvnorm,lognormal,True,0.006181686561350837
0.09,0.0,mvnorm,lognormal,True,0.3234344075013659
0.09,0.0,mvnorm,lognormal,True,0.0031213163289057788
0.09,0.0,mvnorm,lognormal,True,0.0024981211978770657
0.09,0.0,mvnorm,lognormal,True,0.5278900157893648
0.09,0.0,mvnorm,lognormal,True,0.0018574897041571995
0.09,0.0,mvnorm,lognormal,True,0.4441561453441264
0.09,0.0,mvnorm,lognormal,True,0.2791245450857878
0.09,0.0,mvnorm,lognormal,True,0.052441395014254086
0.09,0.0,mvnorm,lognormal,True,0.022405414060483242
0.09,0.0,mvnorm,lognormal,True,0.24997371181547612
0.09,0.0,mvnorm,lognormal,True,0.043523194063494655
0.09,0.0,mvnorm,lognormal,True,0.7207310197461665
0.09,0.0,mvnorm,lognormal,True,0.916781152887768
0.09,0.0,mvnorm,lognormal,True,1.7337581465541387e-09
0.09,0.0,mvnorm,lognormal,True,0.12745360256360352
0.09,0.0,mvnorm,lognormal,True,0.000633076394992099
0.09,0.0,mvnorm,lognormal,True,0.0037898869265815256
0.09,0.0,mvnorm,lognormal,True,0.06221347730543709
0.09,0.0,mvnorm,lognormal,True,0.012930985399052155
0.09,0.0,mvnorm,lognormal,True,0.00014889901584232238
0.09,0.0,mvnorm,lognormal,True,3.082244099332556e-07
0.09,0.0,mvnorm,lognormal,True,6.178700498497449e-05
0.09,0.0,mvnorm,lognormal,True,0.0014141733661643715
0.09,0.0,mvnorm,lognormal,True,8.011052079860037e-07
0.09,0.0,mvnorm,lognormal,True,5.98856265482106e-10
0.09,0.0,mvnorm,lognormal,True,0.7902342130383077
0.09,0.0,mvnorm,lognormal,True,0.07129999949429194
0.09,0.0,mvnorm,lognormal,True,0.008153914926297384
0.09,0.0,mvnorm,lognormal,True,0.9326389705170182
0.09,0.0,mvnorm,lognormal,True,0.5645797360975404
0.09,0.0,mvnorm,lognormal,True,9.802635179674394e-05
0.09,0.0,mvnorm,lognormal,True,0.2928144307866845
0.09,0.0,mvnorm,lognormal,True,1.159268793948202e-09
0.09,0.0,mvnorm,lognormal,True,0.6619230144415271
0.09,0.0,mvnorm,lognormal,True,0.811541184095772
0.09,0.0,mvnorm,lognormal,True,0.00038037063092278477
0.09,0.0,mvnorm,lognormal,True,0.008269978276133436
0.09,0.0,mvnorm,lognormal,True,0.13218307041505303
0.09,0.0,mvnorm,lognormal,True,0.9764455045261096
0.09,0.0,mvnorm,lognormal,True,9.328633271956971e-07
0.09,0.0,mvnorm,lognormal,True,0.5830872605730917
0.09,0.0,mvnorm,lognormal,True,0.05404453612861752
0.09,0.0,mvnorm,lognormal,True,0.29629586832869553
0.09,0.0,mvnorm,lognormal,True,0.923082382781336
0.09,0.0,mvnorm,lognormal,True,4.564059907982343e-06
0.09,0.0,mvnorm,lognormal,True,0.6580858285723987
0.09,0.0,mvnorm,lognormal,True,1.2151289074071245e-07
0.09,0.0,mvnorm,lognormal,True,0.00013686474641496266
0.09,0.0,mvnorm,lognormal,True,2.708803808047598e-05
0.09,0.0,mvnorm,lognormal,True,0.033816489264040225
0.09,0.0,mvnorm,lognormal,True,2.5986810201361244e-08
0.09,0.0,mvnorm,lognormal,True,0.021212326901405
0.09,0.0,mvnorm,lognormal,True,0.0673572782246696
0.09,0.0,mvnorm,lognormal,True,0.001789174748360083
0.09,0.0,mvnorm,lognormal,True,0.0538974462245427
0.09,0.0,mvnorm,lognormal,True,4.9899785243907005e-05
0.09,0.0,mvnorm,lognormal,True,0.6824691554920845
0.09,0.0,mvnorm,lognormal,True,0.0004189013272046328
0.09,0.0,mvnorm,lognormal,True,0.02193272887426246
0.09,0.0,mvnorm,lognormal,True,0.48419181677973977
0.09,0.0,mvnorm,lognormal,True,0.349820159211501
0.09,0.0,mvnorm,lognormal,True,0.09394623887071
0.09,0.0,mvnorm,lognormal,True,0.032292003238952205
0.09,0.0,mvnorm,lognormal,True,3.449503287079107e-07
0.09,0.0,mvnorm,lognormal,True,0.0033776374228947172
0.09,0.0,mvnorm,lognormal,True,0.005838903549317119
0.09,0.0,mvnorm,lognormal,True,0.5406283317252888
0.09,0.0,mvnorm,lognormal,True,0.0010108204134878394
0.09,0.0,mvnorm,lognormal,True,0.0011155534572399484
0.09,0.0,mvnorm,lognormal,True,0.5843118100484004
0.09,0.0,mvnorm,lognormal,True,0.032958348136630664
0.09,0.0,mvnorm,lognormal,True,3.9854235843685466e-08
0.09,0.0,mvnorm,lognormal,True,0.00018576026114779402
0.09,0.0,mvnorm,lognormal,True,0.03228683981092573
0.09,0.0,mvnorm,lognormal,True,5.587255673133299e-05
0.09,0.0,mvnorm,lognormal,True,5.303723914057764e-06
0.09,0.0,mvnorm,lognormal,True,0.00024487356694054133
0.09,0.0,mvnorm,lognormal,True,4.812409934419662e-10
0.09,0.0,mvnorm,lognormal,True,0.0008369093201743543
0.09,0.0,mvnorm,lognormal,True,0.9353789733794681
0.09,0.0,mvnorm,lognormal,True,1.390148484193647e-09
0.09,0.0,mvnorm,lognormal,True,0.71735394922594
0.09,0.0,mvnorm,lognormal,True,0.06514085002590826
0.09,0.0,mvnorm,lognormal,True,0.1894268689615466
0.09,0.0,mvnorm,lognormal,True,0.4935182590653263
0.09,0.0,mvnorm,lognormal,True,0.037363772291796916
0.09,0.0,mvnorm,lognormal,True,0.12162165264065257
0.09,0.0,mvnorm,lognormal,True,0.23749635835877977
0.09,0.0,mvnorm,lognormal,True,0.0695991798091992
0.09,0.0,mvnorm,lognormal,True,0.779371872269018
0.09,0.0,mvnorm,lognormal,True,0.0018070481995266746
0.09,0.0,mvnorm,lognormal,True,0.13847546752348763
0.09,0.0,mvnorm,lognormal,True,0.05874876362694423
0.09,0.0,mvnorm,lognormal,True,0.4043599628506068
0.09,0.0,mvnorm,lognormal,True,0.012901453497624803
0.09,0.0,mvnorm,lognormal,True,2.72603014982728e-13
0.09,0.0,mvnorm,lognormal,True,0.0011508926084956123
0.09,0.0,mvnorm,lognormal,True,0.008710460358448639
0.09,0.0,mvnorm,lognormal,True,6.807461093255367e-12
0.09,0.0,mvnorm,lognormal,True,0.5117062132125572
0.09,0.0,mvnorm,lognormal,True,0.0335003458604528
0.09,0.0,mvnorm,lognormal,True,0.5246794829086535
0.09,0.0,mvnorm,lognormal,True,0.1920861858627077
0.09,0.0,mvnorm,lognormal,True,0.8542604900699226
0.09,0.0,mvnorm,lognormal,True,0.19112970044297084
0.09,0.0,mvnorm,lognormal,True,0.40984926468495364
0.09,0.0,mvnorm,lognormal,True,3.2065979731967597e-07
0.09,0.0,mvnorm,lognormal,True,0.755795083937095
0.09,0.0,mvnorm,lognormal,True,0.026074522122611295
0.09,0.0,mvnorm,lognormal,True,0.15389435166249313
0.09,0.0,mvnorm,lognormal,True,0.3871396732130108
0.09,0.0,mvnorm,lognormal,True,5.639428897392157e-05
0.09,0.0,mvnorm,lognormal,True,0.0023375222103521024
0.09,0.0,mvnorm,lognormal,True,1.723682018352546e-05
0.09,0.0,mvnorm,lognormal,True,0.12453455768784177
0.09,0.0,mvnorm,lognormal,True,0.0015360519731016833
0.09,0.0,mvnorm,lognormal,True,0.4738561652533121
0.09,0.0,mvnorm,lognormal,True,8.170910862954796e-09
0.09,0.0,mvnorm,lognormal,True,0.6453915273635237
0.09,0.0,mvnorm,lognormal,True,0.3901042041943732
0.09,0.0,mvnorm,lognormal,True,0.1684212357393267
0.09,0.0,mvnorm,lognormal,True,0.03577672932737384
0.09,0.0,mvnorm,lognormal,True,0.439885424919223
0.09,0.0,mvnorm,lognormal,True,0.03631337293775291
0.09,0.0,mvnorm,lognormal,True,0.1906066640473591
0.09,0.0,mvnorm,lognormal,True,7.243028536594964e-05
0.09,0.0,mvnorm,lognormal,True,0.08434372161471429
0.09,0.0,mvnorm,lognormal,True,9.642524393796229e-08
0.09,0.0,mvnorm,lognormal,True,0.7649999482953866
0.09,0.0,mvnorm,lognormal,True,0.003227233549399327
0.09,0.0,mvnorm,lognormal,True,5.4423885801651874e-05
0.09,0.0,mvnorm,lognormal,True,8.39855623248767e-06
0.09,0.0,mvnorm,lognormal,True,2.572235334790317e-07
0.09,0.0,mvnorm,lognormal,True,0.4214529216457332
0.09,0.0,mvnorm,lognormal,True,0.2819426464787649
0.09,0.0,mvnorm,lognormal,True,0.044291292337974006
0.09,0.0,mvnorm,lognormal,True,7.032313502279211e-15
0.09,0.0,mvnorm,lognormal,True,0.01882155225953421
0.09,0.0,mvnorm,lognormal,True,0.013774522738598567
0.09,0.0,mvnorm,lognormal,True,1.99652203054613e-09
0.09,0.0,mvnorm,lognormal,True,0.012041854414731802
0.09,0.0,mvnorm,lognormal,True,0.1372727572364327
0.09,0.0,mvnorm,lognormal,True,0.0032504447051808893
0.09,0.0,mvnorm,lognormal,True,0.9031887172036095
0.09,0.0,mvnorm,lognormal,True,0.07604899242048885
0.09,0.0,mvnorm,lognormal,True,0.02511289430580059
0.09,0.0,mvnorm,lognormal,True,0.34355818757343737
0.09,0.0,mvnorm,lognormal,True,0.014711115378939878
0.09,0.0,mvnorm,lognormal,True,0.00025978116505541963
0.09,0.0,mvnorm,lognormal,True,8.92342552826221e-06
0.09,0.0,mvnorm,lognormal,True,0.00038303149869296186
0.09,0.0,mvnorm,lognormal,True,0.5829453768076284
0.09,0.0,mvnorm,lognormal,True,7.846522841797974e-15
0.09,0.0,mvnorm,lognormal,True,0.002243403277754991
0.09,0.0,mvnorm,lognormal,True,0.0002042157245624741
0.09,0.0,mvnorm,lognormal,True,0.03598927523075852
0.09,0.0,mvnorm,lognormal,True,0.0005407192074585791
0.09,0.0,mvnorm,lognormal,True,0.15216231147525172
0.09,0.0,mvnorm,lognormal,True,0.00796548715909831
0.09,0.0,mvnorm,lognormal,True,0.11743281160323293
0.09,0.0,mvnorm,lognormal,True,0.18942213876336556
0.09,0.0,mvnorm,lognormal,True,0.006021022606902025
0.09,0.0,mvnorm,lognormal,True,8.369393885237437e-07
0.09,0.0,mvnorm,lognormal,True,0.005851123565129529
0.09,0.0,mvnorm,lognormal,True,0.9431991319899089
0.09,0.0,mvnorm,lognormal,True,0.6811674880462848
0.09,0.0,mvnorm,lognormal,True,3.403276851992638e-05
0.09,0.0,mvnorm,lognormal,True,2.8155457721544395e-07
0.09,0.0,mvnorm,lognormal,True,0.8388146833587903
0.09,0.0,mvnorm,lognormal,True,0.005313837011109381
0.09,0.0,mvnorm,lognormal,True,0.22256894258463564
