tau,rho,est,dist,obs_conf,pvals
0.0,-0.4,lognorm,lognormal,True,0.27299180442268955
0.0,-0.4,lognorm,lognormal,True,3.8718573281220276e-19
0.0,-0.4,lognorm,lognormal,True,8.906982147392932e-10
0.0,-0.4,lognorm,lognormal,True,8.066131235591618e-07
0.0,-0.4,lognorm,lognormal,True,0.6716688458527702
0.0,-0.4,lognorm,lognormal,True,0.015136507155242942
0.0,-0.4,lognorm,lognormal,True,4.1523212347119805e-09
0.0,-0.4,lognorm,lognormal,True,0.15362773660513912
0.0,-0.4,lognorm,lognormal,True,0.0007997321660543225
0.0,-0.4,lognorm,lognormal,True,0.3053223791526376
0.0,-0.4,lognorm,lognormal,True,3.3913470747835493e-16
0.0,-0.4,lognorm,lognormal,True,0.27734523853401416
0.0,-0.4,lognorm,lognormal,True,0.00024050265274520142
0.0,-0.4,lognorm,lognormal,True,3.3884360804448974e-13
0.0,-0.4,lognorm,lognormal,True,0.22395129659560312
0.0,-0.4,lognorm,lognormal,True,1.3304354497341662e-08
0.0,-0.4,lognorm,lognormal,True,5.010079372233506e-06
0.0,-0.4,lognorm,lognormal,True,7.1009114022631244e-12
0.0,-0.4,lognorm,lognormal,True,0.3679690649883358
0.0,-0.4,lognorm,lognormal,True,0.178217158538572
0.0,-0.4,lognorm,lognormal,True,0.003847339055943089
0.0,-0.4,lognorm,lognormal,True,0.0014533723265088114
0.0,-0.4,lognorm,lognormal,True,3.974304715977815e-22
0.0,-0.4,lognorm,lognormal,True,0.021708904247326348
0.0,-0.4,lognorm,lognormal,True,0.0024181771565159704
0.0,-0.4,lognorm,lognormal,True,4.049172928659934e-14
0.0,-0.4,lognorm,lognormal,True,3.281797230773369e-13
0.0,-0.4,lognorm,lognormal,True,4.805981888943804e-10
0.0,-0.4,lognorm,lognormal,True,2.25826882899363e-14
0.0,-0.4,lognorm,lognormal,True,2.186568399969827e-08
0.0,-0.4,lognorm,lognormal,True,3.2467040646495825e-07
0.0,-0.4,lognorm,lognormal,True,4.502051966447875e-05
0.0,-0.4,lognorm,lognormal,True,1.9764291253294463e-09
0.0,-0.4,lognorm,lognormal,True,5.497877965429161e-10
0.0,-0.4,lognorm,lognormal,True,8.201599068672071e-05
0.0,-0.4,lognorm,lognormal,True,8.93104458315785e-24
0.0,-0.4,lognorm,lognormal,True,0.2821675865476617
0.0,-0.4,lognorm,lognormal,True,1.4416355104040606e-08
0.0,-0.4,lognorm,lognormal,True,0.003336686180547732
0.0,-0.4,lognorm,lognormal,True,0.7606068863615263
0.0,-0.4,lognorm,lognormal,True,0.029652305157320848
0.0,-0.4,lognorm,lognormal,True,1.5604820792048317e-10
0.0,-0.4,lognorm,lognormal,True,0.020501996512450698
0.0,-0.4,lognorm,lognormal,True,0.01552505816108803
0.0,-0.4,lognorm,lognormal,True,3.5810090153250035e-06
0.0,-0.4,lognorm,lognormal,True,0.23654360913166453
0.0,-0.4,lognorm,lognormal,True,0.00040722322086096435
0.0,-0.4,lognorm,lognormal,True,0.05356269791587522
0.0,-0.4,lognorm,lognormal,True,0.386931237514198
0.0,-0.4,lognorm,lognormal,True,0.0091875206057904
0.0,-0.4,lognorm,lognormal,True,2.1690787281898456e-31
0.0,-0.4,lognorm,lognormal,True,0.009827132372493249
0.0,-0.4,lognorm,lognormal,True,1.3015653671459723e-07
0.0,-0.4,lognorm,lognormal,True,9.549406663790061e-11
0.0,-0.4,lognorm,lognormal,True,1.801054798521359e-11
0.0,-0.4,lognorm,lognormal,True,1.3070901561253085e-07
0.0,-0.4,lognorm,lognormal,True,0.5849909206938222
0.0,-0.4,lognorm,lognormal,True,0.3224131186147331
0.0,-0.4,lognorm,lognormal,True,0.7498020082231176
0.0,-0.4,lognorm,lognormal,True,8.473698420710072e-07
0.0,-0.4,lognorm,lognormal,True,0.768745638198671
0.0,-0.4,lognorm,lognormal,True,6.804997132266664e-10
0.0,-0.4,lognorm,lognormal,True,6.233395305281797e-05
0.0,-0.4,lognorm,lognormal,True,3.0284119832504666e-12
0.0,-0.4,lognorm,lognormal,True,1.7730659979052814e-05
0.0,-0.4,lognorm,lognormal,True,0.30625577614586913
0.0,-0.4,lognorm,lognormal,True,0.10596384372417854
0.0,-0.4,lognorm,lognormal,True,4.4932825495109426e-05
0.0,-0.4,lognorm,lognormal,True,0.034396031593899985
0.0,-0.4,lognorm,lognormal,True,0.09756140085615397
0.0,-0.4,lognorm,lognormal,True,2.8628463187267856e-08
0.0,-0.4,lognorm,lognormal,True,0.0018545492867053546
0.0,-0.4,lognorm,lognormal,True,1.522002335493694e-06
0.0,-0.4,lognorm,lognormal,True,0.6948475187086594
0.0,-0.4,lognorm,lognormal,True,0.0012477044571932042
0.0,-0.4,lognorm,lognormal,True,1.0406602706854062e-05
0.0,-0.4,lognorm,lognormal,True,0.012046026459738783
0.0,-0.4,lognorm,lognormal,True,6.113283218188518e-20
0.0,-0.4,lognorm,lognormal,True,0.010046079518837897
0.0,-0.4,lognorm,lognormal,True,3.0718580819967595e-05
0.0,-0.4,lognorm,lognormal,True,0.01074395406590017
0.0,-0.4,lognorm,lognormal,True,0.02076558749329514
0.0,-0.4,lognorm,lognormal,True,9.16601002864304e-24
0.0,-0.4,lognorm,lognormal,True,0.0001501868168921643
0.0,-0.4,lognorm,lognormal,True,1.742219182134123e-10
0.0,-0.4,lognorm,lognormal,True,2.0477258982281185e-11
0.0,-0.4,lognorm,lognormal,True,2.129903231296576e-13
0.0,-0.4,lognorm,lognormal,True,2.2426102191100584e-21
0.0,-0.4,lognorm,lognormal,True,8.222080196454808e-05
0.0,-0.4,lognorm,lognormal,True,3.284477466649702e-06
0.0,-0.4,lognorm,lognormal,True,1.2022826996404946e-17
0.0,-0.4,lognorm,lognormal,True,9.338149669073639e-16
0.0,-0.4,lognorm,lognormal,True,0.15151462462432083
0.0,-0.4,lognorm,lognormal,True,2.271897012993225e-15
0.0,-0.4,lognorm,lognormal,True,0.0055814400545586675
0.0,-0.4,lognorm,lognormal,True,3.957268407851811e-18
0.0,-0.4,lognorm,lognormal,True,2.2324017532305266e-09
0.0,-0.4,lognorm,lognormal,True,0.002827151974439512
0.0,-0.4,lognorm,lognormal,True,0.012603141212537135
0.0,-0.4,lognorm,lognormal,True,0.8377902270741796
0.0,-0.4,lognorm,lognormal,True,0.0012563046218505823
0.0,-0.4,lognorm,lognormal,True,5.359654627967481e-19
0.0,-0.4,lognorm,lognormal,True,0.9129729979761144
0.0,-0.4,lognorm,lognormal,True,0.048673665340342
0.0,-0.4,lognorm,lognormal,True,0.057201434937454526
0.0,-0.4,lognorm,lognormal,True,6.227740650694584e-12
0.0,-0.4,lognorm,lognormal,True,4.718404957639559e-06
0.0,-0.4,lognorm,lognormal,True,6.378825885181688e-09
0.0,-0.4,lognorm,lognormal,True,3.379332113146046e-11
0.0,-0.4,lognorm,lognormal,True,0.000575936314393678
0.0,-0.4,lognorm,lognormal,True,0.006753169272756899
0.0,-0.4,lognorm,lognormal,True,0.033288408222502834
0.0,-0.4,lognorm,lognormal,True,0.28034253542843085
0.0,-0.4,lognorm,lognormal,True,1.933937416640322e-10
0.0,-0.4,lognorm,lognormal,True,1.1070997827931474e-10
0.0,-0.4,lognorm,lognormal,True,0.0003197012052618174
0.0,-0.4,lognorm,lognormal,True,0.10660708800805065
0.0,-0.4,lognorm,lognormal,True,0.21961441769789347
0.0,-0.4,lognorm,lognormal,True,0.010398583997996567
0.0,-0.4,lognorm,lognormal,True,0.722639197040617
0.0,-0.4,lognorm,lognormal,True,0.15984701609768542
0.0,-0.4,lognorm,lognormal,True,2.9171753667483998e-06
0.0,-0.4,lognorm,lognormal,True,0.20688096341453763
0.0,-0.4,lognorm,lognormal,True,1.4460170553233253e-12
0.0,-0.4,lognorm,lognormal,True,3.3251823168980165e-06
0.0,-0.4,lognorm,lognormal,True,0.6541365573296822
0.0,-0.4,lognorm,lognormal,True,0.0023633874559513906
0.0,-0.4,lognorm,lognormal,True,0.009188783286896242
0.0,-0.4,lognorm,lognormal,True,0.0008594864106231308
0.0,-0.4,lognorm,lognormal,True,1.6934909826379078e-08
0.0,-0.4,lognorm,lognormal,True,1.380134843287917e-18
0.0,-0.4,lognorm,lognormal,True,0.0062618874303944465
0.0,-0.4,lognorm,lognormal,True,0.027157967986907325
0.0,-0.4,lognorm,lognormal,True,0.00027495577939428355
0.0,-0.4,lognorm,lognormal,True,0.0016087383278146276
0.0,-0.4,lognorm,lognormal,True,0.8721601407774116
0.0,-0.4,lognorm,lognormal,True,9.643929852990762e-16
0.0,-0.4,lognorm,lognormal,True,0.004605877338552259
0.0,-0.4,lognorm,lognormal,True,7.891371560762259e-07
0.0,-0.4,lognorm,lognormal,True,1.050579269597469e-06
0.0,-0.4,lognorm,lognormal,True,0.007645865376692688
0.0,-0.4,lognorm,lognormal,True,0.45010358248608306
0.0,-0.4,lognorm,lognormal,True,0.002013098628686693
0.0,-0.4,lognorm,lognormal,True,0.6476729704999864
0.0,-0.4,lognorm,lognormal,True,0.5588354255435766
0.0,-0.4,lognorm,lognormal,True,4.994270456329456e-06
0.0,-0.4,lognorm,lognormal,True,4.005436220056841e-05
0.0,-0.4,lognorm,lognormal,True,3.7718334548540724e-20
0.0,-0.4,lognorm,lognormal,True,0.089749561402364
0.0,-0.4,lognorm,lognormal,True,2.4413400350085007e-25
0.0,-0.4,lognorm,lognormal,True,8.884979955699717e-14
0.0,-0.4,lognorm,lognormal,True,0.010769731448001885
0.0,-0.4,lognorm,lognormal,True,2.2901905239978993e-23
0.0,-0.4,lognorm,lognormal,True,1.1761644076662953e-19
0.0,-0.4,lognorm,lognormal,True,2.3173749713020727e-06
0.0,-0.4,lognorm,lognormal,True,3.314916801561704e-05
0.0,-0.4,lognorm,lognormal,True,0.35339698006892606
0.0,-0.4,lognorm,lognormal,True,0.19331020267122712
0.0,-0.4,lognorm,lognormal,True,0.7566880679743315
0.0,-0.4,lognorm,lognormal,True,0.005442704039792529
0.0,-0.4,lognorm,lognormal,True,0.5649850576304261
0.0,-0.4,lognorm,lognormal,True,0.0009834399263528547
0.0,-0.4,lognorm,lognormal,True,1.2732402557459581e-10
0.0,-0.4,lognorm,lognormal,True,1.6558712475091681e-12
0.0,-0.4,lognorm,lognormal,True,4.046498607724687e-06
0.0,-0.4,lognorm,lognormal,True,3.8845815628755596e-09
0.0,-0.4,lognorm,lognormal,True,0.12459117128966295
0.0,-0.4,lognorm,lognormal,True,1.8407020611623043e-32
0.0,-0.4,lognorm,lognormal,True,0.25974072016266553
0.0,-0.4,lognorm,lognormal,True,1.3776455295005957e-05
0.0,-0.4,lognorm,lognormal,True,3.805165409211908e-11
0.0,-0.4,lognorm,lognormal,True,0.26397854884836125
0.0,-0.4,lognorm,lognormal,True,0.010350210318428085
0.0,-0.4,lognorm,lognormal,True,0.000410718633685968
0.0,-0.4,lognorm,lognormal,True,3.8483279935566e-05
0.0,-0.4,lognorm,lognormal,True,7.194565056672387e-05
0.0,-0.4,lognorm,lognormal,True,5.411234718566904e-19
0.0,-0.4,lognorm,lognormal,True,0.9329497838818946
0.0,-0.4,lognorm,lognormal,True,0.0005905266130646779
0.0,-0.4,lognorm,lognormal,True,3.9100821172783365e-08
0.0,-0.4,lognorm,lognormal,True,9.235738137742568e-13
0.0,-0.4,lognorm,lognormal,True,1.6778343811588964e-13
0.0,-0.4,lognorm,lognormal,True,0.05899789591199678
0.0,-0.4,lognorm,lognormal,True,0.5774208794814306
0.0,-0.4,lognorm,lognormal,True,0.002551253173312386
0.0,-0.4,lognorm,lognormal,True,0.13153044345887144
0.0,-0.4,lognorm,lognormal,True,2.095907401191517e-17
0.0,-0.4,lognorm,lognormal,True,4.0884264611544965e-07
0.0,-0.4,lognorm,lognormal,True,0.1269627508113721
0.0,-0.4,lognorm,lognormal,True,8.791174814177106e-16
0.0,-0.4,lognorm,lognormal,True,3.1630851315122516e-12
0.0,-0.4,lognorm,lognormal,True,0.00305006399428541
0.0,-0.4,lognorm,lognormal,True,0.005312475541901773
0.0,-0.4,lognorm,lognormal,True,1.2590544523755762e-14
0.0,-0.4,lognorm,lognormal,True,0.048007984938155106
0.0,-0.4,lognorm,lognormal,True,3.299909823486808e-05
0.0,-0.4,lognorm,lognormal,True,1.6796356717710603e-05
0.0,-0.4,lognorm,lognormal,True,0.00021695992692356017
0.0,-0.4,lognorm,lognormal,True,4.7769407486851704e-08
0.0,-0.4,lognorm,lognormal,True,7.357660818641497e-19
