tau,rho,est,dist,obs_conf,pvals
0.06,0.4,mvnorm,lognormal,True,0.5885218634067193
0.06,0.4,mvnorm,lognormal,True,0.19444006514428153
0.06,0.4,mvnorm,lognormal,True,0.00019568916265754125
0.06,0.4,mvnorm,lognormal,True,2.061792055645137e-06
0.06,0.4,mvnorm,lognormal,True,0.06957537890045405
0.06,0.4,mvnorm,lognormal,True,0.08933836551988876
0.06,0.4,mvnorm,lognormal,True,0.9965707149035052
0.06,0.4,mvnorm,lognormal,True,6.597161455502461e-11
0.06,0.4,mvnorm,lognormal,True,0.0009629329871122666
0.06,0.4,mvnorm,lognormal,True,1.9132910860881948e-13
0.06,0.4,mvnorm,lognormal,True,0.23531228026712192
0.06,0.4,mvnorm,lognormal,True,0.02115083724557834
0.06,0.4,mvnorm,lognormal,True,0.2467579887182098
0.06,0.4,mvnorm,lognormal,True,0.9593716741259433
0.06,0.4,mvnorm,lognormal,True,0.00409692710422614
0.06,0.4,mvnorm,lognormal,True,0.7440492236059684
0.06,0.4,mvnorm,lognormal,True,0.1303611369407182
0.06,0.4,mvnorm,lognormal,True,0.0003571605982064268
0.06,0.4,mvnorm,lognormal,True,0.5545479298730192
0.06,0.4,mvnorm,lognormal,True,8.873544543894534e-24
0.06,0.4,mvnorm,lognormal,True,0.1504503109847927
0.06,0.4,mvnorm,lognormal,True,0.4212072667234319
0.06,0.4,mvnorm,lognormal,True,1.0159071184715104e-13
0.06,0.4,mvnorm,lognormal,True,0.19442572759576052
0.06,0.4,mvnorm,lognormal,True,0.6054914486253626
0.06,0.4,mvnorm,lognormal,True,0.6101684484492734
0.06,0.4,mvnorm,lognormal,True,0.33786790094132363
0.06,0.4,mvnorm,lognormal,True,8.213507470237625e-07
0.06,0.4,mvnorm,lognormal,True,1.994715255698358e-09
0.06,0.4,mvnorm,lognormal,True,0.4850011372027634
0.06,0.4,mvnorm,lognormal,True,2.356333432759681e-08
0.06,0.4,mvnorm,lognormal,True,0.00035188339131626877
0.06,0.4,mvnorm,lognormal,True,3.533206920009825e-05
0.06,0.4,mvnorm,lognormal,True,0.030278411544964627
0.06,0.4,mvnorm,lognormal,True,7.837245801791283e-10
0.06,0.4,mvnorm,lognormal,True,0.9624164825970858
0.06,0.4,mvnorm,lognormal,True,0.6624366423136248
0.06,0.4,mvnorm,lognormal,True,2.925874759209222e-09
0.06,0.4,mvnorm,lognormal,True,0.6024804708768055
0.06,0.4,mvnorm,lognormal,True,0.005064060260329779
0.06,0.4,mvnorm,lognormal,True,0.3102314657050087
0.06,0.4,mvnorm,lognormal,True,0.05272496832632336
0.06,0.4,mvnorm,lognormal,True,7.320799718472727e-12
0.06,0.4,mvnorm,lognormal,True,0.2437154896444456
0.06,0.4,mvnorm,lognormal,True,2.994608593868722e-07
0.06,0.4,mvnorm,lognormal,True,0.0045224317739491395
0.06,0.4,mvnorm,lognormal,True,2.6827968320594354e-06
0.06,0.4,mvnorm,lognormal,True,0.8303325375093483
0.06,0.4,mvnorm,lognormal,True,0.00015840692149886348
0.06,0.4,mvnorm,lognormal,True,0.23417009251228763
0.06,0.4,mvnorm,lognormal,True,0.5890774116946049
0.06,0.4,mvnorm,lognormal,True,0.003551411197951294
0.06,0.4,mvnorm,lognormal,True,6.268392395612683e-07
0.06,0.4,mvnorm,lognormal,True,7.832594258520658e-05
0.06,0.4,mvnorm,lognormal,True,0.3049279624966482
0.06,0.4,mvnorm,lognormal,True,0.34402842436118064
0.06,0.4,mvnorm,lognormal,True,0.017497284476809597
0.06,0.4,mvnorm,lognormal,True,0.0012060359226481368
0.06,0.4,mvnorm,lognormal,True,0.04802294484624843
0.06,0.4,mvnorm,lognormal,True,1.4994620621898516e-13
0.06,0.4,mvnorm,lognormal,True,0.008628745988407661
0.06,0.4,mvnorm,lognormal,True,1.2364888659666095e-06
0.06,0.4,mvnorm,lognormal,True,0.8337428063319698
0.06,0.4,mvnorm,lognormal,True,0.9255106080693025
0.06,0.4,mvnorm,lognormal,True,0.3752233395005282
0.06,0.4,mvnorm,lognormal,True,0.6564486235273792
0.06,0.4,mvnorm,lognormal,True,0.0003120164325379196
0.06,0.4,mvnorm,lognormal,True,1.1628395337902333e-10
0.06,0.4,mvnorm,lognormal,True,0.0015677396073432322
0.06,0.4,mvnorm,lognormal,True,0.6971267386518768
0.06,0.4,mvnorm,lognormal,True,0.45150121425655265
0.06,0.4,mvnorm,lognormal,True,0.012659665438237343
0.06,0.4,mvnorm,lognormal,True,0.003701363734491182
0.06,0.4,mvnorm,lognormal,True,7.147842213433714e-05
0.06,0.4,mvnorm,lognormal,True,0.04257037624970487
0.06,0.4,mvnorm,lognormal,True,1.759786663213793e-08
0.06,0.4,mvnorm,lognormal,True,4.1147520784830123e-16
0.06,0.4,mvnorm,lognormal,True,1.2343785096786473e-10
0.06,0.4,mvnorm,lognormal,True,0.0007235421440409702
0.06,0.4,mvnorm,lognormal,True,4.458672116009423e-09
0.06,0.4,mvnorm,lognormal,True,0.00035206649675126377
0.06,0.4,mvnorm,lognormal,True,2.487026473733213e-08
0.06,0.4,mvnorm,lognormal,True,0.195204464182626
0.06,0.4,mvnorm,lognormal,True,0.05326538765110305
0.06,0.4,mvnorm,lognormal,True,0.8014086254492079
0.06,0.4,mvnorm,lognormal,True,0.6103224325935181
0.06,0.4,mvnorm,lognormal,True,0.10065551744463298
0.06,0.4,mvnorm,lognormal,True,0.1175987536579007
0.06,0.4,mvnorm,lognormal,True,5.014453903990808e-09
0.06,0.4,mvnorm,lognormal,True,0.10479912015834074
0.06,0.4,mvnorm,lognormal,True,6.156991445257744e-08
0.06,0.4,mvnorm,lognormal,True,8.850816136856621e-05
0.06,0.4,mvnorm,lognormal,True,0.0012087488195345237
0.06,0.4,mvnorm,lognormal,True,0.0057762490632058865
0.06,0.4,mvnorm,lognormal,True,3.354652759888138e-06
0.06,0.4,mvnorm,lognormal,True,0.00029731407769938747
0.06,0.4,mvnorm,lognormal,True,9.396882075622999e-09
0.06,0.4,mvnorm,lognormal,True,0.1227629805703434
0.06,0.4,mvnorm,lognormal,True,0.004586140638101479
0.06,0.4,mvnorm,lognormal,True,1.1548343016317915e-07
0.06,0.4,mvnorm,lognormal,True,1.9311206722660697e-23
0.06,0.4,mvnorm,lognormal,True,2.5464772381187573e-18
0.06,0.4,mvnorm,lognormal,True,0.03480386473122056
0.06,0.4,mvnorm,lognormal,True,3.74002051054067e-08
0.06,0.4,mvnorm,lognormal,True,9.978839361344118e-07
0.06,0.4,mvnorm,lognormal,True,0.9794887801026881
0.06,0.4,mvnorm,lognormal,True,2.0669299788072288e-05
0.06,0.4,mvnorm,lognormal,True,0.18033610365187042
0.06,0.4,mvnorm,lognormal,True,1.3188518349371739e-08
0.06,0.4,mvnorm,lognormal,True,0.6146961725092703
0.06,0.4,mvnorm,lognormal,True,6.761216087270781e-11
0.06,0.4,mvnorm,lognormal,True,1.6433890468276976e-06
0.06,0.4,mvnorm,lognormal,True,0.9001063271481802
0.06,0.4,mvnorm,lognormal,True,0.7802430125669072
0.06,0.4,mvnorm,lognormal,True,0.8227927718732795
0.06,0.4,mvnorm,lognormal,True,0.8028276292680196
0.06,0.4,mvnorm,lognormal,True,8.73243194500037e-16
0.06,0.4,mvnorm,lognormal,True,0.8298848092696551
0.06,0.4,mvnorm,lognormal,True,1.2923493525435461e-08
0.06,0.4,mvnorm,lognormal,True,0.005878749744632863
0.06,0.4,mvnorm,lognormal,True,0.19761708880268927
0.06,0.4,mvnorm,lognormal,True,9.814972919574243e-06
0.06,0.4,mvnorm,lognormal,True,8.931599205263971e-12
0.06,0.4,mvnorm,lognormal,True,0.634952649964794
0.06,0.4,mvnorm,lognormal,True,6.013982676555395e-15
0.06,0.4,mvnorm,lognormal,True,0.031390933812433644
0.06,0.4,mvnorm,lognormal,True,0.3670568175869675
0.06,0.4,mvnorm,lognormal,True,2.964674381641598e-13
0.06,0.4,mvnorm,lognormal,True,0.5059347774690757
0.06,0.4,mvnorm,lognormal,True,0.25863785530250855
0.06,0.4,mvnorm,lognormal,True,9.256342179865254e-05
0.06,0.4,mvnorm,lognormal,True,0.09420944774499972
0.06,0.4,mvnorm,lognormal,True,0.00156650822847149
0.06,0.4,mvnorm,lognormal,True,0.6677296124070161
0.06,0.4,mvnorm,lognormal,True,0.8818780616108393
0.06,0.4,mvnorm,lognormal,True,1.596648533082357e-05
0.06,0.4,mvnorm,lognormal,True,0.0013883788229258373
0.06,0.4,mvnorm,lognormal,True,0.0018934186869426913
0.06,0.4,mvnorm,lognormal,True,1.478366573983606e-05
0.06,0.4,mvnorm,lognormal,True,2.1162346039958627e-12
0.06,0.4,mvnorm,lognormal,True,0.012628563809357993
0.06,0.4,mvnorm,lognormal,True,0.21421521909789068
0.06,0.4,mvnorm,lognormal,True,0.5072170781447335
0.06,0.4,mvnorm,lognormal,True,3.4025307742650295e-08
0.06,0.4,mvnorm,lognormal,True,4.5177650076128215e-06
0.06,0.4,mvnorm,lognormal,True,0.03428168441511233
0.06,0.4,mvnorm,lognormal,True,0.042728561598949145
0.06,0.4,mvnorm,lognormal,True,0.0026959880699005344
0.06,0.4,mvnorm,lognormal,True,0.01596426672840474
0.06,0.4,mvnorm,lognormal,True,3.663138423403252e-06
0.06,0.4,mvnorm,lognormal,True,0.8617356489939718
0.06,0.4,mvnorm,lognormal,True,0.4769991298684839
0.06,0.4,mvnorm,lognormal,True,0.0037598021098304
0.06,0.4,mvnorm,lognormal,True,9.980793411690947e-06
0.06,0.4,mvnorm,lognormal,True,0.05994248437620904
0.06,0.4,mvnorm,lognormal,True,0.9270982963386147
0.06,0.4,mvnorm,lognormal,True,0.1505681146518641
0.06,0.4,mvnorm,lognormal,True,0.1233480325603218
0.06,0.4,mvnorm,lognormal,True,0.017753176173299866
0.06,0.4,mvnorm,lognormal,True,8.446353264879352e-10
0.06,0.4,mvnorm,lognormal,True,0.9570458930594391
0.06,0.4,mvnorm,lognormal,True,0.019241105070306873
0.06,0.4,mvnorm,lognormal,True,1.8301207393121233e-09
0.06,0.4,mvnorm,lognormal,True,0.04628112912210653
0.06,0.4,mvnorm,lognormal,True,0.21061126867934118
0.06,0.4,mvnorm,lognormal,True,1.5515704116966673e-13
0.06,0.4,mvnorm,lognormal,True,5.663553212013715e-10
0.06,0.4,mvnorm,lognormal,True,0.010163113408051004
0.06,0.4,mvnorm,lognormal,True,0.2854883019290633
0.06,0.4,mvnorm,lognormal,True,6.482396818369154e-09
0.06,0.4,mvnorm,lognormal,True,3.8207558129486465e-06
0.06,0.4,mvnorm,lognormal,True,0.01659678363800527
0.06,0.4,mvnorm,lognormal,True,0.08856083047142943
0.06,0.4,mvnorm,lognormal,True,3.5037995277220593e-14
0.06,0.4,mvnorm,lognormal,True,3.6839376024973005e-07
0.06,0.4,mvnorm,lognormal,True,0.47255380634944055
0.06,0.4,mvnorm,lognormal,True,3.128613939779718e-05
0.06,0.4,mvnorm,lognormal,True,0.028166909507204987
0.06,0.4,mvnorm,lognormal,True,1.584143380864767e-15
0.06,0.4,mvnorm,lognormal,True,1.5676339173259178e-05
0.06,0.4,mvnorm,lognormal,True,0.08921387171175557
0.06,0.4,mvnorm,lognormal,True,1.0240287391783649e-25
0.06,0.4,mvnorm,lognormal,True,0.0027566379402771393
0.06,0.4,mvnorm,lognormal,True,0.0003758010958447989
0.06,0.4,mvnorm,lognormal,True,0.012194178934357187
0.06,0.4,mvnorm,lognormal,True,2.132019145665551e-08
0.06,0.4,mvnorm,lognormal,True,0.03345504237957733
0.06,0.4,mvnorm,lognormal,True,0.6818653122180358
0.06,0.4,mvnorm,lognormal,True,9.122953909290889e-07
0.06,0.4,mvnorm,lognormal,True,0.007830874305116938
0.06,0.4,mvnorm,lognormal,True,0.3768167328540194
0.06,0.4,mvnorm,lognormal,True,4.5913367495327265e-11
0.06,0.4,mvnorm,lognormal,True,0.0014051236232103036
0.06,0.4,mvnorm,lognormal,True,9.939378452979513e-07
0.06,0.4,mvnorm,lognormal,True,0.04361848617885068
0.06,0.4,mvnorm,lognormal,True,0.00032181647202440166
0.06,0.4,mvnorm,lognormal,True,5.588608982644979e-10
0.06,0.4,mvnorm,lognormal,True,0.10120225601257132
0.06,0.4,mvnorm,lognormal,True,0.7618035774882386
0.06,0.4,mvnorm,lognormal,True,0.24297213477321827
