tau,rho,est,dist,obs_conf,pvals
0.03,-0.4,mvnorm,lognormal,True,2.7351958816032898e-06
0.03,-0.4,mvnorm,lognormal,True,3.828601530857641e-08
0.03,-0.4,mvnorm,lognormal,True,0.06192779500804552
0.03,-0.4,mvnorm,lognormal,True,0.016457645125822016
0.03,-0.4,mvnorm,lognormal,True,0.16764791634286197
0.03,-0.4,mvnorm,lognormal,True,2.880018918599009e-05
0.03,-0.4,mvnorm,lognormal,True,2.217855148394097e-08
0.03,-0.4,mvnorm,lognormal,True,0.0068319845719562846
0.03,-0.4,mvnorm,lognormal,True,6.665603037826107e-05
0.03,-0.4,mvnorm,lognormal,True,0.28773300675232927
0.03,-0.4,mvnorm,lognormal,True,0.04752365617998968
0.03,-0.4,mvnorm,lognormal,True,8.27205141201306e-06
0.03,-0.4,mvnorm,lognormal,True,0.003709317016118262
0.03,-0.4,mvnorm,lognormal,True,1.8971007353451513e-08
0.03,-0.4,mvnorm,lognormal,True,0.41908239507540623
0.03,-0.4,mvnorm,lognormal,True,0.26949743357830847
0.03,-0.4,mvnorm,lognormal,True,0.00035151899888983645
0.03,-0.4,mvnorm,lognormal,True,0.11069885582161149
0.03,-0.4,mvnorm,lognormal,True,0.007050926922930917
0.03,-0.4,mvnorm,lognormal,True,0.00014237543801233086
0.03,-0.4,mvnorm,lognormal,True,0.0006215564593504379
0.03,-0.4,mvnorm,lognormal,True,0.6023009780061728
0.03,-0.4,mvnorm,lognormal,True,1.9033730029561706e-06
0.03,-0.4,mvnorm,lognormal,True,0.22351470229692022
0.03,-0.4,mvnorm,lognormal,True,0.004493235404287614
0.03,-0.4,mvnorm,lognormal,True,3.612936482323046e-06
0.03,-0.4,mvnorm,lognormal,True,0.631914685787052
0.03,-0.4,mvnorm,lognormal,True,0.3589789740517402
0.03,-0.4,mvnorm,lognormal,True,0.0018144855571867696
0.03,-0.4,mvnorm,lognormal,True,0.00044716963631315736
0.03,-0.4,mvnorm,lognormal,True,2.119207043831884e-08
0.03,-0.4,mvnorm,lognormal,True,0.04657990060220656
0.03,-0.4,mvnorm,lognormal,True,0.2751540235510802
0.03,-0.4,mvnorm,lognormal,True,0.004021800821242913
0.03,-0.4,mvnorm,lognormal,True,0.007775497095533697
0.03,-0.4,mvnorm,lognormal,True,4.6992533782399e-05
0.03,-0.4,mvnorm,lognormal,True,0.10980182347726607
0.03,-0.4,mvnorm,lognormal,True,0.0010353583457955741
0.03,-0.4,mvnorm,lognormal,True,6.050092793852893e-12
0.03,-0.4,mvnorm,lognormal,True,0.07281039435976377
0.03,-0.4,mvnorm,lognormal,True,4.490961725188595e-12
0.03,-0.4,mvnorm,lognormal,True,0.0007236220284480788
0.03,-0.4,mvnorm,lognormal,True,0.6211883490609974
0.03,-0.4,mvnorm,lognormal,True,0.2683640381715384
0.03,-0.4,mvnorm,lognormal,True,0.21903895606751736
0.03,-0.4,mvnorm,lognormal,True,0.0001728805270479868
0.03,-0.4,mvnorm,lognormal,True,0.00642201016661928
0.03,-0.4,mvnorm,lognormal,True,0.022073490681428158
0.03,-0.4,mvnorm,lognormal,True,0.0041866086656927115
0.03,-0.4,mvnorm,lognormal,True,7.101594063323917e-14
0.03,-0.4,mvnorm,lognormal,True,0.5078582190532706
0.03,-0.4,mvnorm,lognormal,True,0.0008521246167849641
0.03,-0.4,mvnorm,lognormal,True,0.11930442017287897
0.03,-0.4,mvnorm,lognormal,True,0.003586367827447691
0.03,-0.4,mvnorm,lognormal,True,0.050357908763777
0.03,-0.4,mvnorm,lognormal,True,1.0557087505973475e-05
0.03,-0.4,mvnorm,lognormal,True,0.014217168591926305
0.03,-0.4,mvnorm,lognormal,True,0.0018992458166310338
0.03,-0.4,mvnorm,lognormal,True,1.9738485743709192e-07
0.03,-0.4,mvnorm,lognormal,True,4.338640715627482e-05
0.03,-0.4,mvnorm,lognormal,True,0.3539445622251972
0.03,-0.4,mvnorm,lognormal,True,0.012667104056830393
0.03,-0.4,mvnorm,lognormal,True,1.5126219913254053e-10
0.03,-0.4,mvnorm,lognormal,True,1.530495563112732e-07
0.03,-0.4,mvnorm,lognormal,True,0.17475229628051897
0.03,-0.4,mvnorm,lognormal,True,2.6288691480485633e-05
0.03,-0.4,mvnorm,lognormal,True,0.32994199128787405
0.03,-0.4,mvnorm,lognormal,True,2.024103123442628e-06
0.03,-0.4,mvnorm,lognormal,True,0.001883418053586137
0.03,-0.4,mvnorm,lognormal,True,0.000184782907756187
0.03,-0.4,mvnorm,lognormal,True,4.775505908689133e-05
0.03,-0.4,mvnorm,lognormal,True,1.0712069665087016e-06
0.03,-0.4,mvnorm,lognormal,True,0.0006801614610525457
0.03,-0.4,mvnorm,lognormal,True,0.00894233476016478
0.03,-0.4,mvnorm,lognormal,True,1.2552525619095273e-11
0.03,-0.4,mvnorm,lognormal,True,0.23795457912861595
0.03,-0.4,mvnorm,lognormal,True,0.012043842446577026
0.03,-0.4,mvnorm,lognormal,True,5.02037352760968e-13
0.03,-0.4,mvnorm,lognormal,True,0.005474347994612462
0.03,-0.4,mvnorm,lognormal,True,0.6392813382047904
0.03,-0.4,mvnorm,lognormal,True,0.17963715185282275
0.03,-0.4,mvnorm,lognormal,True,0.0005258182072718309
0.03,-0.4,mvnorm,lognormal,True,0.0024858652098618517
0.03,-0.4,mvnorm,lognormal,True,0.17146196474829783
0.03,-0.4,mvnorm,lognormal,True,0.0011971518329948953
0.03,-0.4,mvnorm,lognormal,True,0.1206155152144118
0.03,-0.4,mvnorm,lognormal,True,1.3903072154003064e-07
0.03,-0.4,mvnorm,lognormal,True,1.7326665952555368e-08
0.03,-0.4,mvnorm,lognormal,True,0.46729587644800374
0.03,-0.4,mvnorm,lognormal,True,0.06156034777375044
0.03,-0.4,mvnorm,lognormal,True,0.20610103604730118
0.03,-0.4,mvnorm,lognormal,True,0.41638394518369903
0.03,-0.4,mvnorm,lognormal,True,0.2226198801103456
0.03,-0.4,mvnorm,lognormal,True,0.9613232424828088
0.03,-0.4,mvnorm,lognormal,True,0.0033029100447396547
0.03,-0.4,mvnorm,lognormal,True,8.457536762951334e-14
0.03,-0.4,mvnorm,lognormal,True,2.2788655372496112e-17
0.03,-0.4,mvnorm,lognormal,True,0.6960011571790026
0.03,-0.4,mvnorm,lognormal,True,0.8550609338222812
0.03,-0.4,mvnorm,lognormal,True,0.4405575549891315
0.03,-0.4,mvnorm,lognormal,True,6.986700485242059e-05
0.03,-0.4,mvnorm,lognormal,True,0.1398909420695337
0.03,-0.4,mvnorm,lognormal,True,4.269285635991577e-05
0.03,-0.4,mvnorm,lognormal,True,1.3754292684089612e-05
0.03,-0.4,mvnorm,lognormal,True,0.5155574967257213
0.03,-0.4,mvnorm,lognormal,True,0.008084661010068833
0.03,-0.4,mvnorm,lognormal,True,1.6000792729004665e-05
0.03,-0.4,mvnorm,lognormal,True,0.33908674922025334
0.03,-0.4,mvnorm,lognormal,True,0.024275117626602737
0.03,-0.4,mvnorm,lognormal,True,0.5853734252365377
0.03,-0.4,mvnorm,lognormal,True,6.640551235357223e-07
0.03,-0.4,mvnorm,lognormal,True,0.009579800142165485
0.03,-0.4,mvnorm,lognormal,True,0.6765996112180734
0.03,-0.4,mvnorm,lognormal,True,0.257357586854297
0.03,-0.4,mvnorm,lognormal,True,0.021941197833606926
0.03,-0.4,mvnorm,lognormal,True,1.269632385611122e-07
0.03,-0.4,mvnorm,lognormal,True,0.00035332311902559613
0.03,-0.4,mvnorm,lognormal,True,0.19103789856889605
0.03,-0.4,mvnorm,lognormal,True,4.605383472891076e-19
0.03,-0.4,mvnorm,lognormal,True,0.2154044789089654
0.03,-0.4,mvnorm,lognormal,True,0.0013626912385373054
0.03,-0.4,mvnorm,lognormal,True,1.5751456940797512e-08
0.03,-0.4,mvnorm,lognormal,True,0.149935512852002
0.03,-0.4,mvnorm,lognormal,True,0.32041339437609656
0.03,-0.4,mvnorm,lognormal,True,0.0010068752981574286
0.03,-0.4,mvnorm,lognormal,True,0.0008751591581138714
0.03,-0.4,mvnorm,lognormal,True,0.547966534987272
0.03,-0.4,mvnorm,lognormal,True,0.003396232422261609
0.03,-0.4,mvnorm,lognormal,True,0.2847127173866116
0.03,-0.4,mvnorm,lognormal,True,0.34820604524876264
0.03,-0.4,mvnorm,lognormal,True,0.42981381358998594
0.03,-0.4,mvnorm,lognormal,True,0.03174023037974687
0.03,-0.4,mvnorm,lognormal,True,0.3016304791382891
0.03,-0.4,mvnorm,lognormal,True,0.3116449206589281
0.03,-0.4,mvnorm,lognormal,True,7.959282954231623e-05
0.03,-0.4,mvnorm,lognormal,True,2.3268408754564976e-08
0.03,-0.4,mvnorm,lognormal,True,0.019661822407287078
0.03,-0.4,mvnorm,lognormal,True,1.5540230264538207e-06
0.03,-0.4,mvnorm,lognormal,True,0.19076113493070979
0.03,-0.4,mvnorm,lognormal,True,0.33351333259711047
0.03,-0.4,mvnorm,lognormal,True,0.0014573965116171119
0.03,-0.4,mvnorm,lognormal,True,0.06778788763561985
0.03,-0.4,mvnorm,lognormal,True,0.001045403331300278
0.03,-0.4,mvnorm,lognormal,True,0.15789358531097394
0.03,-0.4,mvnorm,lognormal,True,0.026332851446783115
0.03,-0.4,mvnorm,lognormal,True,0.07379437533215914
0.03,-0.4,mvnorm,lognormal,True,7.938153734842427e-14
0.03,-0.4,mvnorm,lognormal,True,0.04817639782782554
0.03,-0.4,mvnorm,lognormal,True,0.0024363726873978158
0.03,-0.4,mvnorm,lognormal,True,2.630615958749444e-06
0.03,-0.4,mvnorm,lognormal,True,0.00011260149726893092
0.03,-0.4,mvnorm,lognormal,True,6.700955344053777e-08
0.03,-0.4,mvnorm,lognormal,True,0.01056221694154122
0.03,-0.4,mvnorm,lognormal,True,0.0162491435808622
0.03,-0.4,mvnorm,lognormal,True,0.06105498276698008
0.03,-0.4,mvnorm,lognormal,True,1.909187502832772e-06
0.03,-0.4,mvnorm,lognormal,True,0.0005148817740047258
0.03,-0.4,mvnorm,lognormal,True,0.04770411900480646
0.03,-0.4,mvnorm,lognormal,True,0.0006157624133347125
0.03,-0.4,mvnorm,lognormal,True,0.5182332111668009
0.03,-0.4,mvnorm,lognormal,True,0.3074416764368122
0.03,-0.4,mvnorm,lognormal,True,0.01140906929485101
0.03,-0.4,mvnorm,lognormal,True,0.010752518646783059
0.03,-0.4,mvnorm,lognormal,True,2.5628230931888904e-09
0.03,-0.4,mvnorm,lognormal,True,6.251165385559827e-07
0.03,-0.4,mvnorm,lognormal,True,6.291651743577576e-05
0.03,-0.4,mvnorm,lognormal,True,0.02848051858664434
0.03,-0.4,mvnorm,lognormal,True,0.9182076443996894
0.03,-0.4,mvnorm,lognormal,True,0.0008291744753213067
0.03,-0.4,mvnorm,lognormal,True,0.39136224679450415
0.03,-0.4,mvnorm,lognormal,True,8.966744084966794e-07
0.03,-0.4,mvnorm,lognormal,True,0.7670143868369967
0.03,-0.4,mvnorm,lognormal,True,0.023799710786031363
0.03,-0.4,mvnorm,lognormal,True,3.0437747552026456e-13
0.03,-0.4,mvnorm,lognormal,True,0.003701626480343764
0.03,-0.4,mvnorm,lognormal,True,0.4257494812635837
0.03,-0.4,mvnorm,lognormal,True,0.24252219736487995
0.03,-0.4,mvnorm,lognormal,True,0.20807549122223032
0.03,-0.4,mvnorm,lognormal,True,1.7224307599371535e-15
0.03,-0.4,mvnorm,lognormal,True,1.9924542387362155e-13
0.03,-0.4,mvnorm,lognormal,True,1.253528081792241e-07
0.03,-0.4,mvnorm,lognormal,True,0.03351880280560346
0.03,-0.4,mvnorm,lognormal,True,2.1653259046815796e-07
0.03,-0.4,mvnorm,lognormal,True,0.002699535373384148
0.03,-0.4,mvnorm,lognormal,True,0.5869983288202514
0.03,-0.4,mvnorm,lognormal,True,3.3435938171878855e-05
0.03,-0.4,mvnorm,lognormal,True,1.6541889821464835e-08
0.03,-0.4,mvnorm,lognormal,True,0.6165229535769756
0.03,-0.4,mvnorm,lognormal,True,0.5561261594233118
0.03,-0.4,mvnorm,lognormal,True,0.32466625920971537
0.03,-0.4,mvnorm,lognormal,True,0.013636684086201925
0.03,-0.4,mvnorm,lognormal,True,0.05083625496124602
0.03,-0.4,mvnorm,lognormal,True,7.273795445469884e-06
0.03,-0.4,mvnorm,lognormal,True,0.007291173660581268
0.03,-0.4,mvnorm,lognormal,True,3.774073014893274e-10
0.03,-0.4,mvnorm,lognormal,True,0.043504015812776076
0.03,-0.4,mvnorm,lognormal,True,0.0004090256325444837
0.03,-0.4,mvnorm,lognormal,True,0.049965283141720405
0.03,-0.4,mvnorm,lognormal,True,0.47885893418685754
0.03,-0.4,mvnorm,lognormal,True,4.564682540430518e-13
