tau,rho,est,dist,obs_conf,pvals
0.15,-0.2,mvnorm,lognormal,True,0.7393020377404345
0.15,-0.2,mvnorm,lognormal,True,3.963462990295318e-14
0.15,-0.2,mvnorm,lognormal,True,1.3483799193002844e-07
0.15,-0.2,mvnorm,lognormal,True,0.0003285010038353956
0.15,-0.2,mvnorm,lognormal,True,0.020500735860523176
0.15,-0.2,mvnorm,lognormal,True,0.00013416877721972447
0.15,-0.2,mvnorm,lognormal,True,3.421606375801604e-06
0.15,-0.2,mvnorm,lognormal,True,4.077860831036853e-07
0.15,-0.2,mvnorm,lognormal,True,0.08646515579831676
0.15,-0.2,mvnorm,lognormal,True,2.009484104188051e-05
0.15,-0.2,mvnorm,lognormal,True,0.5075100791180043
0.15,-0.2,mvnorm,lognormal,True,0.997740916250529
0.15,-0.2,mvnorm,lognormal,True,2.6696345007796096e-12
0.15,-0.2,mvnorm,lognormal,True,0.10948865312891304
0.15,-0.2,mvnorm,lognormal,True,0.11563655090722154
0.15,-0.2,mvnorm,lognormal,True,0.3755783975983029
0.15,-0.2,mvnorm,lognormal,True,1.4265315219987794e-12
0.15,-0.2,mvnorm,lognormal,True,0.00020485786803942468
0.15,-0.2,mvnorm,lognormal,True,0.003473513466644484
0.15,-0.2,mvnorm,lognormal,True,1.8388605762739863e-13
0.15,-0.2,mvnorm,lognormal,True,5.751046788012572e-12
0.15,-0.2,mvnorm,lognormal,True,0.25690614998381206
0.15,-0.2,mvnorm,lognormal,True,1.578848044868948e-06
0.15,-0.2,mvnorm,lognormal,True,0.009926471760838813
0.15,-0.2,mvnorm,lognormal,True,5.396792977475511e-08
0.15,-0.2,mvnorm,lognormal,True,1.6273546017347347e-14
0.15,-0.2,mvnorm,lognormal,True,0.3689480925562223
0.15,-0.2,mvnorm,lognormal,True,2.3917916721419457e-07
0.15,-0.2,mvnorm,lognormal,True,1.1872428534662082e-06
0.15,-0.2,mvnorm,lognormal,True,0.142187367374318
0.15,-0.2,mvnorm,lognormal,True,0.9384368723428289
0.15,-0.2,mvnorm,lognormal,True,1.0797849791012762e-06
0.15,-0.2,mvnorm,lognormal,True,0.00040821006335633146
0.15,-0.2,mvnorm,lognormal,True,2.611485319430064e-07
0.15,-0.2,mvnorm,lognormal,True,0.04890651205923601
0.15,-0.2,mvnorm,lognormal,True,0.0005062368071098037
0.15,-0.2,mvnorm,lognormal,True,9.014087950816337e-07
0.15,-0.2,mvnorm,lognormal,True,4.008481721586245e-09
0.15,-0.2,mvnorm,lognormal,True,0.021293619880152888
0.15,-0.2,mvnorm,lognormal,True,1.473938373300305e-06
0.15,-0.2,mvnorm,lognormal,True,0.0667430552368053
0.15,-0.2,mvnorm,lognormal,True,0.5705845365435265
0.15,-0.2,mvnorm,lognormal,True,1.450642051224102e-07
0.15,-0.2,mvnorm,lognormal,True,6.67088317590676e-06
0.15,-0.2,mvnorm,lognormal,True,0.032073283181927224
0.15,-0.2,mvnorm,lognormal,True,9.743503904444553e-08
0.15,-0.2,mvnorm,lognormal,True,0.7354016123190258
0.15,-0.2,mvnorm,lognormal,True,3.235403443149544e-07
0.15,-0.2,mvnorm,lognormal,True,6.115722908520821e-12
0.15,-0.2,mvnorm,lognormal,True,6.2481701264635944e-21
0.15,-0.2,mvnorm,lognormal,True,0.11936265789932426
0.15,-0.2,mvnorm,lognormal,True,0.08564594655432796
0.15,-0.2,mvnorm,lognormal,True,0.0013543834239837338
0.15,-0.2,mvnorm,lognormal,True,1.2442542358070235e-08
0.15,-0.2,mvnorm,lognormal,True,0.0005497283404180675
0.15,-0.2,mvnorm,lognormal,True,0.1417602999303052
0.15,-0.2,mvnorm,lognormal,True,0.2585830958367703
0.15,-0.2,mvnorm,lognormal,True,0.03873182107797578
0.15,-0.2,mvnorm,lognormal,True,1.0232821756521575e-12
0.15,-0.2,mvnorm,lognormal,True,2.048565951438713e-05
0.15,-0.2,mvnorm,lognormal,True,2.3137657862407653e-06
0.15,-0.2,mvnorm,lognormal,True,1.5617882372888645e-15
0.15,-0.2,mvnorm,lognormal,True,5.020724228794877e-13
0.15,-0.2,mvnorm,lognormal,True,4.3510195036724185e-11
0.15,-0.2,mvnorm,lognormal,True,0.0011239806509262184
0.15,-0.2,mvnorm,lognormal,True,0.00013820124198548936
0.15,-0.2,mvnorm,lognormal,True,8.01804574383972e-06
0.15,-0.2,mvnorm,lognormal,True,2.137915296377942e-11
0.15,-0.2,mvnorm,lognormal,True,3.0273858417517453e-07
0.15,-0.2,mvnorm,lognormal,True,0.16108524013315587
0.15,-0.2,mvnorm,lognormal,True,0.00010027431702399084
0.15,-0.2,mvnorm,lognormal,True,0.017049153074451828
0.15,-0.2,mvnorm,lognormal,True,0.0403758672355006
0.15,-0.2,mvnorm,lognormal,True,5.8724005910324803e-05
0.15,-0.2,mvnorm,lognormal,True,0.06232238317574309
0.15,-0.2,mvnorm,lognormal,True,5.478682655420196e-06
0.15,-0.2,mvnorm,lognormal,True,2.9322794641830986e-05
0.15,-0.2,mvnorm,lognormal,True,3.1970682067759776e-15
0.15,-0.2,mvnorm,lognormal,True,4.9792415355960386e-06
0.15,-0.2,mvnorm,lognormal,True,0.25182596557119374
0.15,-0.2,mvnorm,lognormal,True,0.20129879609129656
0.15,-0.2,mvnorm,lognormal,True,9.35895278964216e-05
0.15,-0.2,mvnorm,lognormal,True,0.0002972111914640189
0.15,-0.2,mvnorm,lognormal,True,5.2589342595945204e-11
0.15,-0.2,mvnorm,lognormal,True,3.3844645263092987e-07
0.15,-0.2,mvnorm,lognormal,True,0.42326969943101145
0.15,-0.2,mvnorm,lognormal,True,2.3261503013823187e-11
0.15,-0.2,mvnorm,lognormal,True,1.516099764781742e-07
0.15,-0.2,mvnorm,lognormal,True,0.0025838664030779046
0.15,-0.2,mvnorm,lognormal,True,8.664710522584302e-11
0.15,-0.2,mvnorm,lognormal,True,0.01032392704193453
0.15,-0.2,mvnorm,lognormal,True,0.025012111845113587
0.15,-0.2,mvnorm,lognormal,True,4.0345514162884e-05
0.15,-0.2,mvnorm,lognormal,True,1.5201633690959162e-05
0.15,-0.2,mvnorm,lognormal,True,2.532897439604744e-07
0.15,-0.2,mvnorm,lognormal,True,0.38711091955860677
0.15,-0.2,mvnorm,lognormal,True,2.187571907427715e-15
0.15,-0.2,mvnorm,lognormal,True,0.00021522246298180583
0.15,-0.2,mvnorm,lognormal,True,0.003856489892080752
0.15,-0.2,mvnorm,lognormal,True,0.004756396788922033
0.15,-0.2,mvnorm,lognormal,True,6.5964612088354e-13
0.15,-0.2,mvnorm,lognormal,True,0.00033318297054274866
0.15,-0.2,mvnorm,lognormal,True,6.615937459706034e-05
0.15,-0.2,mvnorm,lognormal,True,0.01688000829219239
0.15,-0.2,mvnorm,lognormal,True,0.24561974936643455
0.15,-0.2,mvnorm,lognormal,True,0.0013944475435394876
0.15,-0.2,mvnorm,lognormal,True,1.6512995893946623e-09
0.15,-0.2,mvnorm,lognormal,True,0.2527458547800519
0.15,-0.2,mvnorm,lognormal,True,0.0006785541451733505
0.15,-0.2,mvnorm,lognormal,True,2.6790121071600916e-09
0.15,-0.2,mvnorm,lognormal,True,2.7492393286249702e-09
0.15,-0.2,mvnorm,lognormal,True,0.972837195231355
0.15,-0.2,mvnorm,lognormal,True,0.0001969822682310178
0.15,-0.2,mvnorm,lognormal,True,0.0013471975533256673
0.15,-0.2,mvnorm,lognormal,True,0.01093983782772197
0.15,-0.2,mvnorm,lognormal,True,2.4861910837404316e-08
0.15,-0.2,mvnorm,lognormal,True,3.1592742380233457e-16
0.15,-0.2,mvnorm,lognormal,True,0.0773954119652056
0.15,-0.2,mvnorm,lognormal,True,0.021945216682062507
0.15,-0.2,mvnorm,lognormal,True,0.9676369587081897
0.15,-0.2,mvnorm,lognormal,True,4.1406776874885197e-13
0.15,-0.2,mvnorm,lognormal,True,4.51851799446935e-05
0.15,-0.2,mvnorm,lognormal,True,0.032561688820992606
0.15,-0.2,mvnorm,lognormal,True,0.812530871211498
0.15,-0.2,mvnorm,lognormal,True,2.043578825317171e-12
0.15,-0.2,mvnorm,lognormal,True,2.4024680652612437e-05
0.15,-0.2,mvnorm,lognormal,True,0.04605604921670435
0.15,-0.2,mvnorm,lognormal,True,0.006467372810389366
0.15,-0.2,mvnorm,lognormal,True,0.10596730944689156
0.15,-0.2,mvnorm,lognormal,True,0.005431819397382643
0.15,-0.2,mvnorm,lognormal,True,0.04205127090571211
0.15,-0.2,mvnorm,lognormal,True,1.2126945887993342e-05
0.15,-0.2,mvnorm,lognormal,True,0.009514132337831225
0.15,-0.2,mvnorm,lognormal,True,0.09766399819106025
0.15,-0.2,mvnorm,lognormal,True,0.7421684153525887
0.15,-0.2,mvnorm,lognormal,True,2.6580602606453496e-16
0.15,-0.2,mvnorm,lognormal,True,0.0005375286387460771
0.15,-0.2,mvnorm,lognormal,True,8.38305299987328e-14
0.15,-0.2,mvnorm,lognormal,True,0.0007407195801008093
0.15,-0.2,mvnorm,lognormal,True,1.0550271676292009e-06
0.15,-0.2,mvnorm,lognormal,True,4.697619634835477e-13
0.15,-0.2,mvnorm,lognormal,True,5.6792040557722934e-09
0.15,-0.2,mvnorm,lognormal,True,2.6748642853337612e-12
0.15,-0.2,mvnorm,lognormal,True,0.004318007557224725
0.15,-0.2,mvnorm,lognormal,True,0.042899143109981074
0.15,-0.2,mvnorm,lognormal,True,0.4525222691909736
0.15,-0.2,mvnorm,lognormal,True,5.714259801090222e-19
0.15,-0.2,mvnorm,lognormal,True,0.26242129664395264
0.15,-0.2,mvnorm,lognormal,True,4.5006249732111336e-05
0.15,-0.2,mvnorm,lognormal,True,0.03632561867100794
0.15,-0.2,mvnorm,lognormal,True,0.33436161240247103
0.15,-0.2,mvnorm,lognormal,True,1.2869365281586242e-05
0.15,-0.2,mvnorm,lognormal,True,0.05705878751820026
0.15,-0.2,mvnorm,lognormal,True,4.0278731403648823e-10
0.15,-0.2,mvnorm,lognormal,True,3.7135623694661246e-09
0.15,-0.2,mvnorm,lognormal,True,0.7480186183647551
0.15,-0.2,mvnorm,lognormal,True,4.515533153013974e-10
0.15,-0.2,mvnorm,lognormal,True,6.689537466924439e-05
0.15,-0.2,mvnorm,lognormal,True,0.052828655423290065
0.15,-0.2,mvnorm,lognormal,True,0.3224825104761594
0.15,-0.2,mvnorm,lognormal,True,5.201979289146514e-07
0.15,-0.2,mvnorm,lognormal,True,8.304895192123051e-11
0.15,-0.2,mvnorm,lognormal,True,0.004463836921665532
0.15,-0.2,mvnorm,lognormal,True,0.1429282102090361
0.15,-0.2,mvnorm,lognormal,True,0.8175565947327131
0.15,-0.2,mvnorm,lognormal,True,4.496044928986736e-12
0.15,-0.2,mvnorm,lognormal,True,5.706272380767256e-06
0.15,-0.2,mvnorm,lognormal,True,0.007720055197703606
0.15,-0.2,mvnorm,lognormal,True,4.822777470460818e-09
0.15,-0.2,mvnorm,lognormal,True,0.0021671380556508952
0.15,-0.2,mvnorm,lognormal,True,0.03335885977994006
0.15,-0.2,mvnorm,lognormal,True,0.028776764319858365
0.15,-0.2,mvnorm,lognormal,True,0.001423446020290377
0.15,-0.2,mvnorm,lognormal,True,1.7972444702783595e-09
0.15,-0.2,mvnorm,lognormal,True,0.0035845635481096044
0.15,-0.2,mvnorm,lognormal,True,0.07561079043606142
0.15,-0.2,mvnorm,lognormal,True,8.352699761727504e-09
0.15,-0.2,mvnorm,lognormal,True,0.0014651224611242752
0.15,-0.2,mvnorm,lognormal,True,3.36867491399036e-17
0.15,-0.2,mvnorm,lognormal,True,1.5916596463577488e-14
0.15,-0.2,mvnorm,lognormal,True,0.1707949113148815
0.15,-0.2,mvnorm,lognormal,True,1.1605199154000103e-06
0.15,-0.2,mvnorm,lognormal,True,1.8030810594563303e-22
0.15,-0.2,mvnorm,lognormal,True,5.113225574666966e-05
0.15,-0.2,mvnorm,lognormal,True,0.005731556952947955
0.15,-0.2,mvnorm,lognormal,True,5.2374609719089514e-14
0.15,-0.2,mvnorm,lognormal,True,0.270423166011916
0.15,-0.2,mvnorm,lognormal,True,0.0003650899517994196
0.15,-0.2,mvnorm,lognormal,True,0.001437393180141956
0.15,-0.2,mvnorm,lognormal,True,0.1471073497434429
0.15,-0.2,mvnorm,lognormal,True,0.046482323014812206
0.15,-0.2,mvnorm,lognormal,True,1.3325128628909655e-08
0.15,-0.2,mvnorm,lognormal,True,1.8451142412750473e-06
0.15,-0.2,mvnorm,lognormal,True,0.0004940356072847337
0.15,-0.2,mvnorm,lognormal,True,1.0917640074045105e-07
0.15,-0.2,mvnorm,lognormal,True,0.07492416694116277
0.15,-0.2,mvnorm,lognormal,True,2.3731423423727043e-10
0.15,-0.2,mvnorm,lognormal,True,0.8437758348334103
0.15,-0.2,mvnorm,lognormal,True,0.0010581481779423727
0.15,-0.2,mvnorm,lognormal,True,0.013803288158622097
