tau,rho,est,dist,obs_conf,pvals
0.0,0.0,mvnorm,lognormal,True,0.06858546788569608
0.0,0.0,mvnorm,lognormal,True,0.15317394950315033
0.0,0.0,mvnorm,lognormal,True,0.19435513824503423
0.0,0.0,mvnorm,lognormal,True,0.00326533368141755
0.0,0.0,mvnorm,lognormal,True,0.44114732846604177
0.0,0.0,mvnorm,lognormal,True,0.8428663959638957
0.0,0.0,mvnorm,lognormal,True,0.29246625490516354
0.0,0.0,mvnorm,lognormal,True,0.00010781404508006332
0.0,0.0,mvnorm,lognormal,True,7.879778972128206e-05
0.0,0.0,mvnorm,lognormal,True,0.007352234428415942
0.0,0.0,mvnorm,lognormal,True,0.012766841055574027
0.0,0.0,mvnorm,lognormal,True,0.004807641551092246
0.0,0.0,mvnorm,lognormal,True,0.08504894671115094
0.0,0.0,mvnorm,lognormal,True,0.08185635362166481
0.0,0.0,mvnorm,lognormal,True,0.331092979363247
0.0,0.0,mvnorm,lognormal,True,0.03279140328588254
0.0,0.0,mvnorm,lognormal,True,0.033508146495280174
0.0,0.0,mvnorm,lognormal,True,0.7026682777988557
0.0,0.0,mvnorm,lognormal,True,0.5389267277735766
0.0,0.0,mvnorm,lognormal,True,5.4453179618237e-07
0.0,0.0,mvnorm,lognormal,True,0.0049134639177722
0.0,0.0,mvnorm,lognormal,True,0.41961706523878406
0.0,0.0,mvnorm,lognormal,True,0.0006413975303959782
0.0,0.0,mvnorm,lognormal,True,0.891448135650807
0.0,0.0,mvnorm,lognormal,True,0.08419628286144139
0.0,0.0,mvnorm,lognormal,True,0.5969347780153824
0.0,0.0,mvnorm,lognormal,True,0.012199012441015514
0.0,0.0,mvnorm,lognormal,True,0.002087660786914384
0.0,0.0,mvnorm,lognormal,True,0.26095141690199675
0.0,0.0,mvnorm,lognormal,True,0.046931309096984425
0.0,0.0,mvnorm,lognormal,True,3.491064176202391e-06
0.0,0.0,mvnorm,lognormal,True,0.786083662093179
0.0,0.0,mvnorm,lognormal,True,0.064286916702938
0.0,0.0,mvnorm,lognormal,True,0.658287318427845
0.0,0.0,mvnorm,lognormal,True,0.2562552079642594
0.0,0.0,mvnorm,lognormal,True,0.9884988958095556
0.0,0.0,mvnorm,lognormal,True,0.7640493964511499
0.0,0.0,mvnorm,lognormal,True,0.36214801251910045
0.0,0.0,mvnorm,lognormal,True,0.0039806892325470805
0.0,0.0,mvnorm,lognormal,True,0.16740037210891523
0.0,0.0,mvnorm,lognormal,True,0.04242741038126397
0.0,0.0,mvnorm,lognormal,True,0.10302029461870037
0.0,0.0,mvnorm,lognormal,True,5.710642647621653e-06
0.0,0.0,mvnorm,lognormal,True,0.7659779176316854
0.0,0.0,mvnorm,lognormal,True,0.2589187593574193
0.0,0.0,mvnorm,lognormal,True,0.3746507495519289
0.0,0.0,mvnorm,lognormal,True,1.4138331511909694e-05
0.0,0.0,mvnorm,lognormal,True,0.43164151665367
0.0,0.0,mvnorm,lognormal,True,0.12417129541003748
0.0,0.0,mvnorm,lognormal,True,0.002257006057758858
0.0,0.0,mvnorm,lognormal,True,0.005540817393970676
0.0,0.0,mvnorm,lognormal,True,0.05929449739909764
0.0,0.0,mvnorm,lognormal,True,0.00016658053503573018
0.0,0.0,mvnorm,lognormal,True,3.573599886533543e-05
0.0,0.0,mvnorm,lognormal,True,0.0024393510067023576
0.0,0.0,mvnorm,lognormal,True,0.9695949823369706
0.0,0.0,mvnorm,lognormal,True,0.2539119716416002
0.0,0.0,mvnorm,lognormal,True,0.025035613695381195
0.0,0.0,mvnorm,lognormal,True,0.017521278363932684
0.0,0.0,mvnorm,lognormal,True,0.9318955542911577
0.0,0.0,mvnorm,lognormal,True,0.402759342156653
0.0,0.0,mvnorm,lognormal,True,3.215183410468898e-05
0.0,0.0,mvnorm,lognormal,True,0.2778605906624119
0.0,0.0,mvnorm,lognormal,True,0.018032962951200562
0.0,0.0,mvnorm,lognormal,True,0.07605879032214713
0.0,0.0,mvnorm,lognormal,True,0.35987958893341365
0.0,0.0,mvnorm,lognormal,True,0.8936514194466199
0.0,0.0,mvnorm,lognormal,True,0.05930685863628396
0.0,0.0,mvnorm,lognormal,True,0.0018370635526437516
0.0,0.0,mvnorm,lognormal,True,0.1397482422957779
0.0,0.0,mvnorm,lognormal,True,0.00021392294829537128
0.0,0.0,mvnorm,lognormal,True,0.03996379636929541
0.0,0.0,mvnorm,lognormal,True,0.12444968502268855
0.0,0.0,mvnorm,lognormal,True,0.008461793933394201
0.0,0.0,mvnorm,lognormal,True,0.03819263839275109
0.0,0.0,mvnorm,lognormal,True,0.004037464637452502
0.0,0.0,mvnorm,lognormal,True,0.008015779837675
0.0,0.0,mvnorm,lognormal,True,0.011229234873008214
0.0,0.0,mvnorm,lognormal,True,0.9557077793566575
0.0,0.0,mvnorm,lognormal,True,3.2122254069459884e-12
0.0,0.0,mvnorm,lognormal,True,0.8982811613095967
0.0,0.0,mvnorm,lognormal,True,0.0009830411511121886
0.0,0.0,mvnorm,lognormal,True,0.44149936788180266
0.0,0.0,mvnorm,lognormal,True,0.9573107362210818
0.0,0.0,mvnorm,lognormal,True,0.029799404033037012
0.0,0.0,mvnorm,lognormal,True,0.06813115143031935
0.0,0.0,mvnorm,lognormal,True,0.10152511804658905
0.0,0.0,mvnorm,lognormal,True,0.5498125901552178
0.0,0.0,mvnorm,lognormal,True,0.4219416528891008
0.0,0.0,mvnorm,lognormal,True,0.08387891634223901
0.0,0.0,mvnorm,lognormal,True,0.005516282401974011
0.0,0.0,mvnorm,lognormal,True,0.33333288759834534
0.0,0.0,mvnorm,lognormal,True,0.0004003139776409368
0.0,0.0,mvnorm,lognormal,True,0.9161319377250712
0.0,0.0,mvnorm,lognormal,True,0.4602521805492923
0.0,0.0,mvnorm,lognormal,True,0.25847898473589975
0.0,0.0,mvnorm,lognormal,True,0.056275565309833846
0.0,0.0,mvnorm,lognormal,True,0.07013180368702022
0.0,0.0,mvnorm,lognormal,True,0.030620948524184722
0.0,0.0,mvnorm,lognormal,True,2.233289449130312e-05
0.0,0.0,mvnorm,lognormal,True,0.004447472162787689
0.0,0.0,mvnorm,lognormal,True,0.08440549948116303
0.0,0.0,mvnorm,lognormal,True,0.8643660871532093
0.0,0.0,mvnorm,lognormal,True,0.005362975318333192
0.0,0.0,mvnorm,lognormal,True,0.07596903154265942
0.0,0.0,mvnorm,lognormal,True,0.01206722652072499
0.0,0.0,mvnorm,lognormal,True,7.605370793784456e-06
0.0,0.0,mvnorm,lognormal,True,3.4061976025672784e-05
0.0,0.0,mvnorm,lognormal,True,0.005481660858337655
0.0,0.0,mvnorm,lognormal,True,0.0006444612798528969
0.0,0.0,mvnorm,lognormal,True,0.025020186417558432
0.0,0.0,mvnorm,lognormal,True,0.0043535859389270525
0.0,0.0,mvnorm,lognormal,True,0.4430997496382997
0.0,0.0,mvnorm,lognormal,True,0.12255266895854151
0.0,0.0,mvnorm,lognormal,True,0.5231320508588013
0.0,0.0,mvnorm,lognormal,True,0.49786735871878574
0.0,0.0,mvnorm,lognormal,True,0.24702675313200656
0.0,0.0,mvnorm,lognormal,True,0.9219528857169493
0.0,0.0,mvnorm,lognormal,True,0.021239027640245073
0.0,0.0,mvnorm,lognormal,True,5.169976140434166e-05
0.0,0.0,mvnorm,lognormal,True,0.008109230257413698
0.0,0.0,mvnorm,lognormal,True,0.7807097311206522
0.0,0.0,mvnorm,lognormal,True,0.01398250623590361
0.0,0.0,mvnorm,lognormal,True,0.00020611126910807893
0.0,0.0,mvnorm,lognormal,True,5.303699758565153e-06
0.0,0.0,mvnorm,lognormal,True,0.22928606298734072
0.0,0.0,mvnorm,lognormal,True,0.20869871947345045
0.0,0.0,mvnorm,lognormal,True,5.00029389551005e-07
0.0,0.0,mvnorm,lognormal,True,0.29155360364468014
0.0,0.0,mvnorm,lognormal,True,0.9208053036327223
0.0,0.0,mvnorm,lognormal,True,0.07693335893654414
0.0,0.0,mvnorm,lognormal,True,0.23275253184307312
0.0,0.0,mvnorm,lognormal,True,0.1381107701191531
0.0,0.0,mvnorm,lognormal,True,0.8660631352079954
0.0,0.0,mvnorm,lognormal,True,0.023763731582028016
0.0,0.0,mvnorm,lognormal,True,0.007660268906382725
0.0,0.0,mvnorm,lognormal,True,0.15354747936122218
0.0,0.0,mvnorm,lognormal,True,0.8692967588091383
0.0,0.0,mvnorm,lognormal,True,0.8093435726309633
0.0,0.0,mvnorm,lognormal,True,0.27910649574826324
0.0,0.0,mvnorm,lognormal,True,0.10946771562319295
0.0,0.0,mvnorm,lognormal,True,0.9203162397358756
0.0,0.0,mvnorm,lognormal,True,0.05162930619054789
0.0,0.0,mvnorm,lognormal,True,0.7507237170941213
0.0,0.0,mvnorm,lognormal,True,0.9620383613333474
0.0,0.0,mvnorm,lognormal,True,0.07142641660803294
0.0,0.0,mvnorm,lognormal,True,0.00014252850008185397
0.0,0.0,mvnorm,lognormal,True,0.23174022672046352
0.0,0.0,mvnorm,lognormal,True,0.0007217184188579985
0.0,0.0,mvnorm,lognormal,True,0.15000129668924964
0.0,0.0,mvnorm,lognormal,True,0.00018354311407215533
0.0,0.0,mvnorm,lognormal,True,0.3438559986701377
0.0,0.0,mvnorm,lognormal,True,0.1550451367925091
0.0,0.0,mvnorm,lognormal,True,0.6386519985667172
0.0,0.0,mvnorm,lognormal,True,0.04783740403170346
0.0,0.0,mvnorm,lognormal,True,0.0012939376317648217
0.0,0.0,mvnorm,lognormal,True,0.00012950644676667594
0.0,0.0,mvnorm,lognormal,True,0.6713267785486747
0.0,0.0,mvnorm,lognormal,True,6.906361178329142e-06
0.0,0.0,mvnorm,lognormal,True,0.00876715316219312
0.0,0.0,mvnorm,lognormal,True,0.16585123745511632
0.0,0.0,mvnorm,lognormal,True,0.028792825521828748
0.0,0.0,mvnorm,lognormal,True,0.2939535789594162
0.0,0.0,mvnorm,lognormal,True,0.011719184422914168
0.0,0.0,mvnorm,lognormal,True,0.12130028204817526
0.0,0.0,mvnorm,lognormal,True,2.874466797332884e-09
0.0,0.0,mvnorm,lognormal,True,0.5054122958865901
0.0,0.0,mvnorm,lognormal,True,0.956953498710528
0.0,0.0,mvnorm,lognormal,True,0.0001066693912944187
0.0,0.0,mvnorm,lognormal,True,5.655659623650798e-05
0.0,0.0,mvnorm,lognormal,True,0.00227380102906093
0.0,0.0,mvnorm,lognormal,True,0.4040080105538656
0.0,0.0,mvnorm,lognormal,True,0.009042886507334128
0.0,0.0,mvnorm,lognormal,True,0.7152522381492035
0.0,0.0,mvnorm,lognormal,True,0.3853979169478675
0.0,0.0,mvnorm,lognormal,True,0.16678783886075582
0.0,0.0,mvnorm,lognormal,True,0.5631664394245048
0.0,0.0,mvnorm,lognormal,True,0.11774578353152526
0.0,0.0,mvnorm,lognormal,True,0.03512318287023307
0.0,0.0,mvnorm,lognormal,True,0.04230628955942783
0.0,0.0,mvnorm,lognormal,True,0.9356168249735067
0.0,0.0,mvnorm,lognormal,True,4.0566050776308486e-09
0.0,0.0,mvnorm,lognormal,True,0.04060154825029279
0.0,0.0,mvnorm,lognormal,True,0.22448463016408196
0.0,0.0,mvnorm,lognormal,True,0.5591307381009687
0.0,0.0,mvnorm,lognormal,True,0.4412783996205575
0.0,0.0,mvnorm,lognormal,True,0.0036475512959772056
0.0,0.0,mvnorm,lognormal,True,0.17869404376937048
0.0,0.0,mvnorm,lognormal,True,0.8112882916774825
0.0,0.0,mvnorm,lognormal,True,0.021375138248932262
0.0,0.0,mvnorm,lognormal,True,0.49069437205010047
0.0,0.0,mvnorm,lognormal,True,0.002508453742722334
0.0,0.0,mvnorm,lognormal,True,9.395218512212931e-05
0.0,0.0,mvnorm,lognormal,True,0.05204045366277503
0.0,0.0,mvnorm,lognormal,True,0.03899071459334531
0.0,0.0,mvnorm,lognormal,True,0.05731645250480968
0.0,0.0,mvnorm,lognormal,True,8.131536055415479e-06
0.0,0.0,mvnorm,lognormal,True,0.5611749653376066
0.0,0.0,mvnorm,lognormal,True,0.34698411883313074
0.0,0.0,mvnorm,lognormal,True,0.0035047234163038017
