tau,rho,est,dist,obs_conf,pvals
0.15,0.0,lognorm,lognormal,True,0.06966121917630233
0.15,0.0,lognorm,lognormal,True,2.2388341232463025e-05
0.15,0.0,lognorm,lognormal,True,0.01606355708890734
0.15,0.0,lognorm,lognormal,True,0.8911606484299138
0.15,0.0,lognorm,lognormal,True,6.974139743377025e-06
0.15,0.0,lognorm,lognormal,True,0.7126327692881416
0.15,0.0,lognorm,lognormal,True,2.93384771872534e-11
0.15,0.0,lognorm,lognormal,True,0.0008481963202902525
0.15,0.0,lognorm,lognormal,True,0.009693007395475274
0.15,0.0,lognorm,lognormal,True,0.006564698227861549
0.15,0.0,lognorm,lognormal,True,0.0060100143202167075
0.15,0.0,lognorm,lognormal,True,7.522975772703264e-09
0.15,0.0,lognorm,lognormal,True,0.004743682192397465
0.15,0.0,lognorm,lognormal,True,3.619557355417342e-07
0.15,0.0,lognorm,lognormal,True,3.7645264631732864e-05
0.15,0.0,lognorm,lognormal,True,2.3215781929191935e-05
0.15,0.0,lognorm,lognormal,True,2.402083707675456e-07
0.15,0.0,lognorm,lognormal,True,0.01836137875717491
0.15,0.0,lognorm,lognormal,True,0.013004804892866068
0.15,0.0,lognorm,lognormal,True,0.11736181304957999
0.15,0.0,lognorm,lognormal,True,5.919955103800758e-07
0.15,0.0,lognorm,lognormal,True,0.009908261452222763
0.15,0.0,lognorm,lognormal,True,0.00486747629553045
0.15,0.0,lognorm,lognormal,True,0.9640835175946604
0.15,0.0,lognorm,lognormal,True,0.007329988185591548
0.15,0.0,lognorm,lognormal,True,3.2378776613558953e-09
0.15,0.0,lognorm,lognormal,True,1.8542484480546888e-06
0.15,0.0,lognorm,lognormal,True,0.0014350799113737535
0.15,0.0,lognorm,lognormal,True,1.213991500127698e-13
0.15,0.0,lognorm,lognormal,True,0.042073667848890654
0.15,0.0,lognorm,lognormal,True,0.8864391302585571
0.15,0.0,lognorm,lognormal,True,0.001112936249039797
0.15,0.0,lognorm,lognormal,True,0.0035600205374117723
0.15,0.0,lognorm,lognormal,True,0.006627608802326712
0.15,0.0,lognorm,lognormal,True,0.00015557112538567856
0.15,0.0,lognorm,lognormal,True,0.9999548567443657
0.15,0.0,lognorm,lognormal,True,2.8994637272713248e-05
0.15,0.0,lognorm,lognormal,True,0.004587977199254494
0.15,0.0,lognorm,lognormal,True,0.025907834663123436
0.15,0.0,lognorm,lognormal,True,0.44956340453751364
0.15,0.0,lognorm,lognormal,True,6.331336338587426e-08
0.15,0.0,lognorm,lognormal,True,0.43018177757020715
0.15,0.0,lognorm,lognormal,True,3.8107794606866757e-07
0.15,0.0,lognorm,lognormal,True,5.7139452261189887e-08
0.15,0.0,lognorm,lognormal,True,0.4225287401476536
0.15,0.0,lognorm,lognormal,True,4.854031872909829e-06
0.15,0.0,lognorm,lognormal,True,0.00028739610970234577
0.15,0.0,lognorm,lognormal,True,0.006838335587075139
0.15,0.0,lognorm,lognormal,True,0.4015953084288095
0.15,0.0,lognorm,lognormal,True,2.5908737562292483e-06
0.15,0.0,lognorm,lognormal,True,0.0005672255819171273
0.15,0.0,lognorm,lognormal,True,8.25329914654394e-12
0.15,0.0,lognorm,lognormal,True,3.8968387312079676e-05
0.15,0.0,lognorm,lognormal,True,0.003173754990789191
0.15,0.0,lognorm,lognormal,True,0.0001314969337213953
0.15,0.0,lognorm,lognormal,True,0.0034489275290552463
0.15,0.0,lognorm,lognormal,True,1.6909050371331334e-06
0.15,0.0,lognorm,lognormal,True,2.7113366769120777e-06
0.15,0.0,lognorm,lognormal,True,0.009744371659752917
0.15,0.0,lognorm,lognormal,True,0.00010508035657014504
0.15,0.0,lognorm,lognormal,True,1.7046115907885725e-06
0.15,0.0,lognorm,lognormal,True,0.020642048597347484
0.15,0.0,lognorm,lognormal,True,0.7405144695981873
0.15,0.0,lognorm,lognormal,True,6.25023003769429e-08
0.15,0.0,lognorm,lognormal,True,0.00014898300310646525
0.15,0.0,lognorm,lognormal,True,0.0008032087758550015
0.15,0.0,lognorm,lognormal,True,0.12184057292059867
0.15,0.0,lognorm,lognormal,True,0.04952892867554901
0.15,0.0,lognorm,lognormal,True,0.0005006499825203887
0.15,0.0,lognorm,lognormal,True,0.4828630041098143
0.15,0.0,lognorm,lognormal,True,2.4734963758037775e-12
0.15,0.0,lognorm,lognormal,True,0.5661029194852698
0.15,0.0,lognorm,lognormal,True,0.117529366454116
0.15,0.0,lognorm,lognormal,True,7.632560523054412e-12
0.15,0.0,lognorm,lognormal,True,8.619619624166636e-07
0.15,0.0,lognorm,lognormal,True,0.16522867171917194
0.15,0.0,lognorm,lognormal,True,0.0004189185730124751
0.15,0.0,lognorm,lognormal,True,2.563067162341551e-06
0.15,0.0,lognorm,lognormal,True,0.7131321111445775
0.15,0.0,lognorm,lognormal,True,0.10648774093054016
0.15,0.0,lognorm,lognormal,True,0.3274312090865827
0.15,0.0,lognorm,lognormal,True,0.06267345709713285
0.15,0.0,lognorm,lognormal,True,0.12914440401800567
0.15,0.0,lognorm,lognormal,True,6.527400346749697e-06
0.15,0.0,lognorm,lognormal,True,1.0878841648837789e-08
0.15,0.0,lognorm,lognormal,True,7.391291511426074e-08
0.15,0.0,lognorm,lognormal,True,0.09327728690980007
0.15,0.0,lognorm,lognormal,True,0.1107053347173346
0.15,0.0,lognorm,lognormal,True,4.54144349377123e-06
0.15,0.0,lognorm,lognormal,True,0.23502474587644337
0.15,0.0,lognorm,lognormal,True,4.0253433946337765e-09
0.15,0.0,lognorm,lognormal,True,0.043616495415368974
0.15,0.0,lognorm,lognormal,True,0.001676069484109199
0.15,0.0,lognorm,lognormal,True,0.013477708280213729
0.15,0.0,lognorm,lognormal,True,7.806058171104804e-07
0.15,0.0,lognorm,lognormal,True,0.03031568795765991
0.15,0.0,lognorm,lognormal,True,0.5922234297525029
0.15,0.0,lognorm,lognormal,True,0.00036530134771911
0.15,0.0,lognorm,lognormal,True,0.2987039526958613
0.15,0.0,lognorm,lognormal,True,0.002560737325060006
0.15,0.0,lognorm,lognormal,True,3.306702714806196e-05
0.15,0.0,lognorm,lognormal,True,6.786045595385556e-06
0.15,0.0,lognorm,lognormal,True,0.00041367120820274644
0.15,0.0,lognorm,lognormal,True,0.11997446792364433
0.15,0.0,lognorm,lognormal,True,0.2411433920111483
0.15,0.0,lognorm,lognormal,True,0.49627502530824175
0.15,0.0,lognorm,lognormal,True,0.00010688895497210314
0.15,0.0,lognorm,lognormal,True,6.199482226422563e-06
0.15,0.0,lognorm,lognormal,True,0.21175863738073486
0.15,0.0,lognorm,lognormal,True,2.9145060590739273e-07
0.15,0.0,lognorm,lognormal,True,2.728448174189348e-05
0.15,0.0,lognorm,lognormal,True,2.6749627962633908e-06
0.15,0.0,lognorm,lognormal,True,1.7280102695444603e-12
0.15,0.0,lognorm,lognormal,True,2.7140836975067006e-05
0.15,0.0,lognorm,lognormal,True,0.0015540537864458992
0.15,0.0,lognorm,lognormal,True,0.0013393618195382674
0.15,0.0,lognorm,lognormal,True,1.4950474753048316e-08
0.15,0.0,lognorm,lognormal,True,0.9829984756591233
0.15,0.0,lognorm,lognormal,True,0.001241037490158483
0.15,0.0,lognorm,lognormal,True,2.0091076155221354e-06
0.15,0.0,lognorm,lognormal,True,0.0501288934231661
0.15,0.0,lognorm,lognormal,True,8.890613183037294e-06
0.15,0.0,lognorm,lognormal,True,0.00028471356813896374
0.15,0.0,lognorm,lognormal,True,0.0005629479541930805
0.15,0.0,lognorm,lognormal,True,0.23126388367610465
0.15,0.0,lognorm,lognormal,True,6.626218332421948e-06
0.15,0.0,lognorm,lognormal,True,0.8980388556774335
0.15,0.0,lognorm,lognormal,True,3.265499856322506e-07
0.15,0.0,lognorm,lognormal,True,0.005821760745833332
0.15,0.0,lognorm,lognormal,True,0.029346486097073597
0.15,0.0,lognorm,lognormal,True,1.9471402759350934e-08
0.15,0.0,lognorm,lognormal,True,1.1150720354328804e-06
0.15,0.0,lognorm,lognormal,True,2.418586724689304e-06
0.15,0.0,lognorm,lognormal,True,0.011632485390428667
0.15,0.0,lognorm,lognormal,True,0.008709651527179008
0.15,0.0,lognorm,lognormal,True,0.6088733450766752
0.15,0.0,lognorm,lognormal,True,3.1730907115414335e-05
0.15,0.0,lognorm,lognormal,True,1.0554907364729536e-05
0.15,0.0,lognorm,lognormal,True,0.013186602964422275
0.15,0.0,lognorm,lognormal,True,0.0006958294014332627
0.15,0.0,lognorm,lognormal,True,0.004567900711609662
0.15,0.0,lognorm,lognormal,True,0.20241697533247419
0.15,0.0,lognorm,lognormal,True,0.05567688501979874
0.15,0.0,lognorm,lognormal,True,0.0030150915985396884
0.15,0.0,lognorm,lognormal,True,2.7671361891209105e-07
0.15,0.0,lognorm,lognormal,True,2.448854656716698e-05
0.15,0.0,lognorm,lognormal,True,2.5356243721135833e-10
0.15,0.0,lognorm,lognormal,True,0.0006766337289834535
0.15,0.0,lognorm,lognormal,True,7.241354005141934e-05
0.15,0.0,lognorm,lognormal,True,0.0005851082120371732
0.15,0.0,lognorm,lognormal,True,2.50978086683284e-14
0.15,0.0,lognorm,lognormal,True,0.1276317814665095
0.15,0.0,lognorm,lognormal,True,8.928967470055727e-07
0.15,0.0,lognorm,lognormal,True,0.0003825199252180625
0.15,0.0,lognorm,lognormal,True,0.2954275807552066
0.15,0.0,lognorm,lognormal,True,0.00014125289041215682
0.15,0.0,lognorm,lognormal,True,0.0011167489785911275
0.15,0.0,lognorm,lognormal,True,0.00044748988190845997
0.15,0.0,lognorm,lognormal,True,0.7061242180447187
0.15,0.0,lognorm,lognormal,True,9.237866358004905e-08
0.15,0.0,lognorm,lognormal,True,8.095795051593118e-12
0.15,0.0,lognorm,lognormal,True,0.943402784856373
0.15,0.0,lognorm,lognormal,True,0.015061067685461699
0.15,0.0,lognorm,lognormal,True,1.6634478280395873e-07
0.15,0.0,lognorm,lognormal,True,7.013834388481637e-05
0.15,0.0,lognorm,lognormal,True,0.23849333389942268
0.15,0.0,lognorm,lognormal,True,0.005642028694725904
0.15,0.0,lognorm,lognormal,True,0.5174677632466231
0.15,0.0,lognorm,lognormal,True,0.731418215561505
0.15,0.0,lognorm,lognormal,True,0.00014328045120856983
0.15,0.0,lognorm,lognormal,True,0.016426028762621857
0.15,0.0,lognorm,lognormal,True,0.6811529134501553
0.15,0.0,lognorm,lognormal,True,5.966503422518694e-05
0.15,0.0,lognorm,lognormal,True,0.0018979322009166888
0.15,0.0,lognorm,lognormal,True,0.07004550949585979
0.15,0.0,lognorm,lognormal,True,0.00022625750992942515
0.15,0.0,lognorm,lognormal,True,0.03392428770832172
0.15,0.0,lognorm,lognormal,True,0.0007429897847989039
0.15,0.0,lognorm,lognormal,True,0.04656687875747832
0.15,0.0,lognorm,lognormal,True,5.308684017316781e-05
0.15,0.0,lognorm,lognormal,True,5.80573505056677e-06
0.15,0.0,lognorm,lognormal,True,7.452439158862046e-06
0.15,0.0,lognorm,lognormal,True,3.090303735571551e-05
0.15,0.0,lognorm,lognormal,True,0.0002785229134833075
0.15,0.0,lognorm,lognormal,True,0.5394212640140218
0.15,0.0,lognorm,lognormal,True,1.6422982390477873e-07
0.15,0.0,lognorm,lognormal,True,0.005399865708224044
0.15,0.0,lognorm,lognormal,True,0.13227867912881153
0.15,0.0,lognorm,lognormal,True,0.262846990124712
0.15,0.0,lognorm,lognormal,True,1.5665232447491492e-11
0.15,0.0,lognorm,lognormal,True,0.0006790143320310184
0.15,0.0,lognorm,lognormal,True,0.07814765727798469
0.15,0.0,lognorm,lognormal,True,2.3323238267363356e-05
0.15,0.0,lognorm,lognormal,True,0.22692204936287272
0.15,0.0,lognorm,lognormal,True,0.22743046627696967
0.15,0.0,lognorm,lognormal,True,2.825048753169627e-05
0.15,0.0,lognorm,lognormal,True,0.006409967514765247
0.15,0.0,lognorm,lognormal,True,1.451099243047377e-07
0.15,0.0,lognorm,lognormal,True,0.21432774165473473
0.15,0.0,lognorm,lognormal,True,0.06597811784979589
