tau,rho,est,dist,obs_conf,pvals
0.03,0.2,mvnorm,lognormal,True,0.8436232954699731
0.03,0.2,mvnorm,lognormal,True,0.301465229038002
0.03,0.2,mvnorm,lognormal,True,0.42303329289485647
0.03,0.2,mvnorm,lognormal,True,2.2793154563075358e-05
0.03,0.2,mvnorm,lognormal,True,0.00103484424534113
0.03,0.2,mvnorm,lognormal,True,0.671979051567989
0.03,0.2,mvnorm,lognormal,True,0.5380385644336618
0.03,0.2,mvnorm,lognormal,True,3.850767225627631e-06
0.03,0.2,mvnorm,lognormal,True,2.6357232760315232e-05
0.03,0.2,mvnorm,lognormal,True,1.3792394363465592e-07
0.03,0.2,mvnorm,lognormal,True,0.025295209110623853
0.03,0.2,mvnorm,lognormal,True,0.049889063783841635
0.03,0.2,mvnorm,lognormal,True,0.33609119997196124
0.03,0.2,mvnorm,lognormal,True,0.724627740484758
0.03,0.2,mvnorm,lognormal,True,0.37235932331305877
0.03,0.2,mvnorm,lognormal,True,0.14858527857165763
0.03,0.2,mvnorm,lognormal,True,0.5886535141519859
0.03,0.2,mvnorm,lognormal,True,0.9629043819717584
0.03,0.2,mvnorm,lognormal,True,0.48952104253250683
0.03,0.2,mvnorm,lognormal,True,1.7333509398068662e-12
0.03,0.2,mvnorm,lognormal,True,0.06424606681820277
0.03,0.2,mvnorm,lognormal,True,0.07645710680868112
0.03,0.2,mvnorm,lognormal,True,0.0025660958014966464
0.03,0.2,mvnorm,lognormal,True,0.18674464669828575
0.03,0.2,mvnorm,lognormal,True,0.9250995203733523
0.03,0.2,mvnorm,lognormal,True,0.40391112482170566
0.03,0.2,mvnorm,lognormal,True,0.9829749184482393
0.03,0.2,mvnorm,lognormal,True,0.001627606535148392
0.03,0.2,mvnorm,lognormal,True,0.18076212340064562
0.03,0.2,mvnorm,lognormal,True,0.9443991017502905
0.03,0.2,mvnorm,lognormal,True,7.442151364595231e-08
0.03,0.2,mvnorm,lognormal,True,7.929966491127875e-05
0.03,0.2,mvnorm,lognormal,True,2.6890370112046674e-05
0.03,0.2,mvnorm,lognormal,True,0.9170445561227518
0.03,0.2,mvnorm,lognormal,True,0.18130851202759868
0.03,0.2,mvnorm,lognormal,True,0.9232443122637256
0.03,0.2,mvnorm,lognormal,True,0.7532800567978865
0.03,0.2,mvnorm,lognormal,True,0.5205813798994502
0.03,0.2,mvnorm,lognormal,True,0.4071013871648933
0.03,0.2,mvnorm,lognormal,True,0.02444540760578984
0.03,0.2,mvnorm,lognormal,True,0.08080269024044634
0.03,0.2,mvnorm,lognormal,True,0.5754850053183371
0.03,0.2,mvnorm,lognormal,True,1.4522278544326884e-08
0.03,0.2,mvnorm,lognormal,True,0.45501107959003073
0.03,0.2,mvnorm,lognormal,True,0.0009469818051698534
0.03,0.2,mvnorm,lognormal,True,0.03395329395250808
0.03,0.2,mvnorm,lognormal,True,0.0007825303313967289
0.03,0.2,mvnorm,lognormal,True,0.1594408356932639
0.03,0.2,mvnorm,lognormal,True,0.24665222804295436
0.03,0.2,mvnorm,lognormal,True,0.9057407551365547
0.03,0.2,mvnorm,lognormal,True,0.0010067543849148653
0.03,0.2,mvnorm,lognormal,True,0.17129998080579176
0.03,0.2,mvnorm,lognormal,True,0.0008328718434574864
0.03,0.2,mvnorm,lognormal,True,0.0002539064730007501
0.03,0.2,mvnorm,lognormal,True,1.3700190093157982e-08
0.03,0.2,mvnorm,lognormal,True,0.6251926943249018
0.03,0.2,mvnorm,lognormal,True,0.20203180948719168
0.03,0.2,mvnorm,lognormal,True,0.5806833988704556
0.03,0.2,mvnorm,lognormal,True,0.05089484095111668
0.03,0.2,mvnorm,lognormal,True,5.45149360753598e-05
0.03,0.2,mvnorm,lognormal,True,0.0026060644509278154
0.03,0.2,mvnorm,lognormal,True,1.0167857093510165e-06
0.03,0.2,mvnorm,lognormal,True,0.1810476245178726
0.03,0.2,mvnorm,lognormal,True,0.3829787472721832
0.03,0.2,mvnorm,lognormal,True,0.04992306571350548
0.03,0.2,mvnorm,lognormal,True,0.009524271986112626
0.03,0.2,mvnorm,lognormal,True,0.12755792996953502
0.03,0.2,mvnorm,lognormal,True,0.1291615080647743
0.03,0.2,mvnorm,lognormal,True,0.262357998934984
0.03,0.2,mvnorm,lognormal,True,0.2585168042592264
0.03,0.2,mvnorm,lognormal,True,8.527062720038516e-05
0.03,0.2,mvnorm,lognormal,True,0.31440473418238557
0.03,0.2,mvnorm,lognormal,True,0.6180285190584858
0.03,0.2,mvnorm,lognormal,True,1.351454748612532e-05
0.03,0.2,mvnorm,lognormal,True,0.23582347782755136
0.03,0.2,mvnorm,lognormal,True,0.0005000581340726619
0.03,0.2,mvnorm,lognormal,True,5.560712162400807e-06
0.03,0.2,mvnorm,lognormal,True,9.807256635414287e-05
0.03,0.2,mvnorm,lognormal,True,0.19822096749100915
0.03,0.2,mvnorm,lognormal,True,2.885094663154915e-10
0.03,0.2,mvnorm,lognormal,True,0.45089032730202205
0.03,0.2,mvnorm,lognormal,True,2.8584161721213623e-06
0.03,0.2,mvnorm,lognormal,True,0.5593861607331965
0.03,0.2,mvnorm,lognormal,True,0.004638648764680432
0.03,0.2,mvnorm,lognormal,True,0.9962201727117496
0.03,0.2,mvnorm,lognormal,True,0.03389385240877986
0.03,0.2,mvnorm,lognormal,True,0.15017205849600718
0.03,0.2,mvnorm,lognormal,True,0.9950989878933522
0.03,0.2,mvnorm,lognormal,True,0.9000455242061418
0.03,0.2,mvnorm,lognormal,True,0.4690466489948808
0.03,0.2,mvnorm,lognormal,True,0.5033086189770528
0.03,0.2,mvnorm,lognormal,True,0.08217603931975705
0.03,0.2,mvnorm,lognormal,True,7.245423542681336e-05
0.03,0.2,mvnorm,lognormal,True,0.4851660771680031
0.03,0.2,mvnorm,lognormal,True,0.0055343931671825546
0.03,0.2,mvnorm,lognormal,True,0.02779442520313362
0.03,0.2,mvnorm,lognormal,True,0.0550243005506134
0.03,0.2,mvnorm,lognormal,True,0.00981065533845525
0.03,0.2,mvnorm,lognormal,True,0.00021297523533576033
0.03,0.2,mvnorm,lognormal,True,0.14478331566606645
0.03,0.2,mvnorm,lognormal,True,6.078743467145114e-11
0.03,0.2,mvnorm,lognormal,True,1.8777468371078226e-08
0.03,0.2,mvnorm,lognormal,True,0.0012268350706798419
0.03,0.2,mvnorm,lognormal,True,0.023921699969956394
0.03,0.2,mvnorm,lognormal,True,0.00019769999728518154
0.03,0.2,mvnorm,lognormal,True,0.3191598141697635
0.03,0.2,mvnorm,lognormal,True,0.0010887991393995877
0.03,0.2,mvnorm,lognormal,True,0.15500468502660947
0.03,0.2,mvnorm,lognormal,True,0.0007213706886737074
0.03,0.2,mvnorm,lognormal,True,0.08285311047084913
0.03,0.2,mvnorm,lognormal,True,5.658010787222666e-05
0.03,0.2,mvnorm,lognormal,True,0.00997408068031667
0.03,0.2,mvnorm,lognormal,True,0.1916199736933032
0.03,0.2,mvnorm,lognormal,True,0.33640008385551723
0.03,0.2,mvnorm,lognormal,True,0.21125589819711219
0.03,0.2,mvnorm,lognormal,True,0.0058429224403291615
0.03,0.2,mvnorm,lognormal,True,2.938836686884077e-05
0.03,0.2,mvnorm,lognormal,True,0.16489255073183412
0.03,0.2,mvnorm,lognormal,True,0.023431207934274834
0.03,0.2,mvnorm,lognormal,True,0.011216169503185061
0.03,0.2,mvnorm,lognormal,True,0.30509059427916685
0.03,0.2,mvnorm,lognormal,True,0.02876940449913826
0.03,0.2,mvnorm,lognormal,True,4.801875374770151e-09
0.03,0.2,mvnorm,lognormal,True,0.0020306922569973867
0.03,0.2,mvnorm,lognormal,True,3.5574782346732526e-09
0.03,0.2,mvnorm,lognormal,True,0.1398062025978801
0.03,0.2,mvnorm,lognormal,True,0.009875278491646114
0.03,0.2,mvnorm,lognormal,True,1.1314676618433585e-09
0.03,0.2,mvnorm,lognormal,True,0.580391969859728
0.03,0.2,mvnorm,lognormal,True,0.001146377036449249
0.03,0.2,mvnorm,lognormal,True,0.4381918457762004
0.03,0.2,mvnorm,lognormal,True,0.027309565325837035
0.03,0.2,mvnorm,lognormal,True,0.28837810347778675
0.03,0.2,mvnorm,lognormal,True,0.2574012764160445
0.03,0.2,mvnorm,lognormal,True,0.05258692781075517
0.03,0.2,mvnorm,lognormal,True,0.32659394640615386
0.03,0.2,mvnorm,lognormal,True,0.29691881997026015
0.03,0.2,mvnorm,lognormal,True,0.0005589574984572644
0.03,0.2,mvnorm,lognormal,True,0.00474398544181875
0.03,0.2,mvnorm,lognormal,True,0.011916227249086041
0.03,0.2,mvnorm,lognormal,True,0.3962436921749314
0.03,0.2,mvnorm,lognormal,True,0.3198875712028041
0.03,0.2,mvnorm,lognormal,True,0.6620199773220681
0.03,0.2,mvnorm,lognormal,True,0.012363232914988751
0.03,0.2,mvnorm,lognormal,True,6.8464636192251726e-06
0.03,0.2,mvnorm,lognormal,True,0.5504879189375493
0.03,0.2,mvnorm,lognormal,True,0.12141084806625549
0.03,0.2,mvnorm,lognormal,True,3.7261759780148857e-06
0.03,0.2,mvnorm,lognormal,True,5.7778130999218016e-06
0.03,0.2,mvnorm,lognormal,True,0.1039662669198693
0.03,0.2,mvnorm,lognormal,True,0.21098396130553052
0.03,0.2,mvnorm,lognormal,True,0.36009275009433706
0.03,0.2,mvnorm,lognormal,True,0.6338003168700945
0.03,0.2,mvnorm,lognormal,True,0.1179462865449523
0.03,0.2,mvnorm,lognormal,True,0.01082289470384438
0.03,0.2,mvnorm,lognormal,True,0.3918059606320625
0.03,0.2,mvnorm,lognormal,True,0.001614411808676154
0.03,0.2,mvnorm,lognormal,True,0.5486879518939979
0.03,0.2,mvnorm,lognormal,True,0.046084558618628924
0.03,0.2,mvnorm,lognormal,True,1.3672560752701345e-09
0.03,0.2,mvnorm,lognormal,True,0.3384788081022684
0.03,0.2,mvnorm,lognormal,True,0.5614915198129307
0.03,0.2,mvnorm,lognormal,True,1.8148300731731936e-05
0.03,0.2,mvnorm,lognormal,True,0.7225332828441171
0.03,0.2,mvnorm,lognormal,True,0.9208331125595828
0.03,0.2,mvnorm,lognormal,True,2.8963651634962685e-15
0.03,0.2,mvnorm,lognormal,True,0.13282199076382734
0.03,0.2,mvnorm,lognormal,True,0.9314587751907996
0.03,0.2,mvnorm,lognormal,True,0.00023596330665684554
0.03,0.2,mvnorm,lognormal,True,0.06713342528231239
0.03,0.2,mvnorm,lognormal,True,0.0021794442087993498
0.03,0.2,mvnorm,lognormal,True,0.16117780997655723
0.03,0.2,mvnorm,lognormal,True,0.17472790306840447
0.03,0.2,mvnorm,lognormal,True,0.0003545203358963583
0.03,0.2,mvnorm,lognormal,True,5.97010325370877e-07
0.03,0.2,mvnorm,lognormal,True,0.5186336088909085
0.03,0.2,mvnorm,lognormal,True,0.004803396403294947
0.03,0.2,mvnorm,lognormal,True,0.43202824652410154
0.03,0.2,mvnorm,lognormal,True,2.741882326546203e-06
0.03,0.2,mvnorm,lognormal,True,0.002483203056785515
0.03,0.2,mvnorm,lognormal,True,0.14099428107314926
0.03,0.2,mvnorm,lognormal,True,2.8236833328105733e-15
0.03,0.2,mvnorm,lognormal,True,0.0006215377957518856
0.03,0.2,mvnorm,lognormal,True,3.065224441975982e-08
0.03,0.2,mvnorm,lognormal,True,0.13886242140051733
0.03,0.2,mvnorm,lognormal,True,0.881337966366952
0.03,0.2,mvnorm,lognormal,True,0.03230268386598217
0.03,0.2,mvnorm,lognormal,True,0.6893661878269296
0.03,0.2,mvnorm,lognormal,True,0.0008861639819800234
0.03,0.2,mvnorm,lognormal,True,5.116060662942713e-05
0.03,0.2,mvnorm,lognormal,True,0.8372863939112423
0.03,0.2,mvnorm,lognormal,True,5.609213577496601e-06
0.03,0.2,mvnorm,lognormal,True,0.24960170760874756
0.03,0.2,mvnorm,lognormal,True,0.672931506511927
0.03,0.2,mvnorm,lognormal,True,0.47531311733690995
0.03,0.2,mvnorm,lognormal,True,0.39570077139086823
0.03,0.2,mvnorm,lognormal,True,7.32643831551154e-06
0.03,0.2,mvnorm,lognormal,True,0.4448368423906113
0.03,0.2,mvnorm,lognormal,True,0.9621317912091495
0.03,0.2,mvnorm,lognormal,True,0.9940854840245749
