tau,rho,est,dist,obs_conf,pvals
0.09,0.0,lognorm,lognormal,True,0.4045019360859965
0.09,0.0,lognorm,lognormal,True,0.0010860659324660358
0.09,0.0,lognorm,lognormal,True,0.36888901448887546
0.09,0.0,lognorm,lognormal,True,0.3490073657581927
0.09,0.0,lognorm,lognormal,True,0.0010983315640411325
0.09,0.0,lognorm,lognormal,True,0.6268137651752252
0.09,0.0,lognorm,lognormal,True,8.056609684722817e-08
0.09,0.0,lognorm,lognormal,True,0.011664821898579062
0.09,0.0,lognorm,lognormal,True,0.14235242500942324
0.09,0.0,lognorm,lognormal,True,0.12644663776031181
0.09,0.0,lognorm,lognormal,True,0.16218630551042584
0.09,0.0,lognorm,lognormal,True,1.147039576676181e-06
0.09,0.0,lognorm,lognormal,True,0.18804972697827546
0.09,0.0,lognorm,lognormal,True,0.0010950266466186894
0.09,0.0,lognorm,lognormal,True,0.0024809861400557414
0.09,0.0,lognorm,lognormal,True,0.0057804817523788585
0.09,0.0,lognorm,lognormal,True,0.0007347985115663708
0.09,0.0,lognorm,lognormal,True,0.30271439070531414
0.09,0.0,lognorm,lognormal,True,0.08087851633223672
0.09,0.0,lognorm,lognormal,True,0.524633346521123
0.09,0.0,lognorm,lognormal,True,0.00048748952107492943
0.09,0.0,lognorm,lognormal,True,0.23964084148914713
0.09,0.0,lognorm,lognormal,True,0.14905277672744324
0.09,0.0,lognorm,lognormal,True,0.3051665070138907
0.09,0.0,lognorm,lognormal,True,0.21189762912296078
0.09,0.0,lognorm,lognormal,True,6.477820103641578e-06
0.09,0.0,lognorm,lognormal,True,0.0005047356622335797
0.09,0.0,lognorm,lognormal,True,0.0320359049718019
0.09,0.0,lognorm,lognormal,True,7.648014252414107e-09
0.09,0.0,lognorm,lognormal,True,0.3419429163256816
0.09,0.0,lognorm,lognormal,True,0.17737861533535337
0.09,0.0,lognorm,lognormal,True,0.019014171308093887
0.09,0.0,lognorm,lognormal,True,0.19246372171227966
0.09,0.0,lognorm,lognormal,True,0.24759006201397754
0.09,0.0,lognorm,lognormal,True,0.1009177644934042
0.09,0.0,lognorm,lognormal,True,0.2569056482856051
0.09,0.0,lognorm,lognormal,True,0.0037942168240642444
0.09,0.0,lognorm,lognormal,True,0.12112777020918238
0.09,0.0,lognorm,lognormal,True,0.23472820547067785
0.09,0.0,lognorm,lognormal,True,0.8240384112408112
0.09,0.0,lognorm,lognormal,True,2.486310749716968e-05
0.09,0.0,lognorm,lognormal,True,0.5927278421167375
0.09,0.0,lognorm,lognormal,True,0.005387274573316237
0.09,0.0,lognorm,lognormal,True,1.967938079100016e-05
0.09,0.0,lognorm,lognormal,True,0.08234401782125005
0.09,0.0,lognorm,lognormal,True,0.00037517625545501523
0.09,0.0,lognorm,lognormal,True,0.0151080793350249
0.09,0.0,lognorm,lognormal,True,0.05140803499502178
0.09,0.0,lognorm,lognormal,True,0.7382681415024424
0.09,0.0,lognorm,lognormal,True,0.00021699072406123582
0.09,0.0,lognorm,lognormal,True,0.032134231731137795
0.09,0.0,lognorm,lognormal,True,3.1517075042585513e-07
0.09,0.0,lognorm,lognormal,True,0.003442256408055415
0.09,0.0,lognorm,lognormal,True,0.3634978338666982
0.09,0.0,lognorm,lognormal,True,0.010378357001870474
0.09,0.0,lognorm,lognormal,True,0.06656707386383119
0.09,0.0,lognorm,lognormal,True,0.0001108381144725746
0.09,0.0,lognorm,lognormal,True,0.0013412153915835748
0.09,0.0,lognorm,lognormal,True,0.14126645589094192
0.09,0.0,lognorm,lognormal,True,0.004564863045129492
0.09,0.0,lognorm,lognormal,True,0.00011356050982283132
0.09,0.0,lognorm,lognormal,True,0.1866451392283547
0.09,0.0,lognorm,lognormal,True,0.17062857389653693
0.09,0.0,lognorm,lognormal,True,5.701973190926044e-06
0.09,0.0,lognorm,lognormal,True,0.0284777300281745
0.09,0.0,lognorm,lognormal,True,0.08488342711467227
0.09,0.0,lognorm,lognormal,True,0.7719967183438546
0.09,0.0,lognorm,lognormal,True,0.4312295657285947
0.09,0.0,lognorm,lognormal,True,0.021299004946803025
0.09,0.0,lognorm,lognormal,True,0.13653364018506478
0.09,0.0,lognorm,lognormal,True,6.8222256034932364e-09
0.09,0.0,lognorm,lognormal,True,0.5576884078009112
0.09,0.0,lognorm,lognormal,True,0.004560177397395961
0.09,0.0,lognorm,lognormal,True,2.8017340335699672e-08
0.09,0.0,lognorm,lognormal,True,0.00023836860592460894
0.09,0.0,lognorm,lognormal,True,0.9741886869091014
0.09,0.0,lognorm,lognormal,True,0.07329318385570015
0.09,0.0,lognorm,lognormal,True,0.005211481166608049
0.09,0.0,lognorm,lognormal,True,0.33468019975777274
0.09,0.0,lognorm,lognormal,True,0.6315498212158799
0.09,0.0,lognorm,lognormal,True,0.8607185867088513
0.09,0.0,lognorm,lognormal,True,0.7375310039003564
0.09,0.0,lognorm,lognormal,True,0.6085736023671854
0.09,0.0,lognorm,lognormal,True,0.0009143585410921686
0.09,0.0,lognorm,lognormal,True,3.914706314089261e-06
0.09,0.0,lognorm,lognormal,True,1.1208767767658277e-05
0.09,0.0,lognorm,lognormal,True,0.6899405257380524
0.09,0.0,lognorm,lognormal,True,0.4755514149933645
0.09,0.0,lognorm,lognormal,True,0.001628407763329346
0.09,0.0,lognorm,lognormal,True,0.6667334125802926
0.09,0.0,lognorm,lognormal,True,1.746620362530661e-06
0.09,0.0,lognorm,lognormal,True,0.5249299011625324
0.09,0.0,lognorm,lognormal,True,0.024044913055512086
0.09,0.0,lognorm,lognormal,True,0.1817331441744771
0.09,0.0,lognorm,lognormal,True,0.004114358751573983
0.09,0.0,lognorm,lognormal,True,0.1933354605098985
0.09,0.0,lognorm,lognormal,True,0.5929873613468561
0.09,0.0,lognorm,lognormal,True,0.009838729914019129
0.09,0.0,lognorm,lognormal,True,0.9083266175342337
0.09,0.0,lognorm,lognormal,True,0.047771558839339666
0.09,0.0,lognorm,lognormal,True,0.0008849098392434007
0.09,0.0,lognorm,lognormal,True,0.0008189693920540315
0.09,0.0,lognorm,lognormal,True,0.0568259943456604
0.09,0.0,lognorm,lognormal,True,0.5862135077323163
0.09,0.0,lognorm,lognormal,True,0.8933174858576074
0.09,0.0,lognorm,lognormal,True,0.5645976400880445
0.09,0.0,lognorm,lognormal,True,0.05615630818758415
0.09,0.0,lognorm,lognormal,True,0.000506754958914125
0.09,0.0,lognorm,lognormal,True,0.9184571862289388
0.09,0.0,lognorm,lognormal,True,2.813696287178223e-05
0.09,0.0,lognorm,lognormal,True,0.0023940242168333328
0.09,0.0,lognorm,lognormal,True,0.001537927649623988
0.09,0.0,lognorm,lognormal,True,1.2605206771961797e-08
0.09,0.0,lognorm,lognormal,True,0.0031475381040676166
0.09,0.0,lognorm,lognormal,True,0.04826209428559103
0.09,0.0,lognorm,lognormal,True,0.03582116170005594
0.09,0.0,lognorm,lognormal,True,5.5355079057511894e-06
0.09,0.0,lognorm,lognormal,True,0.2674727290416271
0.09,0.0,lognorm,lognormal,True,0.05311747396879959
0.09,0.0,lognorm,lognormal,True,0.0003687076443116539
0.09,0.0,lognorm,lognormal,True,0.4806690365832613
0.09,0.0,lognorm,lognormal,True,0.00043757946605615987
0.09,0.0,lognorm,lognormal,True,0.0412421762961736
0.09,0.0,lognorm,lognormal,True,0.04624208678913363
0.09,0.0,lognorm,lognormal,True,0.8188778482020613
0.09,0.0,lognorm,lognormal,True,0.0008094354772004984
0.09,0.0,lognorm,lognormal,True,0.2872550340520711
0.09,0.0,lognorm,lognormal,True,0.00016151562855322267
0.09,0.0,lognorm,lognormal,True,0.09606660234450098
0.09,0.0,lognorm,lognormal,True,0.3641758006843203
0.09,0.0,lognorm,lognormal,True,4.536205750558516e-06
0.09,0.0,lognorm,lognormal,True,0.001179327279756823
0.09,0.0,lognorm,lognormal,True,0.00034948904491653244
0.09,0.0,lognorm,lognormal,True,0.14933643326734244
0.09,0.0,lognorm,lognormal,True,0.06461725095537697
0.09,0.0,lognorm,lognormal,True,0.16953027996580208
0.09,0.0,lognorm,lognormal,True,0.004952948815621304
0.09,0.0,lognorm,lognormal,True,0.010457222253403373
0.09,0.0,lognorm,lognormal,True,0.1986352537173251
0.09,0.0,lognorm,lognormal,True,0.021855961626729165
0.09,0.0,lognorm,lognormal,True,0.20617443413647402
0.09,0.0,lognorm,lognormal,True,0.6130378497718881
0.09,0.0,lognorm,lognormal,True,0.921627705200871
0.09,0.0,lognorm,lognormal,True,0.07876580972031631
0.09,0.0,lognorm,lognormal,True,0.00013718714380116476
0.09,0.0,lognorm,lognormal,True,0.002479036251931483
0.09,0.0,lognorm,lognormal,True,2.3873163350629914e-07
0.09,0.0,lognorm,lognormal,True,0.09098215359031918
0.09,0.0,lognorm,lognormal,True,0.0052102601955182175
0.09,0.0,lognorm,lognormal,True,0.12558845586170075
0.09,0.0,lognorm,lognormal,True,6.725590150774206e-10
0.09,0.0,lognorm,lognormal,True,0.5637270498051887
0.09,0.0,lognorm,lognormal,True,0.00016510219347727582
0.09,0.0,lognorm,lognormal,True,0.013171167922633117
0.09,0.0,lognorm,lognormal,True,0.9242292067104568
0.09,0.0,lognorm,lognormal,True,0.02107864966489311
0.09,0.0,lognorm,lognormal,True,0.05300713415004178
0.09,0.0,lognorm,lognormal,True,0.046519445012170826
0.09,0.0,lognorm,lognormal,True,0.5795299623375497
0.09,0.0,lognorm,lognormal,True,5.927506014032388e-05
0.09,0.0,lognorm,lognormal,True,4.60212341641374e-08
0.09,0.0,lognorm,lognormal,True,0.25416567752957653
0.09,0.0,lognorm,lognormal,True,0.20010856153691445
0.09,0.0,lognorm,lognormal,True,0.00015611045023423436
0.09,0.0,lognorm,lognormal,True,0.0033539645943846297
0.09,0.0,lognorm,lognormal,True,0.9333443261088648
0.09,0.0,lognorm,lognormal,True,0.2937546023602775
0.09,0.0,lognorm,lognormal,True,0.7383263363278734
0.09,0.0,lognorm,lognormal,True,0.17169663829057635
0.09,0.0,lognorm,lognormal,True,0.009743826860603976
0.09,0.0,lognorm,lognormal,True,0.3045709375715671
0.09,0.0,lognorm,lognormal,True,0.05412629098248
0.09,0.0,lognorm,lognormal,True,0.014995259966318402
0.09,0.0,lognorm,lognormal,True,0.04254091420811152
0.09,0.0,lognorm,lognormal,True,0.5968211848617191
0.09,0.0,lognorm,lognormal,True,0.01365259424481307
0.09,0.0,lognorm,lognormal,True,0.9091572071816669
0.09,0.0,lognorm,lognormal,True,0.05118598190892024
0.09,0.0,lognorm,lognormal,True,0.4945699482772239
0.09,0.0,lognorm,lognormal,True,0.00478684682788385
0.09,0.0,lognorm,lognormal,True,0.012698889476485198
0.09,0.0,lognorm,lognormal,True,0.0023613169655511503
0.09,0.0,lognorm,lognormal,True,0.001129831102260574
0.09,0.0,lognorm,lognormal,True,0.023688853871052774
0.09,0.0,lognorm,lognormal,True,0.2117751163579326
0.09,0.0,lognorm,lognormal,True,0.00011981150876992099
0.09,0.0,lognorm,lognormal,True,0.0995905350270172
0.09,0.0,lognorm,lognormal,True,0.7282280542599258
0.09,0.0,lognorm,lognormal,True,0.9186681849225303
0.09,0.0,lognorm,lognormal,True,8.107406335928166e-09
0.09,0.0,lognorm,lognormal,True,0.009643823635603756
0.09,0.0,lognorm,lognormal,True,0.7104951713190337
0.09,0.0,lognorm,lognormal,True,0.005910708523530914
0.09,0.0,lognorm,lognormal,True,0.7772538603111419
0.09,0.0,lognorm,lognormal,True,0.7448753547626638
0.09,0.0,lognorm,lognormal,True,0.00112307595229687
0.09,0.0,lognorm,lognormal,True,0.1653831120513106
0.09,0.0,lognorm,lognormal,True,5.295971365577714e-05
0.09,0.0,lognorm,lognormal,True,0.9965413623523851
0.09,0.0,lognorm,lognormal,True,0.28383383435977994
