tau,rho,est,dist,obs_conf,pvals
0.06,0.0,lognorm,lognormal,True,0.6305499953668765
0.06,0.0,lognorm,lognormal,True,0.021163205843255446
0.06,0.0,lognorm,lognormal,True,0.701165766274165
0.06,0.0,lognorm,lognormal,True,0.12182271598512018
0.06,0.0,lognorm,lognormal,True,0.009277845534254345
0.06,0.0,lognorm,lognormal,True,0.29967554948213293
0.06,0.0,lognorm,lognormal,True,1.4224252736564378e-06
0.06,0.0,lognorm,lognormal,True,0.08308721439360496
0.06,0.0,lognorm,lognormal,True,0.36467350995899583
0.06,0.0,lognorm,lognormal,True,0.6319928399013256
0.06,0.0,lognorm,lognormal,True,0.43676315048061143
0.06,0.0,lognorm,lognormal,True,4.181449682148495e-05
0.06,0.0,lognorm,lognormal,True,0.4791914787358994
0.06,0.0,lognorm,lognormal,True,0.00485580891743608
0.06,0.0,lognorm,lognormal,True,0.04411709727268542
0.06,0.0,lognorm,lognormal,True,0.03606074101706829
0.06,0.0,lognorm,lognormal,True,0.01016635149023165
0.06,0.0,lognorm,lognormal,True,0.6299976687874533
0.06,0.0,lognorm,lognormal,True,0.2006977758917992
0.06,0.0,lognorm,lognormal,True,0.9821967849790343
0.06,0.0,lognorm,lognormal,True,0.004216948872753887
0.06,0.0,lognorm,lognormal,True,0.5799518869257496
0.06,0.0,lognorm,lognormal,True,0.32450236804997407
0.06,0.0,lognorm,lognormal,True,0.08037372764229592
0.06,0.0,lognorm,lognormal,True,0.4698256614825522
0.06,0.0,lognorm,lognormal,True,0.00011866421282988432
0.06,0.0,lognorm,lognormal,True,0.0038777543890722655
0.06,0.0,lognorm,lognormal,True,0.09454097386390777
0.06,0.0,lognorm,lognormal,True,9.550012109111092e-07
0.06,0.0,lognorm,lognormal,True,0.8518193301174442
0.06,0.0,lognorm,lognormal,True,0.06090964534813563
0.06,0.0,lognorm,lognormal,True,0.06925335518590604
0.06,0.0,lognorm,lognormal,True,0.6694205531696463
0.06,0.0,lognorm,lognormal,True,0.6505969107307599
0.06,0.0,lognorm,lognormal,True,0.39389819394332504
0.06,0.0,lognorm,lognormal,True,0.1272908004807108
0.06,0.0,lognorm,lognormal,True,0.012021100109226985
0.06,0.0,lognorm,lognormal,True,0.27127819437281475
0.06,0.0,lognorm,lognormal,True,0.5432779836256416
0.06,0.0,lognorm,lognormal,True,0.5778209543637731
0.06,0.0,lognorm,lognormal,True,0.0009561192793336852
0.06,0.0,lognorm,lognormal,True,0.1945648776490158
0.06,0.0,lognorm,lognormal,True,0.032548485172281205
0.06,0.0,lognorm,lognormal,True,0.0003908798528915238
0.06,0.0,lognorm,lognormal,True,0.015046487509274306
0.06,0.0,lognorm,lognormal,True,0.002164037624607755
0.06,0.0,lognorm,lognormal,True,0.05329936692294862
0.06,0.0,lognorm,lognormal,True,0.29823731531139397
0.06,0.0,lognorm,lognormal,True,0.4300316766025365
0.06,0.0,lognorm,lognormal,True,0.0016135550614209595
0.06,0.0,lognorm,lognormal,True,0.11872410446594772
0.06,0.0,lognorm,lognormal,True,2.7591335522412263e-05
0.06,0.0,lognorm,lognormal,True,0.012880368340759247
0.06,0.0,lognorm,lognormal,True,0.7941243935931153
0.06,0.0,lognorm,lognormal,True,0.03533056679082679
0.06,0.0,lognorm,lognormal,True,0.18302895475368475
0.06,0.0,lognorm,lognormal,True,0.003777673943463332
0.06,0.0,lognorm,lognormal,True,0.00791385106334064
0.06,0.0,lognorm,lognormal,True,0.38168323838560037
0.06,0.0,lognorm,lognormal,True,0.03378326793116918
0.06,0.0,lognorm,lognormal,True,0.0014056839012424093
0.06,0.0,lognorm,lognormal,True,0.4849067809555805
0.06,0.0,lognorm,lognormal,True,0.07337087127692314
0.06,0.0,lognorm,lognormal,True,5.282372311372898e-05
0.06,0.0,lognorm,lognormal,True,0.22136060089903792
0.06,0.0,lognorm,lognormal,True,0.1315166662997822
0.06,0.0,lognorm,lognormal,True,0.9326585748253623
0.06,0.0,lognorm,lognormal,True,0.6710522221062962
0.06,0.0,lognorm,lognormal,True,0.09284514436766131
0.06,0.0,lognorm,lognormal,True,0.03181661636014598
0.06,0.0,lognorm,lognormal,True,2.3301533141095144e-07
0.06,0.0,lognorm,lognormal,True,0.2352982069283143
0.06,0.0,lognorm,lognormal,True,0.0011539503064257142
0.06,0.0,lognorm,lognormal,True,5.84857076193376e-07
0.06,0.0,lognorm,lognormal,True,0.0027790284797883963
0.06,0.0,lognorm,lognormal,True,0.43308117994587003
0.06,0.0,lognorm,lognormal,True,0.2937903734233408
0.06,0.0,lognorm,lognormal,True,0.013900161335477902
0.06,0.0,lognorm,lognormal,True,0.10351072620222734
0.06,0.0,lognorm,lognormal,True,0.2913754916298336
0.06,0.0,lognorm,lognormal,True,0.5259663860221883
0.06,0.0,lognorm,lognormal,True,0.912256747132536
0.06,0.0,lognorm,lognormal,True,0.8743936119509008
0.06,0.0,lognorm,lognormal,True,0.015637721901747878
0.06,0.0,lognorm,lognormal,True,5.4906491893164465e-05
0.06,0.0,lognorm,lognormal,True,0.0004017810820214728
0.06,0.0,lognorm,lognormal,True,0.6897863650810003
0.06,0.0,lognorm,lognormal,True,0.7682432230843907
0.06,0.0,lognorm,lognormal,True,0.005546997123321892
0.06,0.0,lognorm,lognormal,True,0.9348102518895812
0.06,0.0,lognorm,lognormal,True,0.00012791765741487491
0.06,0.0,lognorm,lognormal,True,0.8959444906509227
0.06,0.0,lognorm,lognormal,True,0.18567123087581217
0.06,0.0,lognorm,lognormal,True,0.46531877830072055
0.06,0.0,lognorm,lognormal,True,0.017153697355403674
0.06,0.0,lognorm,lognormal,True,0.3183103622238631
0.06,0.0,lognorm,lognormal,True,0.1886641165119797
0.06,0.0,lognorm,lognormal,True,0.034245936716463865
0.06,0.0,lognorm,lognormal,True,0.5139856698591083
0.06,0.0,lognorm,lognormal,True,0.1414212775048988
0.06,0.0,lognorm,lognormal,True,0.027037152496605134
0.06,0.0,lognorm,lognormal,True,0.029048083528976906
0.06,0.0,lognorm,lognormal,True,0.1420140187852904
0.06,0.0,lognorm,lognormal,True,0.9953393762447496
0.06,0.0,lognorm,lognormal,True,0.6934541818315314
0.06,0.0,lognorm,lognormal,True,0.32608024879801656
0.06,0.0,lognorm,lognormal,True,0.3782435437859093
0.06,0.0,lognorm,lognormal,True,0.0038003993172445335
0.06,0.0,lognorm,lognormal,True,0.7239715045722586
0.06,0.0,lognorm,lognormal,True,0.00023672757079020435
0.06,0.0,lognorm,lognormal,True,0.013502325812212852
0.06,0.0,lognorm,lognormal,True,0.010389152895330909
0.06,0.0,lognorm,lognormal,True,4.0920939086591337e-07
0.06,0.0,lognorm,lognormal,True,0.011084316864076937
0.06,0.0,lognorm,lognormal,True,0.2078042846158362
0.06,0.0,lognorm,lognormal,True,0.08449060881187118
0.06,0.0,lognorm,lognormal,True,0.0002645419118575027
0.06,0.0,lognorm,lognormal,True,0.14623115832504294
0.06,0.0,lognorm,lognormal,True,0.20459122439970368
0.06,0.0,lognorm,lognormal,True,0.002107814110197334
0.06,0.0,lognorm,lognormal,True,0.8454678817446887
0.06,0.0,lognorm,lognormal,True,0.0055660867315439405
0.06,0.0,lognorm,lognormal,True,0.16275971494749306
0.06,0.0,lognorm,lognormal,True,0.13829283564312764
0.06,0.0,lognorm,lognormal,True,0.7937451096221667
0.06,0.0,lognorm,lognormal,True,0.009000906664822492
0.06,0.0,lognorm,lognormal,True,0.10200012269159482
0.06,0.0,lognorm,lognormal,True,0.0012322943583521662
0.06,0.0,lognorm,lognormal,True,0.24867758186128625
0.06,0.0,lognorm,lognormal,True,0.586320747198762
0.06,0.0,lognorm,lognormal,True,0.00031502773620471574
0.06,0.0,lognorm,lognormal,True,0.009625206383306195
0.06,0.0,lognorm,lognormal,True,0.004033837860284156
0.06,0.0,lognorm,lognormal,True,0.34006545576307073
0.06,0.0,lognorm,lognormal,True,0.5178371382300209
0.06,0.0,lognorm,lognormal,True,0.058687955320235144
0.06,0.0,lognorm,lognormal,True,0.04855490680919974
0.06,0.0,lognorm,lognormal,True,0.08216799322170508
0.06,0.0,lognorm,lognormal,True,0.46546625026173083
0.06,0.0,lognorm,lognormal,True,0.14612666635791116
0.06,0.0,lognorm,lognormal,True,0.45292244782777613
0.06,0.0,lognorm,lognormal,True,0.9028595514684377
0.06,0.0,lognorm,lognormal,True,0.3468368034631003
0.06,0.0,lognorm,lognormal,True,0.22423083462658608
0.06,0.0,lognorm,lognormal,True,0.0026688705792437756
0.06,0.0,lognorm,lognormal,True,0.012512507824576134
0.06,0.0,lognorm,lognormal,True,9.530950858228253e-05
0.06,0.0,lognorm,lognormal,True,0.21764784842596024
0.06,0.0,lognorm,lognormal,True,0.10071016528309892
0.06,0.0,lognorm,lognormal,True,0.4265295547403616
0.06,0.0,lognorm,lognormal,True,1.4684741606787327e-08
0.06,0.0,lognorm,lognormal,True,0.9192944561182734
0.06,0.0,lognorm,lognormal,True,0.0013768617260276684
0.06,0.0,lognorm,lognormal,True,0.056548056885982446
0.06,0.0,lognorm,lognormal,True,0.6088198757357466
0.06,0.0,lognorm,lognormal,True,0.07704722120294766
0.06,0.0,lognorm,lognormal,True,0.1325326114451334
0.06,0.0,lognorm,lognormal,True,0.19445686565923156
0.06,0.0,lognorm,lognormal,True,0.3267186170075757
0.06,0.0,lognorm,lognormal,True,0.0016470182952730142
0.06,0.0,lognorm,lognormal,True,8.042318870610875e-07
0.06,0.0,lognorm,lognormal,True,0.10871634172809087
0.06,0.0,lognorm,lognormal,True,0.3890479193427555
0.06,0.0,lognorm,lognormal,True,0.0032666687610193187
0.06,0.0,lognorm,lognormal,True,0.021321789784105597
0.06,0.0,lognorm,lognormal,True,0.6062936373151728
0.06,0.0,lognorm,lognormal,True,0.7027943133882519
0.06,0.0,lognorm,lognormal,True,0.17922251690076563
0.06,0.0,lognorm,lognormal,True,0.07940039208084718
0.06,0.0,lognorm,lognormal,True,0.06347418594688398
0.06,0.0,lognorm,lognormal,True,0.7069036632638535
0.06,0.0,lognorm,lognormal,True,0.00924358172898924
0.06,0.0,lognorm,lognormal,True,0.11538940869401307
0.06,0.0,lognorm,lognormal,True,0.2597158971503
0.06,0.0,lognorm,lognormal,True,0.9276953811959316
0.06,0.0,lognorm,lognormal,True,0.09946095769989372
0.06,0.0,lognorm,lognormal,True,0.6344798672826313
0.06,0.0,lognorm,lognormal,True,0.18661463760344493
0.06,0.0,lognorm,lognormal,True,0.7740834617984679
0.06,0.0,lognorm,lognormal,True,0.05839813101849154
0.06,0.0,lognorm,lognormal,True,0.09646625708132824
0.06,0.0,lognorm,lognormal,True,0.00811067595278471
0.06,0.0,lognorm,lognormal,True,0.011741495758650178
0.06,0.0,lognorm,lognormal,True,0.10348303516487888
0.06,0.0,lognorm,lognormal,True,0.11941420629892267
0.06,0.0,lognorm,lognormal,True,0.0031457840172720943
0.06,0.0,lognorm,lognormal,True,0.24839192590062104
0.06,0.0,lognorm,lognormal,True,0.4217159948666718
0.06,0.0,lognorm,lognormal,True,0.5522061454123784
0.06,0.0,lognorm,lognormal,True,3.2293077708117615e-07
0.06,0.0,lognorm,lognormal,True,0.10666913458324007
0.06,0.0,lognorm,lognormal,True,0.8209899457800135
0.06,0.0,lognorm,lognormal,True,0.026585712386920788
0.06,0.0,lognorm,lognormal,True,0.6500371530383235
0.06,0.0,lognorm,lognormal,True,0.3968960470252456
0.06,0.0,lognorm,lognormal,True,0.0075085300198339325
0.06,0.0,lognorm,lognormal,True,0.3971667338024374
0.06,0.0,lognorm,lognormal,True,0.0005248576608413754
0.06,0.0,lognorm,lognormal,True,0.47345567350423545
0.06,0.0,lognorm,lognormal,True,0.5896646443849991
