tau,rho,est,dist,obs_conf,pvals
0.09,0.4,lognorm,lognormal,True,6.416905571951149e-08
0.09,0.4,lognorm,lognormal,True,0.025539720119616898
0.09,0.4,lognorm,lognormal,True,0.2930506207118134
0.09,0.4,lognorm,lognormal,True,1.5320760752979172e-05
0.09,0.4,lognorm,lognormal,True,1.9427532688979055e-09
0.09,0.4,lognorm,lognormal,True,0.974284719824382
0.09,0.4,lognorm,lognormal,True,0.00014310051357262858
0.09,0.4,lognorm,lognormal,True,1.8765974418650085e-10
0.09,0.4,lognorm,lognormal,True,0.10530257543382754
0.09,0.4,lognorm,lognormal,True,0.6637343127337514
0.09,0.4,lognorm,lognormal,True,1.2178500341688414e-11
0.09,0.4,lognorm,lognormal,True,1.4876820737399593e-05
0.09,0.4,lognorm,lognormal,True,0.4710998404906185
0.09,0.4,lognorm,lognormal,True,3.612109439600445e-12
0.09,0.4,lognorm,lognormal,True,0.4615854962041671
0.09,0.4,lognorm,lognormal,True,3.632048443582468e-10
0.09,0.4,lognorm,lognormal,True,4.889836636901608e-48
0.09,0.4,lognorm,lognormal,True,5.1757776941544784e-05
0.09,0.4,lognorm,lognormal,True,0.003496682099447226
0.09,0.4,lognorm,lognormal,True,1.3161006034868847e-06
0.09,0.4,lognorm,lognormal,True,2.719299859304933e-25
0.09,0.4,lognorm,lognormal,True,4.5582942605227735e-09
0.09,0.4,lognorm,lognormal,True,1.7154631078793978e-05
0.09,0.4,lognorm,lognormal,True,0.465985217017983
0.09,0.4,lognorm,lognormal,True,0.3694563893694581
0.09,0.4,lognorm,lognormal,True,1.3165652237094711e-14
0.09,0.4,lognorm,lognormal,True,1.747289197999424e-10
0.09,0.4,lognorm,lognormal,True,2.0480445261531483e-31
0.09,0.4,lognorm,lognormal,True,1.2530189466919008e-40
0.09,0.4,lognorm,lognormal,True,6.35823122726014e-12
0.09,0.4,lognorm,lognormal,True,0.008304926704789897
0.09,0.4,lognorm,lognormal,True,5.96758084683957e-15
0.09,0.4,lognorm,lognormal,True,0.001245236017875434
0.09,0.4,lognorm,lognormal,True,3.851790019985838e-12
0.09,0.4,lognorm,lognormal,True,0.07014024730241825
0.09,0.4,lognorm,lognormal,True,0.013244084456062826
0.09,0.4,lognorm,lognormal,True,5.989479114151291e-05
0.09,0.4,lognorm,lognormal,True,1.0152461583500427e-08
0.09,0.4,lognorm,lognormal,True,9.45961649355166e-09
0.09,0.4,lognorm,lognormal,True,0.003178751989022484
0.09,0.4,lognorm,lognormal,True,0.03720372053870281
0.09,0.4,lognorm,lognormal,True,1.32805842597492e-09
0.09,0.4,lognorm,lognormal,True,0.2768430016062633
0.09,0.4,lognorm,lognormal,True,6.668900958848314e-30
0.09,0.4,lognorm,lognormal,True,0.0012262782856611197
0.09,0.4,lognorm,lognormal,True,1.7801308086537214e-10
0.09,0.4,lognorm,lognormal,True,2.9265480206989113e-32
0.09,0.4,lognorm,lognormal,True,0.23638384277516045
0.09,0.4,lognorm,lognormal,True,0.00040400361745441323
0.09,0.4,lognorm,lognormal,True,0.010335055169392314
0.09,0.4,lognorm,lognormal,True,2.0445135195857277e-14
0.09,0.4,lognorm,lognormal,True,1.2690346261802802e-30
0.09,0.4,lognorm,lognormal,True,1.791646112229055e-41
0.09,0.4,lognorm,lognormal,True,1.4400106499758222e-17
0.09,0.4,lognorm,lognormal,True,0.011945945934696276
0.09,0.4,lognorm,lognormal,True,2.078549791881578e-35
0.09,0.4,lognorm,lognormal,True,1.7444591064369884e-05
0.09,0.4,lognorm,lognormal,True,0.35063043967753327
0.09,0.4,lognorm,lognormal,True,0.08766534823356582
0.09,0.4,lognorm,lognormal,True,0.9569265667747695
0.09,0.4,lognorm,lognormal,True,1.0588609452426487e-06
0.09,0.4,lognorm,lognormal,True,0.4310096262694798
0.09,0.4,lognorm,lognormal,True,2.6144188653469075e-06
0.09,0.4,lognorm,lognormal,True,8.052212263194725e-05
0.09,0.4,lognorm,lognormal,True,3.6555200863773468e-09
0.09,0.4,lognorm,lognormal,True,0.005536900089263712
0.09,0.4,lognorm,lognormal,True,0.4491143749254102
0.09,0.4,lognorm,lognormal,True,0.04388429411000002
0.09,0.4,lognorm,lognormal,True,1.8638701560820136e-05
0.09,0.4,lognorm,lognormal,True,0.030475369878885827
0.09,0.4,lognorm,lognormal,True,0.008643060354169766
0.09,0.4,lognorm,lognormal,True,0.01585089945136741
0.09,0.4,lognorm,lognormal,True,0.0004631467615163055
0.09,0.4,lognorm,lognormal,True,6.369475350332155e-11
0.09,0.4,lognorm,lognormal,True,2.111962416234028e-09
0.09,0.4,lognorm,lognormal,True,0.01219630472153475
0.09,0.4,lognorm,lognormal,True,0.04040025142189106
0.09,0.4,lognorm,lognormal,True,0.000335231099666926
0.09,0.4,lognorm,lognormal,True,0.061124925640214454
0.09,0.4,lognorm,lognormal,True,0.9898919022939113
0.09,0.4,lognorm,lognormal,True,0.2408672835853144
0.09,0.4,lognorm,lognormal,True,5.760245369954527e-06
0.09,0.4,lognorm,lognormal,True,8.097645560917545e-05
0.09,0.4,lognorm,lognormal,True,2.599255964011245e-17
0.09,0.4,lognorm,lognormal,True,0.06143108999615129
0.09,0.4,lognorm,lognormal,True,0.0019225693612808371
0.09,0.4,lognorm,lognormal,True,3.949961457891605e-10
0.09,0.4,lognorm,lognormal,True,2.4889888374465475e-08
0.09,0.4,lognorm,lognormal,True,0.07514816014542951
0.09,0.4,lognorm,lognormal,True,0.0025900912228750124
0.09,0.4,lognorm,lognormal,True,0.22457680508700828
0.09,0.4,lognorm,lognormal,True,0.0018275944061951989
0.09,0.4,lognorm,lognormal,True,0.11191341326401796
0.09,0.4,lognorm,lognormal,True,0.00011084019301226575
0.09,0.4,lognorm,lognormal,True,9.521385135670103e-14
0.09,0.4,lognorm,lognormal,True,1.085996598260153e-21
0.09,0.4,lognorm,lognormal,True,0.0661923132611229
0.09,0.4,lognorm,lognormal,True,1.7282488486289408e-05
0.09,0.4,lognorm,lognormal,True,0.001023940381271855
0.09,0.4,lognorm,lognormal,True,0.2241060142224258
0.09,0.4,lognorm,lognormal,True,0.48763140147998485
0.09,0.4,lognorm,lognormal,True,0.003560311920112525
0.09,0.4,lognorm,lognormal,True,0.03342821856651148
0.09,0.4,lognorm,lognormal,True,1.2044901714300989e-12
0.09,0.4,lognorm,lognormal,True,0.8874320724450344
0.09,0.4,lognorm,lognormal,True,3.8384636457918676e-08
0.09,0.4,lognorm,lognormal,True,0.6500463449900358
0.09,0.4,lognorm,lognormal,True,6.576162545754677e-10
0.09,0.4,lognorm,lognormal,True,8.499373095987576e-14
0.09,0.4,lognorm,lognormal,True,0.26841413329440633
0.09,0.4,lognorm,lognormal,True,0.9743527555208114
0.09,0.4,lognorm,lognormal,True,5.363879707939367e-13
0.09,0.4,lognorm,lognormal,True,3.0397531519508837e-05
0.09,0.4,lognorm,lognormal,True,3.683890662491323e-14
0.09,0.4,lognorm,lognormal,True,1.7279674326472332e-06
0.09,0.4,lognorm,lognormal,True,5.592647103255725e-11
0.09,0.4,lognorm,lognormal,True,0.2954297773213371
0.09,0.4,lognorm,lognormal,True,0.10433643524500034
0.09,0.4,lognorm,lognormal,True,0.0003664203819365135
0.09,0.4,lognorm,lognormal,True,0.03192808699715093
0.09,0.4,lognorm,lognormal,True,1.6838649907135582e-05
0.09,0.4,lognorm,lognormal,True,2.0398581350979915e-16
0.09,0.4,lognorm,lognormal,True,9.552507054323514e-06
0.09,0.4,lognorm,lognormal,True,0.043861708727207675
0.09,0.4,lognorm,lognormal,True,1.9922358817247445e-06
0.09,0.4,lognorm,lognormal,True,0.007164210866430659
0.09,0.4,lognorm,lognormal,True,0.430493220722312
0.09,0.4,lognorm,lognormal,True,0.0872574248110004
0.09,0.4,lognorm,lognormal,True,1.0579651616433459e-08
0.09,0.4,lognorm,lognormal,True,6.897183418609588e-07
0.09,0.4,lognorm,lognormal,True,0.02202062073575634
0.09,0.4,lognorm,lognormal,True,1.7502961222440655e-13
0.09,0.4,lognorm,lognormal,True,3.031756328701704e-11
0.09,0.4,lognorm,lognormal,True,0.07188547638922047
0.09,0.4,lognorm,lognormal,True,4.452386500783334e-07
0.09,0.4,lognorm,lognormal,True,0.00042766884104758935
0.09,0.4,lognorm,lognormal,True,2.6269984196715685e-09
0.09,0.4,lognorm,lognormal,True,1.4379406714607898e-09
0.09,0.4,lognorm,lognormal,True,9.693153377956511e-23
0.09,0.4,lognorm,lognormal,True,3.653812160294502e-15
0.09,0.4,lognorm,lognormal,True,0.017748625161292147
0.09,0.4,lognorm,lognormal,True,0.1280383164313282
0.09,0.4,lognorm,lognormal,True,3.0369226293512095e-08
0.09,0.4,lognorm,lognormal,True,0.018316426078932836
0.09,0.4,lognorm,lognormal,True,7.3212968225752e-43
0.09,0.4,lognorm,lognormal,True,3.3923685828831917e-10
0.09,0.4,lognorm,lognormal,True,1.9634909569097848e-29
0.09,0.4,lognorm,lognormal,True,0.2071935159849778
0.09,0.4,lognorm,lognormal,True,7.041246927856363e-21
0.09,0.4,lognorm,lognormal,True,0.7569002764274912
0.09,0.4,lognorm,lognormal,True,7.389791729297837e-33
0.09,0.4,lognorm,lognormal,True,0.0013596287320146168
0.09,0.4,lognorm,lognormal,True,3.4562352375317344e-09
0.09,0.4,lognorm,lognormal,True,1.0067087966851108e-19
0.09,0.4,lognorm,lognormal,True,4.36290636971037e-15
0.09,0.4,lognorm,lognormal,True,8.529628870825574e-08
0.09,0.4,lognorm,lognormal,True,0.0017208836012596598
0.09,0.4,lognorm,lognormal,True,0.3030747559899291
0.09,0.4,lognorm,lognormal,True,0.0006356880249662754
0.09,0.4,lognorm,lognormal,True,0.012732971918054578
0.09,0.4,lognorm,lognormal,True,1.491127681490225e-23
0.09,0.4,lognorm,lognormal,True,0.010006728099262133
0.09,0.4,lognorm,lognormal,True,2.8730350771053222e-09
0.09,0.4,lognorm,lognormal,True,3.2181614369003233e-15
0.09,0.4,lognorm,lognormal,True,6.5862822718710635e-12
0.09,0.4,lognorm,lognormal,True,1.0698696796755946e-09
0.09,0.4,lognorm,lognormal,True,0.037532807386817225
0.09,0.4,lognorm,lognormal,True,0.00011464915822170216
0.09,0.4,lognorm,lognormal,True,0.013736489846130113
0.09,0.4,lognorm,lognormal,True,4.146980619106876e-23
0.09,0.4,lognorm,lognormal,True,0.16492797106482843
0.09,0.4,lognorm,lognormal,True,0.5739897837992021
0.09,0.4,lognorm,lognormal,True,0.9345763548337553
0.09,0.4,lognorm,lognormal,True,0.028334933562516287
0.09,0.4,lognorm,lognormal,True,2.162077929519947e-10
0.09,0.4,lognorm,lognormal,True,0.2828982961822367
0.09,0.4,lognorm,lognormal,True,1.7935616643425941e-16
0.09,0.4,lognorm,lognormal,True,0.10633229062066483
0.09,0.4,lognorm,lognormal,True,1.1360065122103157e-33
0.09,0.4,lognorm,lognormal,True,3.414284173026909e-09
0.09,0.4,lognorm,lognormal,True,0.0006210581864002752
0.09,0.4,lognorm,lognormal,True,1.7902346000313228e-12
0.09,0.4,lognorm,lognormal,True,0.7557075248816338
0.09,0.4,lognorm,lognormal,True,0.0012712513023992102
0.09,0.4,lognorm,lognormal,True,2.5737862335940605e-05
0.09,0.4,lognorm,lognormal,True,0.4337907607627659
0.09,0.4,lognorm,lognormal,True,2.2243333702180716e-26
0.09,0.4,lognorm,lognormal,True,0.8680865646893129
0.09,0.4,lognorm,lognormal,True,0.4207224230890796
0.09,0.4,lognorm,lognormal,True,0.15578443298086578
0.09,0.4,lognorm,lognormal,True,6.605248197035254e-18
0.09,0.4,lognorm,lognormal,True,1.307822914931005e-08
0.09,0.4,lognorm,lognormal,True,3.6746204743662974e-13
0.09,0.4,lognorm,lognormal,True,2.9573356997361206e-09
0.09,0.4,lognorm,lognormal,True,0.5269474984816237
0.09,0.4,lognorm,lognormal,True,0.5654935825883972
0.09,0.4,lognorm,lognormal,True,0.010160190306565049
0.09,0.4,lognorm,lognormal,True,6.785148693081846e-25
0.09,0.4,lognorm,lognormal,True,3.4210455300521706e-07
0.09,0.4,lognorm,lognormal,True,3.0039581944570503e-48
