tau,rho,est,dist,obs_conf,pvals
0.03,-0.4,lognorm,lognormal,True,0.06664137087199995
0.03,-0.4,lognorm,lognormal,True,4.8919195418403783e-23
0.03,-0.4,lognorm,lognormal,True,2.9146419829241662e-12
0.03,-0.4,lognorm,lognormal,True,7.877269298088453e-08
0.03,-0.4,lognorm,lognormal,True,0.6318628080156611
0.03,-0.4,lognorm,lognormal,True,0.07444404892982177
0.03,-0.4,lognorm,lognormal,True,4.576281036078196e-11
0.03,-0.4,lognorm,lognormal,True,0.08064984184022131
0.03,-0.4,lognorm,lognormal,True,0.00012268668657856974
0.03,-0.4,lognorm,lognormal,True,0.06406775521062455
0.03,-0.4,lognorm,lognormal,True,2.213092602924114e-14
0.03,-0.4,lognorm,lognormal,True,0.03570546297842707
0.03,-0.4,lognorm,lognormal,True,2.9629884517112234e-05
0.03,-0.4,lognorm,lognormal,True,9.66434868483146e-12
0.03,-0.4,lognorm,lognormal,True,0.07989662285232427
0.03,-0.4,lognorm,lognormal,True,1.253804364125316e-06
0.03,-0.4,lognorm,lognormal,True,3.102583356265945e-05
0.03,-0.4,lognorm,lognormal,True,3.322625376069836e-13
0.03,-0.4,lognorm,lognormal,True,0.8141071854215426
0.03,-0.4,lognorm,lognormal,True,0.4986651600816283
0.03,-0.4,lognorm,lognormal,True,0.021734965306599838
0.03,-0.4,lognorm,lognormal,True,9.136862499654765e-05
0.03,-0.4,lognorm,lognormal,True,1.6212924759422755e-26
0.03,-0.4,lognorm,lognormal,True,0.07201626812334432
0.03,-0.4,lognorm,lognormal,True,0.00013708687974236546
0.03,-0.4,lognorm,lognormal,True,6.463075393300656e-13
0.03,-0.4,lognorm,lognormal,True,2.4596047782016487e-11
0.03,-0.4,lognorm,lognormal,True,1.5627342023277238e-07
0.03,-0.4,lognorm,lognormal,True,6.564883532726637e-12
0.03,-0.4,lognorm,lognormal,True,2.272345519776373e-06
0.03,-0.4,lognorm,lognormal,True,9.370732002169733e-09
0.03,-0.4,lognorm,lognormal,True,0.0009420835545822675
0.03,-0.4,lognorm,lognormal,True,7.839805033427425e-11
0.03,-0.4,lognorm,lognormal,True,7.4143521293417035e-09
0.03,-0.4,lognorm,lognormal,True,0.0016997857485914203
0.03,-0.4,lognorm,lognormal,True,7.065116546434437e-27
0.03,-0.4,lognorm,lognormal,True,0.7488144811112696
0.03,-0.4,lognorm,lognormal,True,3.35888384628433e-07
0.03,-0.4,lognorm,lognormal,True,0.05823721440438409
0.03,-0.4,lognorm,lognormal,True,0.4475236200458863
0.03,-0.4,lognorm,lognormal,True,0.006595706573638828
0.03,-0.4,lognorm,lognormal,True,2.995526619224824e-09
0.03,-0.4,lognorm,lognormal,True,0.0010703114467230817
0.03,-0.4,lognorm,lognormal,True,0.0941848741649835
0.03,-0.4,lognorm,lognormal,True,2.2189473936833826e-05
0.03,-0.4,lognorm,lognormal,True,0.5824171704774683
0.03,-0.4,lognorm,lognormal,True,0.0017392112889019155
0.03,-0.4,lognorm,lognormal,True,0.015474542657056285
0.03,-0.4,lognorm,lognormal,True,0.6457272772972762
0.03,-0.4,lognorm,lognormal,True,0.0015530897324020712
0.03,-0.4,lognorm,lognormal,True,5.730971764900092e-35
0.03,-0.4,lognorm,lognormal,True,0.05977552839240641
0.03,-0.4,lognorm,lognormal,True,7.905136807266812e-07
0.03,-0.4,lognorm,lognormal,True,3.20647206625418e-13
0.03,-0.4,lognorm,lognormal,True,1.602410225791292e-13
0.03,-0.4,lognorm,lognormal,True,4.86148229856414e-06
0.03,-0.4,lognorm,lognormal,True,0.847334254419176
0.03,-0.4,lognorm,lognormal,True,0.09399313658561094
0.03,-0.4,lognorm,lognormal,True,0.17926511893222663
0.03,-0.4,lognorm,lognormal,True,5.140301075734396e-08
0.03,-0.4,lognorm,lognormal,True,0.3131869126431098
0.03,-0.4,lognorm,lognormal,True,3.0469049124523154e-13
0.03,-0.4,lognorm,lognormal,True,2.6822880735009505e-06
0.03,-0.4,lognorm,lognormal,True,3.382727611691858e-11
0.03,-0.4,lognorm,lognormal,True,8.618967599004363e-05
0.03,-0.4,lognorm,lognormal,True,0.028571607717122617
0.03,-0.4,lognorm,lognormal,True,0.1957252892122967
0.03,-0.4,lognorm,lognormal,True,0.00027873766668050815
0.03,-0.4,lognorm,lognormal,True,0.012621617627488918
0.03,-0.4,lognorm,lognormal,True,0.1938232608020324
0.03,-0.4,lognorm,lognormal,True,4.219557876468359e-11
0.03,-0.4,lognorm,lognormal,True,0.0002674239249590886
0.03,-0.4,lognorm,lognormal,True,1.6537363012108855e-05
0.03,-0.4,lognorm,lognormal,True,0.9823724385362954
0.03,-0.4,lognorm,lognormal,True,0.00920150908588199
0.03,-0.4,lognorm,lognormal,True,0.00012058216915877913
0.03,-0.4,lognorm,lognormal,True,0.04052896802566623
0.03,-0.4,lognorm,lognormal,True,7.219883586338782e-18
0.03,-0.4,lognorm,lognormal,True,0.002819116253994577
0.03,-0.4,lognorm,lognormal,True,0.00019086760777530754
0.03,-0.4,lognorm,lognormal,True,0.043833000523648726
0.03,-0.4,lognorm,lognormal,True,0.07632363847420047
0.03,-0.4,lognorm,lognormal,True,5.601768852360502e-22
0.03,-0.4,lognorm,lognormal,True,0.000542131708581079
0.03,-0.4,lognorm,lognormal,True,9.065590632509746e-12
0.03,-0.4,lognorm,lognormal,True,1.7545978612866136e-13
0.03,-0.4,lognorm,lognormal,True,2.5893374329819695e-12
0.03,-0.4,lognorm,lognormal,True,4.634201811011032e-19
0.03,-0.4,lognorm,lognormal,True,8.253167608207443e-06
0.03,-0.4,lognorm,lognormal,True,6.171488522435238e-05
0.03,-0.4,lognorm,lognormal,True,3.7421806432270285e-20
0.03,-0.4,lognorm,lognormal,True,9.852620434953296e-18
0.03,-0.4,lognorm,lognormal,True,0.15539874118377925
0.03,-0.4,lognorm,lognormal,True,2.6073341167542034e-19
0.03,-0.4,lognorm,lognormal,True,0.0005366392861796865
0.03,-0.4,lognorm,lognormal,True,1.6359952914537718e-20
0.03,-0.4,lognorm,lognormal,True,1.8018940920238036e-11
0.03,-0.4,lognorm,lognormal,True,0.019130648619780446
0.03,-0.4,lognorm,lognormal,True,0.052881184162643056
0.03,-0.4,lognorm,lognormal,True,0.4249843175046534
0.03,-0.4,lognorm,lognormal,True,0.0004244271945717616
0.03,-0.4,lognorm,lognormal,True,6.265125990281554e-23
0.03,-0.4,lognorm,lognormal,True,0.5898933500228996
0.03,-0.4,lognorm,lognormal,True,0.11527125266808919
0.03,-0.4,lognorm,lognormal,True,0.09464164755499636
0.03,-0.4,lognorm,lognormal,True,2.111500810880083e-10
0.03,-0.4,lognorm,lognormal,True,8.207739609788366e-08
0.03,-0.4,lognorm,lognormal,True,1.5323884492277082e-07
0.03,-0.4,lognorm,lognormal,True,1.810184128452291e-13
0.03,-0.4,lognorm,lognormal,True,4.945898820562726e-05
0.03,-0.4,lognorm,lognormal,True,0.0005832468129662888
0.03,-0.4,lognorm,lognormal,True,0.15275622374775857
0.03,-0.4,lognorm,lognormal,True,0.1319139288758512
0.03,-0.4,lognorm,lognormal,True,2.6359398954516405e-08
0.03,-0.4,lognorm,lognormal,True,1.4102272428070441e-09
0.03,-0.4,lognorm,lognormal,True,0.0022042022339669206
0.03,-0.4,lognorm,lognormal,True,0.021348029539657976
0.03,-0.4,lognorm,lognormal,True,0.4058374556942097
0.03,-0.4,lognorm,lognormal,True,0.029946161429764147
0.03,-0.4,lognorm,lognormal,True,0.41447023574517794
0.03,-0.4,lognorm,lognormal,True,0.43293622260473974
0.03,-0.4,lognorm,lognormal,True,6.662260198396482e-05
0.03,-0.4,lognorm,lognormal,True,0.5755607610151152
0.03,-0.4,lognorm,lognormal,True,9.69725600765588e-15
0.03,-0.4,lognorm,lognormal,True,7.870704291762311e-08
0.03,-0.4,lognorm,lognormal,True,0.6880061551584683
0.03,-0.4,lognorm,lognormal,True,0.006548653487212837
0.03,-0.4,lognorm,lognormal,True,0.003079758454091314
0.03,-0.4,lognorm,lognormal,True,0.0033754386578599047
0.03,-0.4,lognorm,lognormal,True,4.890229735945142e-07
0.03,-0.4,lognorm,lognormal,True,2.1576223020995717e-20
0.03,-0.4,lognorm,lognormal,True,0.11262902788225661
0.03,-0.4,lognorm,lognormal,True,0.20695876588810394
0.03,-0.4,lognorm,lognormal,True,7.986728762863687e-06
0.03,-0.4,lognorm,lognormal,True,0.00013751993053158973
0.03,-0.4,lognorm,lognormal,True,0.5458397196132554
0.03,-0.4,lognorm,lognormal,True,5.23511512281924e-14
0.03,-0.4,lognorm,lognormal,True,0.01775595756739473
0.03,-0.4,lognorm,lognormal,True,1.1868045201505832e-05
0.03,-0.4,lognorm,lognormal,True,9.85538041248813e-06
0.03,-0.4,lognorm,lognormal,True,0.005160345388523657
0.03,-0.4,lognorm,lognormal,True,0.4699017048176405
0.03,-0.4,lognorm,lognormal,True,0.00015381235460511998
0.03,-0.4,lognorm,lognormal,True,0.789576679854347
0.03,-0.4,lognorm,lognormal,True,0.9578703768239009
0.03,-0.4,lognorm,lognormal,True,0.0003087371266301493
0.03,-0.4,lognorm,lognormal,True,0.0005323359051084421
0.03,-0.4,lognorm,lognormal,True,5.773112117572573e-23
0.03,-0.4,lognorm,lognormal,True,0.012832297970748882
0.03,-0.4,lognorm,lognormal,True,1.5270774973014652e-28
0.03,-0.4,lognorm,lognormal,True,7.334238327849562e-13
0.03,-0.4,lognorm,lognormal,True,0.11606972373971502
0.03,-0.4,lognorm,lognormal,True,1.6442893877651696e-22
0.03,-0.4,lognorm,lognormal,True,1.0154149416552636e-22
0.03,-0.4,lognorm,lognormal,True,2.6899503813104267e-05
0.03,-0.4,lognorm,lognormal,True,0.0001551979629900044
0.03,-0.4,lognorm,lognormal,True,0.107562078891703
0.03,-0.4,lognorm,lognormal,True,0.4375437897385702
0.03,-0.4,lognorm,lognormal,True,0.539281299909254
0.03,-0.4,lognorm,lognormal,True,0.0003278367579588659
0.03,-0.4,lognorm,lognormal,True,0.8790801392949152
0.03,-0.4,lognorm,lognormal,True,0.022366769134442126
0.03,-0.4,lognorm,lognormal,True,4.410546094381081e-09
0.03,-0.4,lognorm,lognormal,True,1.5666159593616737e-11
0.03,-0.4,lognorm,lognormal,True,9.952242220640103e-07
0.03,-0.4,lognorm,lognormal,True,4.717818885994048e-11
0.03,-0.4,lognorm,lognormal,True,0.27554277017650886
0.03,-0.4,lognorm,lognormal,True,1.0848648192928986e-35
0.03,-0.4,lognorm,lognormal,True,0.06770017920409624
0.03,-0.4,lognorm,lognormal,True,0.0003209990145977086
0.03,-0.4,lognorm,lognormal,True,3.8948527756445583e-13
0.03,-0.4,lognorm,lognormal,True,0.6102570289054143
0.03,-0.4,lognorm,lognormal,True,0.0017518889250424414
0.03,-0.4,lognorm,lognormal,True,4.205199797461892e-05
0.03,-0.4,lognorm,lognormal,True,0.00040116727843488633
0.03,-0.4,lognorm,lognormal,True,0.000862313831784339
0.03,-0.4,lognorm,lognormal,True,2.80123426416017e-17
0.03,-0.4,lognorm,lognormal,True,0.2449313158581225
0.03,-0.4,lognorm,lognormal,True,0.0021795474069781586
0.03,-0.4,lognorm,lognormal,True,1.6957440017839501e-06
0.03,-0.4,lognorm,lognormal,True,6.418258058900534e-15
0.03,-0.4,lognorm,lognormal,True,1.627526549383614e-11
0.03,-0.4,lognorm,lognormal,True,0.007559192299283475
0.03,-0.4,lognorm,lognormal,True,0.2595211420428656
0.03,-0.4,lognorm,lognormal,True,0.00028806549731808786
0.03,-0.4,lognorm,lognormal,True,0.014060847886011316
0.03,-0.4,lognorm,lognormal,True,5.870749795535527e-20
0.03,-0.4,lognorm,lognormal,True,6.7258217333255105e-06
0.03,-0.4,lognorm,lognormal,True,0.048762029923645145
0.03,-0.4,lognorm,lognormal,True,1.1565940520441232e-17
0.03,-0.4,lognorm,lognormal,True,5.774650352715953e-14
0.03,-0.4,lognorm,lognormal,True,0.014934170552463238
0.03,-0.4,lognorm,lognormal,True,0.020088380634883822
0.03,-0.4,lognorm,lognormal,True,1.541016870537357e-16
0.03,-0.4,lognorm,lognormal,True,0.19614740553092797
0.03,-0.4,lognorm,lognormal,True,1.6747274831736444e-06
0.03,-0.4,lognorm,lognormal,True,6.135327071062266e-07
0.03,-0.4,lognorm,lognormal,True,0.001335220713588419
0.03,-0.4,lognorm,lognormal,True,6.66932288208971e-10
0.03,-0.4,lognorm,lognormal,True,3.5427150890696075e-16
