tau,rho,est,dist,obs_conf,pvals
0.06,-0.2,lognorm,lognormal,True,0.17458545813214177
0.06,-0.2,lognorm,lognormal,True,1.259265357438267e-09
0.06,-0.2,lognorm,lognormal,True,0.0005549895719885391
0.06,-0.2,lognorm,lognormal,True,0.3678258479417773
0.06,-0.2,lognorm,lognormal,True,0.0004037519177251158
0.06,-0.2,lognorm,lognormal,True,0.4288806231410923
0.06,-0.2,lognorm,lognormal,True,2.9630195382123363e-10
0.06,-0.2,lognorm,lognormal,True,0.30071525399295007
0.06,-0.2,lognorm,lognormal,True,0.0029478455478988263
0.06,-0.2,lognorm,lognormal,True,0.017479625171409083
0.06,-0.2,lognorm,lognormal,True,4.5413871758118797e-07
0.06,-0.2,lognorm,lognormal,True,8.637616217674598e-05
0.06,-0.2,lognorm,lognormal,True,0.0008088708755992172
0.06,-0.2,lognorm,lognormal,True,0.6841202164830213
0.06,-0.2,lognorm,lognormal,True,0.0007590096662577551
0.06,-0.2,lognorm,lognormal,True,0.15947209027324116
0.06,-0.2,lognorm,lognormal,True,0.39188325930422063
0.06,-0.2,lognorm,lognormal,True,7.882868367430071e-07
0.06,-0.2,lognorm,lognormal,True,0.5271238737132794
0.06,-0.2,lognorm,lognormal,True,0.5974432472074147
0.06,-0.2,lognorm,lognormal,True,0.5202022677656375
0.06,-0.2,lognorm,lognormal,True,8.019100688385748e-05
0.06,-0.2,lognorm,lognormal,True,6.090115212955532e-13
0.06,-0.2,lognorm,lognormal,True,0.08599188259854351
0.06,-0.2,lognorm,lognormal,True,0.0021856894078568626
0.06,-0.2,lognorm,lognormal,True,0.02748514795352801
0.06,-0.2,lognorm,lognormal,True,0.15857095748800654
0.06,-0.2,lognorm,lognormal,True,0.07524129247023882
0.06,-0.2,lognorm,lognormal,True,0.0272147985107045
0.06,-0.2,lognorm,lognormal,True,0.023835778972191742
0.06,-0.2,lognorm,lognormal,True,0.00020725132655574863
0.06,-0.2,lognorm,lognormal,True,0.18421382365852054
0.06,-0.2,lognorm,lognormal,True,0.00011367997207492014
0.06,-0.2,lognorm,lognormal,True,0.0031143190696021495
0.06,-0.2,lognorm,lognormal,True,0.6016633888386176
0.06,-0.2,lognorm,lognormal,True,5.380656633955938e-13
0.06,-0.2,lognorm,lognormal,True,0.07776665316516394
0.06,-0.2,lognorm,lognormal,True,0.25206661636720207
0.06,-0.2,lognorm,lognormal,True,0.5190513518389366
0.06,-0.2,lognorm,lognormal,True,0.05092505473111607
0.06,-0.2,lognorm,lognormal,True,9.718624305193102e-06
0.06,-0.2,lognorm,lognormal,True,9.804872036297449e-05
0.06,-0.2,lognorm,lognormal,True,0.00018737638311459344
0.06,-0.2,lognorm,lognormal,True,0.31418427453889797
0.06,-0.2,lognorm,lognormal,True,8.154751580492093e-05
0.06,-0.2,lognorm,lognormal,True,0.10953184946575455
0.06,-0.2,lognorm,lognormal,True,0.7133254444207293
0.06,-0.2,lognorm,lognormal,True,0.046227142844460355
0.06,-0.2,lognorm,lognormal,True,0.7427643690032952
0.06,-0.2,lognorm,lognormal,True,4.027562368266827e-06
0.06,-0.2,lognorm,lognormal,True,8.090144736527431e-17
0.06,-0.2,lognorm,lognormal,True,0.060129953898428755
0.06,-0.2,lognorm,lognormal,True,0.03571329634786835
0.06,-0.2,lognorm,lognormal,True,3.0465734881982947e-07
0.06,-0.2,lognorm,lognormal,True,1.5293151494008168e-11
0.06,-0.2,lognorm,lognormal,True,0.1273771017774396
0.06,-0.2,lognorm,lognormal,True,0.3947651317600752
0.06,-0.2,lognorm,lognormal,True,0.007004640796324669
0.06,-0.2,lognorm,lognormal,True,0.46022117286796316
0.06,-0.2,lognorm,lognormal,True,1.9802184270069642e-07
0.06,-0.2,lognorm,lognormal,True,0.006503928607604736
0.06,-0.2,lognorm,lognormal,True,6.220257557809799e-06
0.06,-0.2,lognorm,lognormal,True,0.024467905396649132
0.06,-0.2,lognorm,lognormal,True,0.0002588442148086032
0.06,-0.2,lognorm,lognormal,True,0.06483351637649123
0.06,-0.2,lognorm,lognormal,True,0.054280647297389455
0.06,-0.2,lognorm,lognormal,True,0.26764284859227805
0.06,-0.2,lognorm,lognormal,True,0.003761974484997967
0.06,-0.2,lognorm,lognormal,True,0.02593409710011974
0.06,-0.2,lognorm,lognormal,True,0.07433335809847168
0.06,-0.2,lognorm,lognormal,True,1.2868505598699368e-13
0.06,-0.2,lognorm,lognormal,True,0.5855778048363118
0.06,-0.2,lognorm,lognormal,True,0.0001506279685829009
0.06,-0.2,lognorm,lognormal,True,0.012137300180293064
0.06,-0.2,lognorm,lognormal,True,0.9369631221110606
0.06,-0.2,lognorm,lognormal,True,0.005078199158114295
0.06,-0.2,lognorm,lognormal,True,0.8906730786585394
0.06,-0.2,lognorm,lognormal,True,0.000379597293060297
0.06,-0.2,lognorm,lognormal,True,0.5377704366178437
0.06,-0.2,lognorm,lognormal,True,0.04484420254436759
0.06,-0.2,lognorm,lognormal,True,0.5936375122678565
0.06,-0.2,lognorm,lognormal,True,0.2544385976458074
0.06,-0.2,lognorm,lognormal,True,1.1519730703479015e-06
0.06,-0.2,lognorm,lognormal,True,0.4456697170844317
0.06,-0.2,lognorm,lognormal,True,7.939624534796944e-11
0.06,-0.2,lognorm,lognormal,True,1.2649380179845725e-08
0.06,-0.2,lognorm,lognormal,True,0.0014444847506696495
0.06,-0.2,lognorm,lognormal,True,2.8609183763278865e-07
0.06,-0.2,lognorm,lognormal,True,4.4700001789071945e-05
0.06,-0.2,lognorm,lognormal,True,0.002718166726959131
0.06,-0.2,lognorm,lognormal,True,2.1603280216730155e-13
0.06,-0.2,lognorm,lognormal,True,4.378755656286567e-06
0.06,-0.2,lognorm,lognormal,True,0.39126812507253705
0.06,-0.2,lognorm,lognormal,True,1.2288095682714623e-11
0.06,-0.2,lognorm,lognormal,True,0.0002177074855399652
0.06,-0.2,lognorm,lognormal,True,1.5535048191363223e-11
0.06,-0.2,lognorm,lognormal,True,0.02951388085473684
0.06,-0.2,lognorm,lognormal,True,0.9878809408299766
0.06,-0.2,lognorm,lognormal,True,0.5312066768522989
0.06,-0.2,lognorm,lognormal,True,0.04892110634732498
0.06,-0.2,lognorm,lognormal,True,0.37894347427719666
0.06,-0.2,lognorm,lognormal,True,3.7794694037723205e-11
0.06,-0.2,lognorm,lognormal,True,0.20838648531242893
0.06,-0.2,lognorm,lognormal,True,0.5521457612017228
0.06,-0.2,lognorm,lognormal,True,0.689736868114327
0.06,-0.2,lognorm,lognormal,True,0.00022694686261741416
0.06,-0.2,lognorm,lognormal,True,3.159488479872504e-05
0.06,-0.2,lognorm,lognormal,True,0.18574116937353713
0.06,-0.2,lognorm,lognormal,True,2.9585033216750837e-07
0.06,-0.2,lognorm,lognormal,True,0.00012063707929729122
0.06,-0.2,lognorm,lognormal,True,0.0002561610330061216
0.06,-0.2,lognorm,lognormal,True,0.607298362510393
0.06,-0.2,lognorm,lognormal,True,5.262763244226255e-09
0.06,-0.2,lognorm,lognormal,True,0.023141706015133677
0.06,-0.2,lognorm,lognormal,True,0.04732458500215152
0.06,-0.2,lognorm,lognormal,True,0.1067896670480218
0.06,-0.2,lognorm,lognormal,True,0.0011620885612561188
0.06,-0.2,lognorm,lognormal,True,0.0667682609788968
0.06,-0.2,lognorm,lognormal,True,0.8441267486479375
0.06,-0.2,lognorm,lognormal,True,0.009106555668075356
0.06,-0.2,lognorm,lognormal,True,0.9021713172117707
0.06,-0.2,lognorm,lognormal,True,0.3087661513026433
0.06,-0.2,lognorm,lognormal,True,0.7134766064220383
0.06,-0.2,lognorm,lognormal,True,1.8585248511058685e-11
0.06,-0.2,lognorm,lognormal,True,0.027472036112856132
0.06,-0.2,lognorm,lognormal,True,0.08800088768006736
0.06,-0.2,lognorm,lognormal,True,0.174664829929134
0.06,-0.2,lognorm,lognormal,True,0.0008051169620205209
0.06,-0.2,lognorm,lognormal,True,0.01236333071314333
0.06,-0.2,lognorm,lognormal,True,0.05874213273635633
0.06,-0.2,lognorm,lognormal,True,5.3020022178617256e-14
0.06,-0.2,lognorm,lognormal,True,0.9770795736580926
0.06,-0.2,lognorm,lognormal,True,0.2624407344067774
0.06,-0.2,lognorm,lognormal,True,0.021974751894860645
0.06,-0.2,lognorm,lognormal,True,0.0009421830358511877
0.06,-0.2,lognorm,lognormal,True,0.9224477048658726
0.06,-0.2,lognorm,lognormal,True,0.009638368852922819
0.06,-0.2,lognorm,lognormal,True,0.42078257003483743
0.06,-0.2,lognorm,lognormal,True,0.11422066277231457
0.06,-0.2,lognorm,lognormal,True,0.18627662504028208
0.06,-0.2,lognorm,lognormal,True,0.18823519054558807
0.06,-0.2,lognorm,lognormal,True,0.5746531218524041
0.06,-0.2,lognorm,lognormal,True,0.0006969620466243689
0.06,-0.2,lognorm,lognormal,True,0.16462843969005608
0.06,-0.2,lognorm,lognormal,True,0.09427541881796013
0.06,-0.2,lognorm,lognormal,True,0.0775157931457766
0.06,-0.2,lognorm,lognormal,True,0.31438769218653784
0.06,-0.2,lognorm,lognormal,True,1.3270085055182183e-13
0.06,-0.2,lognorm,lognormal,True,0.01819870747722386
0.06,-0.2,lognorm,lognormal,True,2.2349788306778278e-13
0.06,-0.2,lognorm,lognormal,True,0.01874664098035609
0.06,-0.2,lognorm,lognormal,True,0.09484514522865044
0.06,-0.2,lognorm,lognormal,True,0.00042924411765581663
0.06,-0.2,lognorm,lognormal,True,1.4307935349826467e-11
0.06,-0.2,lognorm,lognormal,True,0.04662624304966487
0.06,-0.2,lognorm,lognormal,True,0.8470648314409224
0.06,-0.2,lognorm,lognormal,True,0.12701231929365633
0.06,-0.2,lognorm,lognormal,True,0.45990736534116927
0.06,-0.2,lognorm,lognormal,True,0.7019861103545195
0.06,-0.2,lognorm,lognormal,True,0.0016436893381285929
0.06,-0.2,lognorm,lognormal,True,0.24572411519055298
0.06,-0.2,lognorm,lognormal,True,0.007664872181898569
0.06,-0.2,lognorm,lognormal,True,0.001959431027981795
0.06,-0.2,lognorm,lognormal,True,0.38090385491403467
0.06,-0.2,lognorm,lognormal,True,8.595996283171433e-07
0.06,-0.2,lognorm,lognormal,True,7.197439845070264e-06
0.06,-0.2,lognorm,lognormal,True,0.4551179355245917
0.06,-0.2,lognorm,lognormal,True,2.9558023382491848e-15
0.06,-0.2,lognorm,lognormal,True,0.6196691043324318
0.06,-0.2,lognorm,lognormal,True,0.3216566804888575
0.06,-0.2,lognorm,lognormal,True,3.0027831103375683e-06
0.06,-0.2,lognorm,lognormal,True,0.7969011520588956
0.06,-0.2,lognorm,lognormal,True,0.18594632323593702
0.06,-0.2,lognorm,lognormal,True,0.02605822601143872
0.06,-0.2,lognorm,lognormal,True,0.21252023183752977
0.06,-0.2,lognorm,lognormal,True,0.16542908977573856
0.06,-0.2,lognorm,lognormal,True,3.5640611700919343e-06
0.06,-0.2,lognorm,lognormal,True,0.001122210270668996
0.06,-0.2,lognorm,lognormal,True,0.07601232350788367
0.06,-0.2,lognorm,lognormal,True,0.03209327149364576
0.06,-0.2,lognorm,lognormal,True,1.3639133437655682e-08
0.06,-0.2,lognorm,lognormal,True,0.0006015675177457935
0.06,-0.2,lognorm,lognormal,True,0.19402736868205783
0.06,-0.2,lognorm,lognormal,True,0.05237488281747487
0.06,-0.2,lognorm,lognormal,True,0.026978517993924308
0.06,-0.2,lognorm,lognormal,True,0.02579374277361054
0.06,-0.2,lognorm,lognormal,True,3.178110025194114e-11
0.06,-0.2,lognorm,lognormal,True,0.06220882958762406
0.06,-0.2,lognorm,lognormal,True,0.15591157432933717
0.06,-0.2,lognorm,lognormal,True,5.701487927162551e-12
0.06,-0.2,lognorm,lognormal,True,1.3615288515202926e-09
0.06,-0.2,lognorm,lognormal,True,0.36833545581681226
0.06,-0.2,lognorm,lognormal,True,0.4193523898545757
0.06,-0.2,lognorm,lognormal,True,1.670656166184234e-05
0.06,-0.2,lognorm,lognormal,True,0.76806890582124
0.06,-0.2,lognorm,lognormal,True,0.006913222165054542
0.06,-0.2,lognorm,lognormal,True,0.0003830615297959404
0.06,-0.2,lognorm,lognormal,True,0.32748146667051764
0.06,-0.2,lognorm,lognormal,True,8.458861043664855e-05
0.06,-0.2,lognorm,lognormal,True,1.555502579108615e-05
