tau,rho,est,dist,obs_conf,pvals
0.12,0.2,lognorm,lognormal,True,0.21512691310391732
0.12,0.2,lognorm,lognormal,True,0.6483700454640637
0.12,0.2,lognorm,lognormal,True,0.0436798888960076
0.12,0.2,lognorm,lognormal,True,0.2564416892294863
0.12,0.2,lognorm,lognormal,True,9.259271526988815e-08
0.12,0.2,lognorm,lognormal,True,0.47641683063852946
0.12,0.2,lognorm,lognormal,True,0.1381882569560808
0.12,0.2,lognorm,lognormal,True,2.384960536506172e-07
0.12,0.2,lognorm,lognormal,True,0.6525861728110007
0.12,0.2,lognorm,lognormal,True,0.45658466439401035
0.12,0.2,lognorm,lognormal,True,4.887796323719364e-09
0.12,0.2,lognorm,lognormal,True,3.4524999807246377e-07
0.12,0.2,lognorm,lognormal,True,0.11243878990250608
0.12,0.2,lognorm,lognormal,True,2.1777724195643938e-07
0.12,0.2,lognorm,lognormal,True,0.0018354334539008254
0.12,0.2,lognorm,lognormal,True,1.0857661643665241e-07
0.12,0.2,lognorm,lognormal,True,1.2887738493100412e-28
0.12,0.2,lognorm,lognormal,True,0.027886613489187
0.12,0.2,lognorm,lognormal,True,0.0017386044336047636
0.12,0.2,lognorm,lognormal,True,0.001982666593660492
0.12,0.2,lognorm,lognormal,True,1.2156126102957827e-20
0.12,0.2,lognorm,lognormal,True,0.0013017896711125263
0.12,0.2,lognorm,lognormal,True,0.01766212351392134
0.12,0.2,lognorm,lognormal,True,0.4567880253660548
0.12,0.2,lognorm,lognormal,True,0.8944830733197845
0.12,0.2,lognorm,lognormal,True,4.343443478172819e-13
0.12,0.2,lognorm,lognormal,True,1.3566492008008902e-08
0.12,0.2,lognorm,lognormal,True,4.96095238328319e-20
0.12,0.2,lognorm,lognormal,True,2.8302684971566767e-27
0.12,0.2,lognorm,lognormal,True,3.139251927975139e-08
0.12,0.2,lognorm,lognormal,True,0.4218184490655046
0.12,0.2,lognorm,lognormal,True,9.35610411279786e-06
0.12,0.2,lognorm,lognormal,True,0.37742343404320233
0.12,0.2,lognorm,lognormal,True,2.0547590593745398e-07
0.12,0.2,lognorm,lognormal,True,0.039497019533394365
0.12,0.2,lognorm,lognormal,True,0.16011844645957374
0.12,0.2,lognorm,lognormal,True,9.666722140796302e-05
0.12,0.2,lognorm,lognormal,True,6.974032777438122e-06
0.12,0.2,lognorm,lognormal,True,1.1855139021817966e-07
0.12,0.2,lognorm,lognormal,True,0.0215294829872177
0.12,0.2,lognorm,lognormal,True,0.006855158971053007
0.12,0.2,lognorm,lognormal,True,0.006966201669193645
0.12,0.2,lognorm,lognormal,True,0.021580582643672973
0.12,0.2,lognorm,lognormal,True,3.3104081998302155e-16
0.12,0.2,lognorm,lognormal,True,0.43255057099093464
0.12,0.2,lognorm,lognormal,True,1.5408300806488544e-07
0.12,0.2,lognorm,lognormal,True,1.446774577530901e-15
0.12,0.2,lognorm,lognormal,True,0.0027288953933624796
0.12,0.2,lognorm,lognormal,True,0.0008302508114439379
0.12,0.2,lognorm,lognormal,True,0.0022340796816857807
0.12,0.2,lognorm,lognormal,True,4.904385074962922e-05
0.12,0.2,lognorm,lognormal,True,3.388887780159915e-17
0.12,0.2,lognorm,lognormal,True,4.581682207351605e-22
0.12,0.2,lognorm,lognormal,True,0.0017286756857368406
0.12,0.2,lognorm,lognormal,True,0.8811636625743344
0.12,0.2,lognorm,lognormal,True,1.8843012646695127e-15
0.12,0.2,lognorm,lognormal,True,7.629922062891444e-07
0.12,0.2,lognorm,lognormal,True,3.087863969663014e-05
0.12,0.2,lognorm,lognormal,True,0.0021428908441465354
0.12,0.2,lognorm,lognormal,True,0.02036042286360057
0.12,0.2,lognorm,lognormal,True,4.4663015622050635e-07
0.12,0.2,lognorm,lognormal,True,0.5734129917902122
0.12,0.2,lognorm,lognormal,True,0.0015943233049304283
0.12,0.2,lognorm,lognormal,True,9.91089631155706e-06
0.12,0.2,lognorm,lognormal,True,8.657660093701162e-07
0.12,0.2,lognorm,lognormal,True,0.8348476401256895
0.12,0.2,lognorm,lognormal,True,0.4728113290116145
0.12,0.2,lognorm,lognormal,True,0.05206810345336827
0.12,0.2,lognorm,lognormal,True,0.00464886237166757
0.12,0.2,lognorm,lognormal,True,0.08340449666263006
0.12,0.2,lognorm,lognormal,True,9.375885492841587e-08
0.12,0.2,lognorm,lognormal,True,0.3031426359141829
0.12,0.2,lognorm,lognormal,True,0.07408080371602835
0.12,0.2,lognorm,lognormal,True,3.9905240244209207e-10
0.12,0.2,lognorm,lognormal,True,7.608501521912819e-10
0.12,0.2,lognorm,lognormal,True,0.003874187527419634
0.12,0.2,lognorm,lognormal,True,0.0009498185094370402
0.12,0.2,lognorm,lognormal,True,9.569616713492337e-05
0.12,0.2,lognorm,lognormal,True,0.36267416788615325
0.12,0.2,lognorm,lognormal,True,0.6758246944615772
0.12,0.2,lognorm,lognormal,True,0.534473452853332
0.12,0.2,lognorm,lognormal,True,2.9705622920370716e-05
0.12,0.2,lognorm,lognormal,True,0.013908190052693684
0.12,0.2,lognorm,lognormal,True,8.121789154483825e-12
0.12,0.2,lognorm,lognormal,True,0.0018976144059602257
0.12,0.2,lognorm,lognormal,True,0.00030519906363748447
0.12,0.2,lognorm,lognormal,True,7.36086485864027e-08
0.12,0.2,lognorm,lognormal,True,5.788256946147061e-07
0.12,0.2,lognorm,lognormal,True,0.4886837385930559
0.12,0.2,lognorm,lognormal,True,0.12291056441286448
0.12,0.2,lognorm,lognormal,True,0.2146228074712078
0.12,0.2,lognorm,lognormal,True,0.08275494552609951
0.12,0.2,lognorm,lognormal,True,0.0033898513386192842
0.12,0.2,lognorm,lognormal,True,0.5314052284683097
0.12,0.2,lognorm,lognormal,True,0.0009092465454563282
0.12,0.2,lognorm,lognormal,True,5.049078319743869e-09
0.12,0.2,lognorm,lognormal,True,0.32770533676604563
0.12,0.2,lognorm,lognormal,True,0.00013741268015409275
0.12,0.2,lognorm,lognormal,True,0.01815415653553472
0.12,0.2,lognorm,lognormal,True,0.0007860738005344489
0.12,0.2,lognorm,lognormal,True,0.024092904104784214
0.12,0.2,lognorm,lognormal,True,0.4765173026977223
0.12,0.2,lognorm,lognormal,True,0.07582677707197015
0.12,0.2,lognorm,lognormal,True,7.6360041093873e-06
0.12,0.2,lognorm,lognormal,True,0.25418927212045395
0.12,0.2,lognorm,lognormal,True,0.0008229612409326603
0.12,0.2,lognorm,lognormal,True,0.11806998459639323
0.12,0.2,lognorm,lognormal,True,3.591771322301504e-09
0.12,0.2,lognorm,lognormal,True,4.5483269021409355e-05
0.12,0.2,lognorm,lognormal,True,0.12135990775175988
0.12,0.2,lognorm,lognormal,True,0.22048321796643838
0.12,0.2,lognorm,lognormal,True,5.229049103832086e-13
0.12,0.2,lognorm,lognormal,True,2.652192580564707e-08
0.12,0.2,lognorm,lognormal,True,6.266765846003532e-13
0.12,0.2,lognorm,lognormal,True,9.583329294443541e-06
0.12,0.2,lognorm,lognormal,True,2.424519187201982e-07
0.12,0.2,lognorm,lognormal,True,0.0021160978806770833
0.12,0.2,lognorm,lognormal,True,0.5148083615402934
0.12,0.2,lognorm,lognormal,True,0.0017649003169329064
0.12,0.2,lognorm,lognormal,True,0.005773722098306469
0.12,0.2,lognorm,lognormal,True,0.0020032694005061684
0.12,0.2,lognorm,lognormal,True,2.506354749953509e-09
0.12,0.2,lognorm,lognormal,True,3.419499728949742e-06
0.12,0.2,lognorm,lognormal,True,0.8123258283099134
0.12,0.2,lognorm,lognormal,True,0.009141017557809517
0.12,0.2,lognorm,lognormal,True,0.00042670569146101945
0.12,0.2,lognorm,lognormal,True,0.20958612888344635
0.12,0.2,lognorm,lognormal,True,0.0008332692192606552
0.12,0.2,lognorm,lognormal,True,1.5792099243876874e-05
0.12,0.2,lognorm,lognormal,True,8.517419122391703e-05
0.12,0.2,lognorm,lognormal,True,0.053102364601581485
0.12,0.2,lognorm,lognormal,True,3.307064809240242e-09
0.12,0.2,lognorm,lognormal,True,2.2363317895994185e-09
0.12,0.2,lognorm,lognormal,True,0.7267287366836994
0.12,0.2,lognorm,lognormal,True,0.0538530395727628
0.12,0.2,lognorm,lognormal,True,0.04172470080169334
0.12,0.2,lognorm,lognormal,True,8.887915643735389e-08
0.12,0.2,lognorm,lognormal,True,9.700828364125608e-05
0.12,0.2,lognorm,lognormal,True,1.485226746533761e-10
0.12,0.2,lognorm,lognormal,True,5.811398601426989e-10
0.12,0.2,lognorm,lognormal,True,0.02790102905597358
0.12,0.2,lognorm,lognormal,True,0.04097160112669682
0.12,0.2,lognorm,lognormal,True,0.014345700902465612
0.12,0.2,lognorm,lognormal,True,0.004863510791025344
0.12,0.2,lognorm,lognormal,True,1.0127501272025127e-22
0.12,0.2,lognorm,lognormal,True,7.478217433474756e-07
0.12,0.2,lognorm,lognormal,True,4.515879653125048e-20
0.12,0.2,lognorm,lognormal,True,0.9916686531881341
0.12,0.2,lognorm,lognormal,True,1.9886417230293088e-06
0.12,0.2,lognorm,lognormal,True,0.1492877164221295
0.12,0.2,lognorm,lognormal,True,3.0874989360326932e-21
0.12,0.2,lognorm,lognormal,True,0.025627783980426668
0.12,0.2,lognorm,lognormal,True,6.729390353348028e-08
0.12,0.2,lognorm,lognormal,True,0.002075591681587245
0.12,0.2,lognorm,lognormal,True,9.672897547261753e-05
0.12,0.2,lognorm,lognormal,True,1.142711886859587e-06
0.12,0.2,lognorm,lognormal,True,0.040362709479144825
0.12,0.2,lognorm,lognormal,True,0.0953903413966634
0.12,0.2,lognorm,lognormal,True,0.11442172303132048
0.12,0.2,lognorm,lognormal,True,0.041834165883148346
0.12,0.2,lognorm,lognormal,True,2.766510063923538e-19
0.12,0.2,lognorm,lognormal,True,0.01536337678784737
0.12,0.2,lognorm,lognormal,True,8.421851650780076e-06
0.12,0.2,lognorm,lognormal,True,2.270910060147913e-12
0.12,0.2,lognorm,lognormal,True,0.10895250574438048
0.12,0.2,lognorm,lognormal,True,0.011752770140640974
0.12,0.2,lognorm,lognormal,True,0.04308600744159932
0.12,0.2,lognorm,lognormal,True,0.009123423394452884
0.12,0.2,lognorm,lognormal,True,0.4715998437930341
0.12,0.2,lognorm,lognormal,True,8.515951792403846e-15
0.12,0.2,lognorm,lognormal,True,0.3722887335873635
0.12,0.2,lognorm,lognormal,True,0.2590356947293241
0.12,0.2,lognorm,lognormal,True,0.43949838104682315
0.12,0.2,lognorm,lognormal,True,4.879500829491522e-05
0.12,0.2,lognorm,lognormal,True,2.164407881327347e-05
0.12,0.2,lognorm,lognormal,True,0.18565543468340584
0.12,0.2,lognorm,lognormal,True,1.6547302462176006e-09
0.12,0.2,lognorm,lognormal,True,0.12287769305999773
0.12,0.2,lognorm,lognormal,True,8.345616446052272e-21
0.12,0.2,lognorm,lognormal,True,4.656774820578916e-08
0.12,0.2,lognorm,lognormal,True,0.5536355333321596
0.12,0.2,lognorm,lognormal,True,9.941501098199199e-10
0.12,0.2,lognorm,lognormal,True,0.21888508723962757
0.12,0.2,lognorm,lognormal,True,0.5482865993102402
0.12,0.2,lognorm,lognormal,True,0.03816016838925386
0.12,0.2,lognorm,lognormal,True,1.4630133143410963e-08
0.12,0.2,lognorm,lognormal,True,1.9738346108732406e-07
0.12,0.2,lognorm,lognormal,True,0.5345424562041468
0.12,0.2,lognorm,lognormal,True,0.9833474674402614
0.12,0.2,lognorm,lognormal,True,0.06964991496716694
0.12,0.2,lognorm,lognormal,True,0.0011806535402461597
0.12,0.2,lognorm,lognormal,True,9.101086514187756e-07
0.12,0.2,lognorm,lognormal,True,1.4360402323247152e-14
0.12,0.2,lognorm,lognormal,True,0.00025144064689316666
0.12,0.2,lognorm,lognormal,True,0.6695716484610374
0.12,0.2,lognorm,lognormal,True,0.0017453087492126452
0.12,0.2,lognorm,lognormal,True,0.5835894959470098
0.12,0.2,lognorm,lognormal,True,5.072430046470168e-13
0.12,0.2,lognorm,lognormal,True,0.1350405050744366
0.12,0.2,lognorm,lognormal,True,2.4476321044250824e-16
