tau,rho,est,dist,obs_conf,pvals
0.06,-0.4,lognorm,lognormal,True,0.022824043886659328
0.06,-0.4,lognorm,lognormal,True,1.4507092743958966e-25
0.06,-0.4,lognorm,lognormal,True,2.95389328962425e-13
0.06,-0.4,lognorm,lognormal,True,1.069131616695515e-09
0.06,-0.4,lognorm,lognormal,True,0.3408115931727457
0.06,-0.4,lognorm,lognormal,True,0.28565889382338283
0.06,-0.4,lognorm,lognormal,True,5.715825286284256e-13
0.06,-0.4,lognorm,lognormal,True,0.01273287695511241
0.06,-0.4,lognorm,lognormal,True,7.297982160715689e-06
0.06,-0.4,lognorm,lognormal,True,0.021615523047109012
0.06,-0.4,lognorm,lognormal,True,1.4040649054633278e-12
0.06,-0.4,lognorm,lognormal,True,0.005355540670354767
0.06,-0.4,lognorm,lognormal,True,1.3952814841484008e-06
0.06,-0.4,lognorm,lognormal,True,7.614047756113007e-11
0.06,-0.4,lognorm,lognormal,True,0.022514973122218132
0.06,-0.4,lognorm,lognormal,True,3.2505015725842882e-06
0.06,-0.4,lognorm,lognormal,True,0.0002838284341597006
0.06,-0.4,lognorm,lognormal,True,1.3484497423653942e-15
0.06,-0.4,lognorm,lognormal,True,0.6917983123777189
0.06,-0.4,lognorm,lognormal,True,0.8543043232197685
0.06,-0.4,lognorm,lognormal,True,0.03999082477198572
0.06,-0.4,lognorm,lognormal,True,1.5834509303775737e-06
0.06,-0.4,lognorm,lognormal,True,4.6098294849247987e-29
0.06,-0.4,lognorm,lognormal,True,0.20926674051758973
0.06,-0.4,lognorm,lognormal,True,2.5780353020902997e-05
0.06,-0.4,lognorm,lognormal,True,3.946221438255401e-11
0.06,-0.4,lognorm,lognormal,True,6.058256548470223e-10
0.06,-0.4,lognorm,lognormal,True,1.8924604640655727e-06
0.06,-0.4,lognorm,lognormal,True,1.0155902720963087e-10
0.06,-0.4,lognorm,lognormal,True,7.955752877163176e-06
0.06,-0.4,lognorm,lognormal,True,2.767470511273485e-10
0.06,-0.4,lognorm,lognormal,True,0.004667139612310461
0.06,-0.4,lognorm,lognormal,True,4.2069963959232176e-13
0.06,-0.4,lognorm,lognormal,True,2.498578194909416e-07
0.06,-0.4,lognorm,lognormal,True,0.011215212676452362
0.06,-0.4,lognorm,lognormal,True,1.3625841265288776e-31
0.06,-0.4,lognorm,lognormal,True,0.7845374180710395
0.06,-0.4,lognorm,lognormal,True,5.749091508261318e-06
0.06,-0.4,lognorm,lognormal,True,0.2843930112928361
0.06,-0.4,lognorm,lognormal,True,0.28809348973508264
0.06,-0.4,lognorm,lognormal,True,0.0006638131055304747
0.06,-0.4,lognorm,lognormal,True,4.3986055698304646e-07
0.06,-0.4,lognorm,lognormal,True,2.5203634862330633e-05
0.06,-0.4,lognorm,lognormal,True,0.36460396915065485
0.06,-0.4,lognorm,lognormal,True,0.0002775702397838493
0.06,-0.4,lognorm,lognormal,True,0.9623112223817833
0.06,-0.4,lognorm,lognormal,True,0.008318570783984167
0.06,-0.4,lognorm,lognormal,True,0.0004198092916217128
0.06,-0.4,lognorm,lognormal,True,0.9703988482880248
0.06,-0.4,lognorm,lognormal,True,0.0004059952354580939
0.06,-0.4,lognorm,lognormal,True,9.104303633038834e-40
0.06,-0.4,lognorm,lognormal,True,0.0981579764400527
0.06,-0.4,lognorm,lognormal,True,1.0388433153459938e-05
0.06,-0.4,lognorm,lognormal,True,1.6599112439800525e-15
0.06,-0.4,lognorm,lognormal,True,1.110318131620908e-16
0.06,-0.4,lognorm,lognormal,True,3.092301570147107e-05
0.06,-0.4,lognorm,lognormal,True,0.3934295980723529
0.06,-0.4,lognorm,lognormal,True,0.010375425614153114
0.06,-0.4,lognorm,lognormal,True,0.04917452747096344
0.06,-0.4,lognorm,lognormal,True,9.742203856549986e-10
0.06,-0.4,lognorm,lognormal,True,0.15821457303893247
0.06,-0.4,lognorm,lognormal,True,2.2458284731255252e-15
0.06,-0.4,lognorm,lognormal,True,6.307453778625414e-08
0.06,-0.4,lognorm,lognormal,True,2.715293099407526e-10
0.06,-0.4,lognorm,lognormal,True,0.0040185154725681715
0.06,-0.4,lognorm,lognormal,True,0.010555534547721755
0.06,-0.4,lognorm,lognormal,True,0.42120119052155647
0.06,-0.4,lognorm,lognormal,True,0.003494482586197939
0.06,-0.4,lognorm,lognormal,True,0.0019588081279657754
0.06,-0.4,lognorm,lognormal,True,0.4793415076247872
0.06,-0.4,lognorm,lognormal,True,4.270501869267096e-13
0.06,-0.4,lognorm,lognormal,True,1.395808016840482e-05
0.06,-0.4,lognorm,lognormal,True,8.270774684364709e-05
0.06,-0.4,lognorm,lognormal,True,0.7476051231944675
0.06,-0.4,lognorm,lognormal,True,0.04032745148425222
0.06,-0.4,lognorm,lognormal,True,0.000426955401613278
0.06,-0.4,lognorm,lognormal,True,0.19723505406826053
0.06,-0.4,lognorm,lognormal,True,2.251313271368044e-16
0.06,-0.4,lognorm,lognormal,True,0.0003757583076222987
0.06,-0.4,lognorm,lognormal,True,0.007251959639537609
0.06,-0.4,lognorm,lognormal,True,0.19996585020640845
0.06,-0.4,lognorm,lognormal,True,0.19143319098744405
0.06,-0.4,lognorm,lognormal,True,2.743403422215465e-20
0.06,-0.4,lognorm,lognormal,True,0.005531000003444978
0.06,-0.4,lognorm,lognormal,True,2.425641535731728e-13
0.06,-0.4,lognorm,lognormal,True,1.1864589298488443e-15
0.06,-0.4,lognorm,lognormal,True,1.5746371523391343e-11
0.06,-0.4,lognorm,lognormal,True,1.4168543672100076e-17
0.06,-0.4,lognorm,lognormal,True,2.747221594191706e-07
0.06,-0.4,lognorm,lognormal,True,0.0008339791439502943
0.06,-0.4,lognorm,lognormal,True,1.325203012928444e-23
0.06,-0.4,lognorm,lognormal,True,1.3439111833591935e-20
0.06,-0.4,lognorm,lognormal,True,0.8872341560395314
0.06,-0.4,lognorm,lognormal,True,6.605798299162777e-23
0.06,-0.4,lognorm,lognormal,True,4.982835810158916e-05
0.06,-0.4,lognorm,lognormal,True,6.068931090839628e-23
0.06,-0.4,lognorm,lognormal,True,2.0560026761163323e-13
0.06,-0.4,lognorm,lognormal,True,0.06685205424529936
0.06,-0.4,lognorm,lognormal,True,0.11987254286743133
0.06,-0.4,lognorm,lognormal,True,0.14891714807002923
0.06,-0.4,lognorm,lognormal,True,6.0342763947007e-06
0.06,-0.4,lognorm,lognormal,True,2.3870769967226735e-26
0.06,-0.4,lognorm,lognormal,True,0.22378114004172364
0.06,-0.4,lognorm,lognormal,True,0.3208557525140123
0.06,-0.4,lognorm,lognormal,True,0.18117428068721175
0.06,-0.4,lognorm,lognormal,True,1.871572694354355e-09
0.06,-0.4,lognorm,lognormal,True,1.9555362595680706e-09
0.06,-0.4,lognorm,lognormal,True,6.764637425230678e-07
0.06,-0.4,lognorm,lognormal,True,2.5941709824401935e-16
0.06,-0.4,lognorm,lognormal,True,1.8617018500312047e-06
0.06,-0.4,lognorm,lognormal,True,8.3653338104955e-05
0.06,-0.4,lognorm,lognormal,True,0.4377013063356663
0.06,-0.4,lognorm,lognormal,True,0.020750605210070768
0.06,-0.4,lognorm,lognormal,True,3.278266286064135e-07
0.06,-0.4,lognorm,lognormal,True,2.5976247722357797e-08
0.06,-0.4,lognorm,lognormal,True,0.00865746214418508
0.06,-0.4,lognorm,lognormal,True,0.008811393623213077
0.06,-0.4,lognorm,lognormal,True,0.6961116859777614
0.06,-0.4,lognorm,lognormal,True,0.1132993134127754
0.06,-0.4,lognorm,lognormal,True,0.03423188808373611
0.06,-0.4,lognorm,lognormal,True,0.8018728551510044
0.06,-0.4,lognorm,lognormal,True,0.00038931448035027874
0.06,-0.4,lognorm,lognormal,True,0.8700312332656196
0.06,-0.4,lognorm,lognormal,True,5.055185187962457e-17
0.06,-0.4,lognorm,lognormal,True,3.5050642877356245e-10
0.06,-0.4,lognorm,lognormal,True,0.2932281149892835
0.06,-0.4,lognorm,lognormal,True,0.03285565688067547
0.06,-0.4,lognorm,lognormal,True,0.0007908587282493852
0.06,-0.4,lognorm,lognormal,True,0.010425780908472354
0.06,-0.4,lognorm,lognormal,True,6.488317411065999e-06
0.06,-0.4,lognorm,lognormal,True,1.7716972574186792e-22
0.06,-0.4,lognorm,lognormal,True,0.4535582636121537
0.06,-0.4,lognorm,lognormal,True,0.9771150444293311
0.06,-0.4,lognorm,lognormal,True,2.552239210248559e-07
0.06,-0.4,lognorm,lognormal,True,3.5507148018176337e-06
0.06,-0.4,lognorm,lognormal,True,0.207479100324802
0.06,-0.4,lognorm,lognormal,True,2.424916143684273e-11
0.06,-0.4,lognorm,lognormal,True,0.06153942581402026
0.06,-0.4,lognorm,lognormal,True,0.0002167030104589525
0.06,-0.4,lognorm,lognormal,True,0.00010778976711566443
0.06,-0.4,lognorm,lognormal,True,0.08010124390131933
0.06,-0.4,lognorm,lognormal,True,0.25709481757884556
0.06,-0.4,lognorm,lognormal,True,8.105968315271017e-06
0.06,-0.4,lognorm,lognormal,True,0.34407117367640094
0.06,-0.4,lognorm,lognormal,True,0.6662219454959952
0.06,-0.4,lognorm,lognormal,True,0.0015212291350821855
0.06,-0.4,lognorm,lognormal,True,0.004912096692995687
0.06,-0.4,lognorm,lognormal,True,3.150744228970038e-26
0.06,-0.4,lognorm,lognormal,True,0.0012563670289833897
0.06,-0.4,lognorm,lognormal,True,7.427728903663799e-31
0.06,-0.4,lognorm,lognormal,True,1.8906709794877235e-11
0.06,-0.4,lognorm,lognormal,True,0.34975190275756607
0.06,-0.4,lognorm,lognormal,True,4.3804827901207416e-20
0.06,-0.4,lognorm,lognormal,True,1.409249485427119e-26
0.06,-0.4,lognorm,lognormal,True,0.0003615141997463152
0.06,-0.4,lognorm,lognormal,True,0.0009279718760581234
0.06,-0.4,lognorm,lognormal,True,0.0284429503856552
0.06,-0.4,lognorm,lognormal,True,0.8245081896062412
0.06,-0.4,lognorm,lognormal,True,0.17735302757236338
0.06,-0.4,lognorm,lognormal,True,7.819048703373658e-06
0.06,-0.4,lognorm,lognormal,True,0.46369859770949196
0.06,-0.4,lognorm,lognormal,True,0.0961488969138579
0.06,-0.4,lognorm,lognormal,True,5.321764194650668e-08
0.06,-0.4,lognorm,lognormal,True,5.917535099393751e-10
0.06,-0.4,lognorm,lognormal,True,1.5088100561906594e-08
0.06,-0.4,lognorm,lognormal,True,8.290676444355098e-14
0.06,-0.4,lognorm,lognormal,True,0.5946480504361142
0.06,-0.4,lognorm,lognormal,True,2.910735598671011e-39
0.06,-0.4,lognorm,lognormal,True,0.02324885589562296
0.06,-0.4,lognorm,lognormal,True,0.0011690252973884537
0.06,-0.4,lognorm,lognormal,True,9.517205711668087e-15
0.06,-0.4,lognorm,lognormal,True,0.9573369156984898
0.06,-0.4,lognorm,lognormal,True,0.00013050505689302214
0.06,-0.4,lognorm,lognormal,True,1.053120638557942e-06
0.06,-0.4,lognorm,lognormal,True,0.002141377639478873
0.06,-0.4,lognorm,lognormal,True,0.0020350152941485725
0.06,-0.4,lognorm,lognormal,True,1.3079595605757716e-15
0.06,-0.4,lognorm,lognormal,True,0.05201283335316067
0.06,-0.4,lognorm,lognormal,True,0.04219094270857213
0.06,-0.4,lognorm,lognormal,True,0.0008767562374724562
0.06,-0.4,lognorm,lognormal,True,7.672146085978292e-17
0.06,-0.4,lognorm,lognormal,True,2.1406689685945284e-10
0.06,-0.4,lognorm,lognormal,True,0.0015158843688096296
0.06,-0.4,lognorm,lognormal,True,0.054955389487337844
0.06,-0.4,lognorm,lognormal,True,7.421640069737107e-06
0.06,-0.4,lognorm,lognormal,True,0.004051850747289719
0.06,-0.4,lognorm,lognormal,True,1.9737934306435472e-22
0.06,-0.4,lognorm,lognormal,True,0.00010516495105717874
0.06,-0.4,lognorm,lognormal,True,0.016424550153937217
0.06,-0.4,lognorm,lognormal,True,6.845465352097643e-20
0.06,-0.4,lognorm,lognormal,True,4.264409439310568e-16
0.06,-0.4,lognorm,lognormal,True,0.044100913022724175
0.06,-0.4,lognorm,lognormal,True,0.14802779936821164
0.06,-0.4,lognorm,lognormal,True,3.730791655458572e-19
0.06,-0.4,lognorm,lognormal,True,0.45876683066812096
0.06,-0.4,lognorm,lognormal,True,2.65391363184773e-07
0.06,-0.4,lognorm,lognormal,True,5.104918776263008e-09
0.06,-0.4,lognorm,lognormal,True,0.008221804232104665
0.06,-0.4,lognorm,lognormal,True,2.5991051995126976e-12
0.06,-0.4,lognorm,lognormal,True,2.9703035928200346e-14
