tau,rho,est,dist,obs_conf,pvals
0.12,0.4,mvnorm,lognormal,True,0.27249260066415104
0.12,0.4,mvnorm,lognormal,True,0.016637222867461204
0.12,0.4,mvnorm,lognormal,True,8.760786756344504e-07
0.12,0.4,mvnorm,lognormal,True,1.4829764184111498e-10
0.12,0.4,mvnorm,lognormal,True,0.0006266153777052664
0.12,0.4,mvnorm,lognormal,True,0.9917683006709803
0.12,0.4,mvnorm,lognormal,True,0.26107865743768677
0.12,0.4,mvnorm,lognormal,True,4.7909998619262784e-17
0.12,0.4,mvnorm,lognormal,True,0.5968015010149309
0.12,0.4,mvnorm,lognormal,True,6.033206314066033e-19
0.12,0.4,mvnorm,lognormal,True,0.7939591449729233
0.12,0.4,mvnorm,lognormal,True,0.1898128877250057
0.12,0.4,mvnorm,lognormal,True,0.41825835735237005
0.12,0.4,mvnorm,lognormal,True,0.4192416299284373
0.12,0.4,mvnorm,lognormal,True,2.1369748458575643e-05
0.12,0.4,mvnorm,lognormal,True,0.003069028325521202
0.12,0.4,mvnorm,lognormal,True,0.708858176807541
0.12,0.4,mvnorm,lognormal,True,0.02027662019168228
0.12,0.4,mvnorm,lognormal,True,0.3437367172092216
0.12,0.4,mvnorm,lognormal,True,5.833064322672609e-30
0.12,0.4,mvnorm,lognormal,True,4.452458580407024e-05
0.12,0.4,mvnorm,lognormal,True,0.18642686321441249
0.12,0.4,mvnorm,lognormal,True,6.0116965756378205e-18
0.12,0.4,mvnorm,lognormal,True,0.0037052676905135053
0.12,0.4,mvnorm,lognormal,True,0.23774534664337812
0.12,0.4,mvnorm,lognormal,True,0.024904410245918943
0.12,0.4,mvnorm,lognormal,True,0.4402943876628489
0.12,0.4,mvnorm,lognormal,True,1.3357516966549078e-10
0.12,0.4,mvnorm,lognormal,True,2.7805231888782003e-10
0.12,0.4,mvnorm,lognormal,True,0.9365778491425782
0.12,0.4,mvnorm,lognormal,True,8.319540117450984e-07
0.12,0.4,mvnorm,lognormal,True,0.010131456915486142
0.12,0.4,mvnorm,lognormal,True,0.0036441264066899856
0.12,0.4,mvnorm,lognormal,True,0.002072482826548268
0.12,0.4,mvnorm,lognormal,True,6.46388607479995e-16
0.12,0.4,mvnorm,lognormal,True,0.026631278627214237
0.12,0.4,mvnorm,lognormal,True,0.20015958486351967
0.12,0.4,mvnorm,lognormal,True,3.0183457866985858e-15
0.12,0.4,mvnorm,lognormal,True,0.13840700852020044
0.12,0.4,mvnorm,lognormal,True,0.17067304429619634
0.12,0.4,mvnorm,lognormal,True,0.00816547430256227
0.12,0.4,mvnorm,lognormal,True,7.1671708236570785e-06
0.12,0.4,mvnorm,lognormal,True,9.100425218188377e-22
0.12,0.4,mvnorm,lognormal,True,0.010617558793534166
0.12,0.4,mvnorm,lognormal,True,4.5560067234101575e-12
0.12,0.4,mvnorm,lognormal,True,1.6131054881535682e-05
0.12,0.4,mvnorm,lognormal,True,0.001212671018796701
0.12,0.4,mvnorm,lognormal,True,0.26439964674533545
0.12,0.4,mvnorm,lognormal,True,2.0166236787794312e-07
0.12,0.4,mvnorm,lognormal,True,0.9999386234705684
0.12,0.4,mvnorm,lognormal,True,0.31280476292440035
0.12,0.4,mvnorm,lognormal,True,4.448128713156545e-06
0.12,0.4,mvnorm,lognormal,True,2.954491722158029e-09
0.12,0.4,mvnorm,lognormal,True,1.3905348231635154e-09
0.12,0.4,mvnorm,lognormal,True,0.011165634819669501
0.12,0.4,mvnorm,lognormal,True,0.38174636731942013
0.12,0.4,mvnorm,lognormal,True,0.0009707020764888086
0.12,0.4,mvnorm,lognormal,True,8.843250127339934e-06
0.12,0.4,mvnorm,lognormal,True,0.0006590618578145025
0.12,0.4,mvnorm,lognormal,True,2.8201551887983575e-15
0.12,0.4,mvnorm,lognormal,True,0.0003372820994557086
0.12,0.4,mvnorm,lognormal,True,1.0747755883227926e-13
0.12,0.4,mvnorm,lognormal,True,0.05035276894506284
0.12,0.4,mvnorm,lognormal,True,0.47568756578312255
0.12,0.4,mvnorm,lognormal,True,0.0265568268655222
0.12,0.4,mvnorm,lognormal,True,0.04823718545351365
0.12,0.4,mvnorm,lognormal,True,0.007030798019568302
0.12,0.4,mvnorm,lognormal,True,1.203946688046996e-13
0.12,0.4,mvnorm,lognormal,True,0.15039219906689663
0.12,0.4,mvnorm,lognormal,True,0.049561071485698986
0.12,0.4,mvnorm,lognormal,True,0.19166826678308665
0.12,0.4,mvnorm,lognormal,True,0.0003033223897484564
0.12,0.4,mvnorm,lognormal,True,1.2659667858358999e-05
0.12,0.4,mvnorm,lognormal,True,2.4008782068336597e-06
0.12,0.4,mvnorm,lognormal,True,0.00029902192676462317
0.12,0.4,mvnorm,lognormal,True,1.2423445750785397e-12
0.12,0.4,mvnorm,lognormal,True,1.7126919226267968e-25
0.12,0.4,mvnorm,lognormal,True,8.579734945411218e-15
0.12,0.4,mvnorm,lognormal,True,0.04865486863176134
0.12,0.4,mvnorm,lognormal,True,0.00010345831708833521
0.12,0.4,mvnorm,lognormal,True,8.907643658119264e-05
0.12,0.4,mvnorm,lognormal,True,1.49964557978555e-05
0.12,0.4,mvnorm,lognormal,True,0.06549533509760061
0.12,0.4,mvnorm,lognormal,True,0.2654394401462446
0.12,0.4,mvnorm,lognormal,True,0.04330419207357213
0.12,0.4,mvnorm,lognormal,True,0.4176865215069493
0.12,0.4,mvnorm,lognormal,True,0.057776934955831846
0.12,0.4,mvnorm,lognormal,True,0.01084136189637322
0.12,0.4,mvnorm,lognormal,True,2.171946686278568e-13
0.12,0.4,mvnorm,lognormal,True,0.08656018727570115
0.12,0.4,mvnorm,lognormal,True,3.606257546701827e-05
0.12,0.4,mvnorm,lognormal,True,4.5710207786861216e-09
0.12,0.4,mvnorm,lognormal,True,1.8471857336900704e-06
0.12,0.4,mvnorm,lognormal,True,4.6621652097600714e-07
0.12,0.4,mvnorm,lognormal,True,9.093868656546906e-11
0.12,0.4,mvnorm,lognormal,True,2.7222098335507493e-08
0.12,0.4,mvnorm,lognormal,True,2.0844875495290393e-13
0.12,0.4,mvnorm,lognormal,True,0.5618197496371824
0.12,0.4,mvnorm,lognormal,True,0.0023032090268921774
0.12,0.4,mvnorm,lognormal,True,1.916167037164777e-10
0.12,0.4,mvnorm,lognormal,True,4.62406871410098e-32
0.12,0.4,mvnorm,lognormal,True,5.42183785762353e-25
0.12,0.4,mvnorm,lognormal,True,0.41761569612673166
0.12,0.4,mvnorm,lognormal,True,1.4122436905573263e-07
0.12,0.4,mvnorm,lognormal,True,2.0264329630334305e-09
0.12,0.4,mvnorm,lognormal,True,0.24726534902301384
0.12,0.4,mvnorm,lognormal,True,5.752274847116164e-10
0.12,0.4,mvnorm,lognormal,True,3.569774986773565e-05
0.12,0.4,mvnorm,lognormal,True,5.338925942523701e-12
0.12,0.4,mvnorm,lognormal,True,0.3694206753556095
0.12,0.4,mvnorm,lognormal,True,9.215494949153663e-09
0.12,0.4,mvnorm,lognormal,True,0.00012859233344586756
0.12,0.4,mvnorm,lognormal,True,0.39520097276733746
0.12,0.4,mvnorm,lognormal,True,0.5845865460509727
0.12,0.4,mvnorm,lognormal,True,0.024761480262844866
0.12,0.4,mvnorm,lognormal,True,0.003090785395590538
0.12,0.4,mvnorm,lognormal,True,6.722476858227093e-10
0.12,0.4,mvnorm,lognormal,True,0.3782334930028257
0.12,0.4,mvnorm,lognormal,True,0.00048510244558155565
0.12,0.4,mvnorm,lognormal,True,3.396783851990606e-05
0.12,0.4,mvnorm,lognormal,True,0.007570099609447611
0.12,0.4,mvnorm,lognormal,True,0.008175910235902372
0.12,0.4,mvnorm,lognormal,True,4.946705857382209e-08
0.12,0.4,mvnorm,lognormal,True,0.3477555122228636
0.12,0.4,mvnorm,lognormal,True,1.814422125174179e-17
0.12,0.4,mvnorm,lognormal,True,5.921757060923035e-05
0.12,0.4,mvnorm,lognormal,True,0.21182868028469662
0.12,0.4,mvnorm,lognormal,True,3.648162433318008e-18
0.12,0.4,mvnorm,lognormal,True,0.03623390029100344
0.12,0.4,mvnorm,lognormal,True,0.028478948194801748
0.12,0.4,mvnorm,lognormal,True,2.6191167578724193e-08
0.12,0.4,mvnorm,lognormal,True,0.6413250402279833
0.12,0.4,mvnorm,lognormal,True,4.855346394806975e-05
0.12,0.4,mvnorm,lognormal,True,0.03055537799100977
0.12,0.4,mvnorm,lognormal,True,0.002778473307510213
0.12,0.4,mvnorm,lognormal,True,3.870564663430828e-08
0.12,0.4,mvnorm,lognormal,True,1.6262466531271884e-05
0.12,0.4,mvnorm,lognormal,True,0.03324187686749024
0.12,0.4,mvnorm,lognormal,True,1.1418289178745448e-07
0.12,0.4,mvnorm,lognormal,True,1.4208378192847924e-16
0.12,0.4,mvnorm,lognormal,True,0.0007207789838603265
0.12,0.4,mvnorm,lognormal,True,0.07057513764454772
0.12,0.4,mvnorm,lognormal,True,4.005161997150115e-05
0.12,0.4,mvnorm,lognormal,True,1.0171817751489868e-15
0.12,0.4,mvnorm,lognormal,True,4.367013773951854e-08
0.12,0.4,mvnorm,lognormal,True,0.001735476920284269
0.12,0.4,mvnorm,lognormal,True,0.0003743679306613901
0.12,0.4,mvnorm,lognormal,True,0.11355294220964048
0.12,0.4,mvnorm,lognormal,True,0.13405424481461922
0.12,0.4,mvnorm,lognormal,True,0.00013135199207796547
0.12,0.4,mvnorm,lognormal,True,0.2734497938326873
0.12,0.4,mvnorm,lognormal,True,0.04712144751871063
0.12,0.4,mvnorm,lognormal,True,5.158291160914262e-05
0.12,0.4,mvnorm,lognormal,True,3.490997764286296e-10
0.12,0.4,mvnorm,lognormal,True,0.003986129189992762
0.12,0.4,mvnorm,lognormal,True,0.0020580818268362768
0.12,0.4,mvnorm,lognormal,True,0.06333103857593146
0.12,0.4,mvnorm,lognormal,True,0.0008762843863136387
0.12,0.4,mvnorm,lognormal,True,0.05466527898474134
0.12,0.4,mvnorm,lognormal,True,1.9664337479954795e-12
0.12,0.4,mvnorm,lognormal,True,0.0007336558969828464
0.12,0.4,mvnorm,lognormal,True,0.0008322422176691525
0.12,0.4,mvnorm,lognormal,True,4.656610058394441e-06
0.12,0.4,mvnorm,lognormal,True,0.0429856856401308
0.12,0.4,mvnorm,lognormal,True,0.01008257368358148
0.12,0.4,mvnorm,lognormal,True,7.402672500782545e-19
0.12,0.4,mvnorm,lognormal,True,2.2205086915215287e-10
0.12,0.4,mvnorm,lognormal,True,4.4161423968128894e-05
0.12,0.4,mvnorm,lognormal,True,0.6349393532282757
0.12,0.4,mvnorm,lognormal,True,3.8947241474318366e-19
0.12,0.4,mvnorm,lognormal,True,4.906638540543608e-05
0.12,0.4,mvnorm,lognormal,True,0.000873733024535697
0.12,0.4,mvnorm,lognormal,True,0.0023252096163476257
0.12,0.4,mvnorm,lognormal,True,4.368049697089358e-19
0.12,0.4,mvnorm,lognormal,True,2.6531908226815743e-05
0.12,0.4,mvnorm,lognormal,True,0.16156659172509646
0.12,0.4,mvnorm,lognormal,True,0.0059928992282036585
0.12,0.4,mvnorm,lognormal,True,0.9597877426483362
0.12,0.4,mvnorm,lognormal,True,1.6800627350339798e-19
0.12,0.4,mvnorm,lognormal,True,1.697654049066537e-08
0.12,0.4,mvnorm,lognormal,True,0.04328856833589999
0.12,0.4,mvnorm,lognormal,True,1.2990319947799762e-30
0.12,0.4,mvnorm,lognormal,True,0.45306972311276883
0.12,0.4,mvnorm,lognormal,True,5.4750572318543435e-06
0.12,0.4,mvnorm,lognormal,True,0.003245350479052696
0.12,0.4,mvnorm,lognormal,True,1.616912667409777e-12
0.12,0.4,mvnorm,lognormal,True,0.46324083055844756
0.12,0.4,mvnorm,lognormal,True,0.05023511003391897
0.12,0.4,mvnorm,lognormal,True,1.0002121487326056e-08
0.12,0.4,mvnorm,lognormal,True,0.42622406632396237
0.12,0.4,mvnorm,lognormal,True,0.012665889503164078
0.12,0.4,mvnorm,lognormal,True,8.739168013729962e-16
0.12,0.4,mvnorm,lognormal,True,0.021490241515310492
0.12,0.4,mvnorm,lognormal,True,7.482807937942046e-10
0.12,0.4,mvnorm,lognormal,True,0.02654083034335784
0.12,0.4,mvnorm,lognormal,True,0.0002813712829870456
0.12,0.4,mvnorm,lognormal,True,5.422134376486652e-15
0.12,0.4,mvnorm,lognormal,True,1.2431427976744065e-06
0.12,0.4,mvnorm,lognormal,True,0.033352093803665696
0.12,0.4,mvnorm,lognormal,True,0.007707344488401662
