tau,rho,est,dist,obs_conf,pvals
0.06,0.2,mvnorm,lognormal,True,0.6364921042135137
0.06,0.2,mvnorm,lognormal,True,0.22173324247870596
0.06,0.2,mvnorm,lognormal,True,0.16301163665519247
0.06,0.2,mvnorm,lognormal,True,1.3481290394512617e-06
0.06,0.2,mvnorm,lognormal,True,2.2522635599365307e-05
0.06,0.2,mvnorm,lognormal,True,0.5343386935069403
0.06,0.2,mvnorm,lognormal,True,0.7076613913758399
0.06,0.2,mvnorm,lognormal,True,7.578538366549209e-07
0.06,0.2,mvnorm,lognormal,True,5.9343983970240794e-05
0.06,0.2,mvnorm,lognormal,True,7.11739608368407e-08
0.06,0.2,mvnorm,lognormal,True,0.03695116547410998
0.06,0.2,mvnorm,lognormal,True,0.276981086910676
0.06,0.2,mvnorm,lognormal,True,0.14609696164471897
0.06,0.2,mvnorm,lognormal,True,0.21280796382940234
0.06,0.2,mvnorm,lognormal,True,0.1950329171293736
0.06,0.2,mvnorm,lognormal,True,0.018288349132679887
0.06,0.2,mvnorm,lognormal,True,0.3073474540101574
0.06,0.2,mvnorm,lognormal,True,0.4526573216893284
0.06,0.2,mvnorm,lognormal,True,0.7110654236554705
0.06,0.2,mvnorm,lognormal,True,4.538113072343942e-16
0.06,0.2,mvnorm,lognormal,True,0.009090275273800227
0.06,0.2,mvnorm,lognormal,True,0.1426712537519256
0.06,0.2,mvnorm,lognormal,True,0.000642724030647669
0.06,0.2,mvnorm,lognormal,True,0.03468261449748675
0.06,0.2,mvnorm,lognormal,True,0.4624691258592323
0.06,0.2,mvnorm,lognormal,True,0.3144644222058363
0.06,0.2,mvnorm,lognormal,True,0.520844401967099
0.06,0.2,mvnorm,lognormal,True,6.723931074736999e-05
0.06,0.2,mvnorm,lognormal,True,0.5869829580896015
0.06,0.2,mvnorm,lognormal,True,0.6320206347944156
0.06,0.2,mvnorm,lognormal,True,2.151614690542247e-06
0.06,0.2,mvnorm,lognormal,True,0.0023033937268849823
0.06,0.2,mvnorm,lognormal,True,0.0021019811267970275
0.06,0.2,mvnorm,lognormal,True,0.6330088449138437
0.06,0.2,mvnorm,lognormal,True,0.08238996912988215
0.06,0.2,mvnorm,lognormal,True,0.4017781574642879
0.06,0.2,mvnorm,lognormal,True,0.8694398407497727
0.06,0.2,mvnorm,lognormal,True,0.20973626158383557
0.06,0.2,mvnorm,lognormal,True,0.046757532849194185
0.06,0.2,mvnorm,lognormal,True,0.288398842890001
0.06,0.2,mvnorm,lognormal,True,0.04351304517205604
0.06,0.2,mvnorm,lognormal,True,0.6529999745178606
0.06,0.2,mvnorm,lognormal,True,2.0214881586493418e-10
0.06,0.2,mvnorm,lognormal,True,0.11715272034455897
0.06,0.2,mvnorm,lognormal,True,0.00017848586099426895
0.06,0.2,mvnorm,lognormal,True,0.003973020818832728
0.06,0.2,mvnorm,lognormal,True,0.0027757045209894334
0.06,0.2,mvnorm,lognormal,True,0.040323304112037356
0.06,0.2,mvnorm,lognormal,True,0.023334507314918655
0.06,0.2,mvnorm,lognormal,True,0.9490121020578427
0.06,0.2,mvnorm,lognormal,True,0.0005647227523681862
0.06,0.2,mvnorm,lognormal,True,0.16544223427435073
0.06,0.2,mvnorm,lognormal,True,7.710435401386775e-05
0.06,0.2,mvnorm,lognormal,True,3.3341095535500624e-05
0.06,0.2,mvnorm,lognormal,True,2.0351765079546572e-07
0.06,0.2,mvnorm,lognormal,True,0.5272914465210006
0.06,0.2,mvnorm,lognormal,True,0.05702147647563208
0.06,0.2,mvnorm,lognormal,True,0.45026239831741277
0.06,0.2,mvnorm,lognormal,True,0.372549657166228
0.06,0.2,mvnorm,lognormal,True,1.0424543802225194e-06
0.06,0.2,mvnorm,lognormal,True,0.007730725092916917
0.06,0.2,mvnorm,lognormal,True,2.636222045666061e-08
0.06,0.2,mvnorm,lognormal,True,0.996312447297149
0.06,0.2,mvnorm,lognormal,True,0.6697726062145009
0.06,0.2,mvnorm,lognormal,True,0.07652411460097858
0.06,0.2,mvnorm,lognormal,True,0.00871906576779629
0.06,0.2,mvnorm,lognormal,True,0.3598286435820923
0.06,0.2,mvnorm,lognormal,True,0.006712807655728806
0.06,0.2,mvnorm,lognormal,True,0.16731112274903565
0.06,0.2,mvnorm,lognormal,True,0.24913139997326328
0.06,0.2,mvnorm,lognormal,True,0.000490047927299183
0.06,0.2,mvnorm,lognormal,True,0.18860361804042974
0.06,0.2,mvnorm,lognormal,True,0.8806921494683329
0.06,0.2,mvnorm,lognormal,True,1.286670791837464e-06
0.06,0.2,mvnorm,lognormal,True,0.7392064665590494
0.06,0.2,mvnorm,lognormal,True,9.54364795388053e-06
0.06,0.2,mvnorm,lognormal,True,2.2643381266942126e-06
0.06,0.2,mvnorm,lognormal,True,3.45776337619401e-06
0.06,0.2,mvnorm,lognormal,True,0.43306035305732815
0.06,0.2,mvnorm,lognormal,True,3.779560932112734e-08
0.06,0.2,mvnorm,lognormal,True,0.009580827885602867
0.06,0.2,mvnorm,lognormal,True,0.00014082683007086993
0.06,0.2,mvnorm,lognormal,True,0.8049971954809187
0.06,0.2,mvnorm,lognormal,True,0.05978645790627511
0.06,0.2,mvnorm,lognormal,True,0.19882634930075568
0.06,0.2,mvnorm,lognormal,True,0.21004139151310616
0.06,0.2,mvnorm,lognormal,True,0.10055124529466622
0.06,0.2,mvnorm,lognormal,True,0.445278224642776
0.06,0.2,mvnorm,lognormal,True,0.48582613289034093
0.06,0.2,mvnorm,lognormal,True,0.5100695607810588
0.06,0.2,mvnorm,lognormal,True,0.8599807659241556
0.06,0.2,mvnorm,lognormal,True,0.03322830013496932
0.06,0.2,mvnorm,lognormal,True,7.800065379474112e-06
0.06,0.2,mvnorm,lognormal,True,0.08418519941838065
0.06,0.2,mvnorm,lognormal,True,0.008964483513425074
0.06,0.2,mvnorm,lognormal,True,0.0034391715619208098
0.06,0.2,mvnorm,lognormal,True,0.030257662340645815
0.06,0.2,mvnorm,lognormal,True,0.3302495628853598
0.06,0.2,mvnorm,lognormal,True,0.00555987261102172
0.06,0.2,mvnorm,lognormal,True,0.006529208058252409
0.06,0.2,mvnorm,lognormal,True,3.480394221954104e-14
0.06,0.2,mvnorm,lognormal,True,5.711394520513708e-10
0.06,0.2,mvnorm,lognormal,True,0.0005314168966025732
0.06,0.2,mvnorm,lognormal,True,0.006147452697345689
0.06,0.2,mvnorm,lognormal,True,1.1702988040753226e-06
0.06,0.2,mvnorm,lognormal,True,0.09963196220910703
0.06,0.2,mvnorm,lognormal,True,0.00023068710570793162
0.06,0.2,mvnorm,lognormal,True,0.22115470164969525
0.06,0.2,mvnorm,lognormal,True,3.385380197119987e-07
0.06,0.2,mvnorm,lognormal,True,0.01607600018286833
0.06,0.2,mvnorm,lognormal,True,0.00035968046050564054
0.06,0.2,mvnorm,lognormal,True,0.03596208702862619
0.06,0.2,mvnorm,lognormal,True,0.12843147370068628
0.06,0.2,mvnorm,lognormal,True,0.9422951762548549
0.06,0.2,mvnorm,lognormal,True,0.33122386835385376
0.06,0.2,mvnorm,lognormal,True,0.019793923672259406
0.06,0.2,mvnorm,lognormal,True,0.0004314629565930133
0.06,0.2,mvnorm,lognormal,True,0.14853462965098418
0.06,0.2,mvnorm,lognormal,True,0.22219712935548888
0.06,0.2,mvnorm,lognormal,True,0.04451256618890501
0.06,0.2,mvnorm,lognormal,True,0.05632444174378606
0.06,0.2,mvnorm,lognormal,True,0.13532199486499205
0.06,0.2,mvnorm,lognormal,True,5.0102969083054613e-08
0.06,0.2,mvnorm,lognormal,True,0.06482793907896385
0.06,0.2,mvnorm,lognormal,True,5.968734665270666e-10
0.06,0.2,mvnorm,lognormal,True,0.07679155046705291
0.06,0.2,mvnorm,lognormal,True,0.006123281764019798
0.06,0.2,mvnorm,lognormal,True,9.274783362618472e-11
0.06,0.2,mvnorm,lognormal,True,0.8221542342787609
0.06,0.2,mvnorm,lognormal,True,0.00043868125174241425
0.06,0.2,mvnorm,lognormal,True,0.24995697137185258
0.06,0.2,mvnorm,lognormal,True,0.006155775730540091
0.06,0.2,mvnorm,lognormal,True,0.14441319716103385
0.06,0.2,mvnorm,lognormal,True,0.1266755912015435
0.06,0.2,mvnorm,lognormal,True,0.3431533216926109
0.06,0.2,mvnorm,lognormal,True,0.11066923461259347
0.06,0.2,mvnorm,lognormal,True,0.06164444902601525
0.06,0.2,mvnorm,lognormal,True,0.0023014965998381398
0.06,0.2,mvnorm,lognormal,True,0.0001432729847755478
0.06,0.2,mvnorm,lognormal,True,0.0004447781965329174
0.06,0.2,mvnorm,lognormal,True,0.25326788962214586
0.06,0.2,mvnorm,lognormal,True,0.013478997327065425
0.06,0.2,mvnorm,lognormal,True,0.17600803527588674
0.06,0.2,mvnorm,lognormal,True,5.155454983344299e-05
0.06,0.2,mvnorm,lognormal,True,1.450583497529149e-07
0.06,0.2,mvnorm,lognormal,True,0.22146683528432612
0.06,0.2,mvnorm,lognormal,True,0.014560908199507266
0.06,0.2,mvnorm,lognormal,True,3.959434960025385e-06
0.06,0.2,mvnorm,lognormal,True,0.0016433186383044286
0.06,0.2,mvnorm,lognormal,True,0.42408238528783915
0.06,0.2,mvnorm,lognormal,True,0.4833840617864582
0.06,0.2,mvnorm,lognormal,True,0.6276721465994759
0.06,0.2,mvnorm,lognormal,True,0.20834254309873565
0.06,0.2,mvnorm,lognormal,True,0.02872878807241233
0.06,0.2,mvnorm,lognormal,True,0.0009833186107423152
0.06,0.2,mvnorm,lognormal,True,0.625141191509013
0.06,0.2,mvnorm,lognormal,True,0.0004749792903259152
0.06,0.2,mvnorm,lognormal,True,0.3940388053774183
0.06,0.2,mvnorm,lognormal,True,0.13053612584701973
0.06,0.2,mvnorm,lognormal,True,2.8729878763142158e-11
0.06,0.2,mvnorm,lognormal,True,0.08168978149058685
0.06,0.2,mvnorm,lognormal,True,0.965541874407274
0.06,0.2,mvnorm,lognormal,True,0.0018400723915928366
0.06,0.2,mvnorm,lognormal,True,0.7857948377517139
0.06,0.2,mvnorm,lognormal,True,0.560674562487904
0.06,0.2,mvnorm,lognormal,True,3.45176666026528e-20
0.06,0.2,mvnorm,lognormal,True,0.05120482716311408
0.06,0.2,mvnorm,lognormal,True,0.45939859951388673
0.06,0.2,mvnorm,lognormal,True,4.911364155084001e-06
0.06,0.2,mvnorm,lognormal,True,0.2253017312431641
0.06,0.2,mvnorm,lognormal,True,0.022947912002034058
0.06,0.2,mvnorm,lognormal,True,0.022169902118406654
0.06,0.2,mvnorm,lognormal,True,0.5017407803263486
0.06,0.2,mvnorm,lognormal,True,2.743581185698921e-05
0.06,0.2,mvnorm,lognormal,True,4.576386611422779e-06
0.06,0.2,mvnorm,lognormal,True,0.30905671041444027
0.06,0.2,mvnorm,lognormal,True,0.02133388576883672
0.06,0.2,mvnorm,lognormal,True,0.7120436528217902
0.06,0.2,mvnorm,lognormal,True,3.276150015066082e-07
0.06,0.2,mvnorm,lognormal,True,0.0003045354312222352
0.06,0.2,mvnorm,lognormal,True,0.06876165022588326
0.06,0.2,mvnorm,lognormal,True,7.133506516609747e-17
0.06,0.2,mvnorm,lognormal,True,0.01670188493026364
0.06,0.2,mvnorm,lognormal,True,6.239182780769589e-09
0.06,0.2,mvnorm,lognormal,True,0.04527590120639538
0.06,0.2,mvnorm,lognormal,True,0.5340062403713564
0.06,0.2,mvnorm,lognormal,True,0.12819509147558594
0.06,0.2,mvnorm,lognormal,True,0.4600227124222662
0.06,0.2,mvnorm,lognormal,True,8.49992195206274e-05
0.06,0.2,mvnorm,lognormal,True,0.00721086909310235
0.06,0.2,mvnorm,lognormal,True,0.21589358674053621
0.06,0.2,mvnorm,lognormal,True,7.10625028362464e-08
0.06,0.2,mvnorm,lognormal,True,0.3887908826944715
0.06,0.2,mvnorm,lognormal,True,0.5056039754008492
0.06,0.2,mvnorm,lognormal,True,0.20255390179139565
0.06,0.2,mvnorm,lognormal,True,0.09636356107608701
0.06,0.2,mvnorm,lognormal,True,4.3069051796409605e-07
0.06,0.2,mvnorm,lognormal,True,0.15194777279831223
0.06,0.2,mvnorm,lognormal,True,0.3366168719747171
0.06,0.2,mvnorm,lognormal,True,0.5636572479834225
