tau,rho,est,dist,obs_conf,pvals
0.15,-0.2,lognorm,lognormal,True,0.0026319940364839967
0.15,-0.2,lognorm,lognormal,True,2.726550005286147e-15
0.15,-0.2,lognorm,lognormal,True,1.9253732171815802e-11
0.15,-0.2,lognorm,lognormal,True,0.000252959565918256
0.15,-0.2,lognorm,lognormal,True,3.0339718068754397e-07
0.15,-0.2,lognorm,lognormal,True,0.2677008888017777
0.15,-0.2,lognorm,lognormal,True,8.065645201791059e-15
0.15,-0.2,lognorm,lognormal,True,0.07934126518077944
0.15,-0.2,lognorm,lognormal,True,6.050256514815737e-08
0.15,-0.2,lognorm,lognormal,True,2.994572904308265e-05
0.15,-0.2,lognorm,lognormal,True,0.0009365777518213287
0.15,-0.2,lognorm,lognormal,True,1.3771727238794567e-08
0.15,-0.2,lognorm,lognormal,True,3.666221664989063e-07
0.15,-0.2,lognorm,lognormal,True,0.06579155711769906
0.15,-0.2,lognorm,lognormal,True,5.06658579292021e-07
0.15,-0.2,lognorm,lognormal,True,0.7274086770040484
0.15,-0.2,lognorm,lognormal,True,0.6930802081904841
0.15,-0.2,lognorm,lognormal,True,6.753164604779198e-12
0.15,-0.2,lognorm,lognormal,True,0.049715373623593594
0.15,-0.2,lognorm,lognormal,True,0.08911629353562392
0.15,-0.2,lognorm,lognormal,True,0.3898023837937604
0.15,-0.2,lognorm,lognormal,True,2.0010295124594966e-08
0.15,-0.2,lognorm,lognormal,True,3.9040869642028346e-20
0.15,-0.2,lognorm,lognormal,True,0.8156360332265687
0.15,-0.2,lognorm,lognormal,True,1.3352901834789572e-07
0.15,-0.2,lognorm,lognormal,True,0.8584531167050503
0.15,-0.2,lognorm,lognormal,True,0.647124009473844
0.15,-0.2,lognorm,lognormal,True,0.9939921689586766
0.15,-0.2,lognorm,lognormal,True,0.32372164604373144
0.15,-0.2,lognorm,lognormal,True,0.6631377564916204
0.15,-0.2,lognorm,lognormal,True,5.7696697331248565e-11
0.15,-0.2,lognorm,lognormal,True,0.9268936937958898
0.15,-0.2,lognorm,lognormal,True,1.6516269880573483e-08
0.15,-0.2,lognorm,lognormal,True,0.26240583645559273
0.15,-0.2,lognorm,lognormal,True,0.029825302330468824
0.15,-0.2,lognorm,lognormal,True,1.0320867446725512e-20
0.15,-0.2,lognorm,lognormal,True,0.0020482205625959125
0.15,-0.2,lognorm,lognormal,True,0.5263641119471802
0.15,-0.2,lognorm,lognormal,True,0.008426289551458695
0.15,-0.2,lognorm,lognormal,True,0.00041944992427870746
0.15,-0.2,lognorm,lognormal,True,1.280747366964667e-11
0.15,-0.2,lognorm,lognormal,True,0.036145994979773624
0.15,-0.2,lognorm,lognormal,True,3.9550462378817025e-08
0.15,-0.2,lognorm,lognormal,True,0.004989082169950431
0.15,-0.2,lognorm,lognormal,True,0.05170797403228628
0.15,-0.2,lognorm,lognormal,True,0.0014034787757624078
0.15,-0.2,lognorm,lognormal,True,0.22865068100436148
0.15,-0.2,lognorm,lognormal,True,4.1848431475706804e-05
0.15,-0.2,lognorm,lognormal,True,0.011872693081139314
0.15,-0.2,lognorm,lognormal,True,1.0646384437562659e-10
0.15,-0.2,lognorm,lognormal,True,4.4129990211826896e-26
0.15,-0.2,lognorm,lognormal,True,0.0003150865608981039
0.15,-0.2,lognorm,lognormal,True,0.8465224338588324
0.15,-0.2,lognorm,lognormal,True,7.860309348399938e-13
0.15,-0.2,lognorm,lognormal,True,9.770328188903908e-18
0.15,-0.2,lognorm,lognormal,True,0.922184192186621
0.15,-0.2,lognorm,lognormal,True,0.010507588344078892
0.15,-0.2,lognorm,lognormal,True,1.953523509397777e-06
0.15,-0.2,lognorm,lognormal,True,0.007044324318221684
0.15,-0.2,lognorm,lognormal,True,8.077461337762748e-12
0.15,-0.2,lognorm,lognormal,True,1.270185305258183e-06
0.15,-0.2,lognorm,lognormal,True,2.4216028717516302e-14
0.15,-0.2,lognorm,lognormal,True,9.408951632499975e-06
0.15,-0.2,lognorm,lognormal,True,0.07389231722623317
0.15,-0.2,lognorm,lognormal,True,0.9869173732651937
0.15,-0.2,lognorm,lognormal,True,0.00010443877913615481
0.15,-0.2,lognorm,lognormal,True,0.4971944117423559
0.15,-0.2,lognorm,lognormal,True,0.4495810521140383
0.15,-0.2,lognorm,lognormal,True,0.00019922884927183179
0.15,-0.2,lognorm,lognormal,True,0.8091522903181727
0.15,-0.2,lognorm,lognormal,True,1.975904769381368e-20
0.15,-0.2,lognorm,lognormal,True,0.02171845635243449
0.15,-0.2,lognorm,lognormal,True,0.04760224363945383
0.15,-0.2,lognorm,lognormal,True,8.876786553468475e-06
0.15,-0.2,lognorm,lognormal,True,0.10722603489247945
0.15,-0.2,lognorm,lognormal,True,0.2502588612058797
0.15,-0.2,lognorm,lognormal,True,0.04028045602084043
0.15,-0.2,lognorm,lognormal,True,0.02113164571493115
0.15,-0.2,lognorm,lognormal,True,0.007179776064520015
0.15,-0.2,lognorm,lognormal,True,0.7852125047626943
0.15,-0.2,lognorm,lognormal,True,0.12263459531917235
0.15,-0.2,lognorm,lognormal,True,0.4403187523180847
0.15,-0.2,lognorm,lognormal,True,0.001378456588956641
0.15,-0.2,lognorm,lognormal,True,0.6421585052173238
0.15,-0.2,lognorm,lognormal,True,4.348865814569712e-17
0.15,-0.2,lognorm,lognormal,True,4.056578454569345e-14
0.15,-0.2,lognorm,lognormal,True,0.19994158194696618
0.15,-0.2,lognorm,lognormal,True,9.900991255000763e-05
0.15,-0.2,lognorm,lognormal,True,1.424980645248558e-08
0.15,-0.2,lognorm,lognormal,True,0.3412347294339936
0.15,-0.2,lognorm,lognormal,True,7.141486893065567e-20
0.15,-0.2,lognorm,lognormal,True,6.36307432928581e-11
0.15,-0.2,lognorm,lognormal,True,0.003547077503645927
0.15,-0.2,lognorm,lognormal,True,3.6415085040728975e-19
0.15,-0.2,lognorm,lognormal,True,6.516172887488599e-09
0.15,-0.2,lognorm,lognormal,True,1.5636434264446196e-17
0.15,-0.2,lognorm,lognormal,True,1.1231064040619973e-05
0.15,-0.2,lognorm,lognormal,True,0.08346672970448846
0.15,-0.2,lognorm,lognormal,True,0.41699889429130055
0.15,-0.2,lognorm,lognormal,True,0.00017270982000949043
0.15,-0.2,lognorm,lognormal,True,0.018552283559583455
0.15,-0.2,lognorm,lognormal,True,1.0022974543587728e-18
0.15,-0.2,lognorm,lognormal,True,0.0013458992203587762
0.15,-0.2,lognorm,lognormal,True,0.4510745399097863
0.15,-0.2,lognorm,lognormal,True,0.2057284245849851
0.15,-0.2,lognorm,lognormal,True,0.015862859977508196
0.15,-0.2,lognorm,lognormal,True,1.780463630967189e-10
0.15,-0.2,lognorm,lognormal,True,0.5484222849711629
0.15,-0.2,lognorm,lognormal,True,5.67617549690775e-15
0.15,-0.2,lognorm,lognormal,True,1.511040723819779e-08
0.15,-0.2,lognorm,lognormal,True,2.4253066573032403e-08
0.15,-0.2,lognorm,lognormal,True,0.01579225534016858
0.15,-0.2,lognorm,lognormal,True,7.109496668960041e-16
0.15,-0.2,lognorm,lognormal,True,0.6186233546380555
0.15,-0.2,lognorm,lognormal,True,0.7562169365560296
0.15,-0.2,lognorm,lognormal,True,0.6657043505128204
0.15,-0.2,lognorm,lognormal,True,8.980384565974705e-08
0.15,-0.2,lognorm,lognormal,True,0.7863673825711762
0.15,-0.2,lognorm,lognormal,True,0.004278950148591203
0.15,-0.2,lognorm,lognormal,True,1.053486973584661e-05
0.15,-0.2,lognorm,lognormal,True,0.14610479870307294
0.15,-0.2,lognorm,lognormal,True,0.3048855255487659
0.15,-0.2,lognorm,lognormal,True,0.018128071492077718
0.15,-0.2,lognorm,lognormal,True,1.9194218334843255e-19
0.15,-0.2,lognorm,lognormal,True,2.1224929489232712e-05
0.15,-0.2,lognorm,lognormal,True,3.1250166391586853e-06
0.15,-0.2,lognorm,lognormal,True,0.32139375397645426
0.15,-0.2,lognorm,lognormal,True,1.5748246510751743e-06
0.15,-0.2,lognorm,lognormal,True,0.38989070409956006
0.15,-0.2,lognorm,lognormal,True,0.9099009272659723
0.15,-0.2,lognorm,lognormal,True,1.2071374550698268e-21
0.15,-0.2,lognorm,lognormal,True,0.05694958836582044
0.15,-0.2,lognorm,lognormal,True,0.0003751209823455712
0.15,-0.2,lognorm,lognormal,True,2.9844564492786706e-05
0.15,-0.2,lognorm,lognormal,True,1.6358169588305924e-09
0.15,-0.2,lognorm,lognormal,True,0.0954001351775863
0.15,-0.2,lognorm,lognormal,True,0.3420360222881325
0.15,-0.2,lognorm,lognormal,True,0.02967876380533883
0.15,-0.2,lognorm,lognormal,True,0.5607732397727182
0.15,-0.2,lognorm,lognormal,True,0.7126243534200929
0.15,-0.2,lognorm,lognormal,True,0.7415568372229435
0.15,-0.2,lognorm,lognormal,True,0.028449142217791743
0.15,-0.2,lognorm,lognormal,True,7.920892699263826e-08
0.15,-0.2,lognorm,lognormal,True,0.0006914567793733584
0.15,-0.2,lognorm,lognormal,True,0.00039771718311057587
0.15,-0.2,lognorm,lognormal,True,0.4028568154826013
0.15,-0.2,lognorm,lognormal,True,0.41661767726716237
0.15,-0.2,lognorm,lognormal,True,1.3214038405715499e-21
0.15,-0.2,lognorm,lognormal,True,9.95442948888282e-07
0.15,-0.2,lognorm,lognormal,True,3.75437308631778e-22
0.15,-0.2,lognorm,lognormal,True,0.2613337787167447
0.15,-0.2,lognorm,lognormal,True,0.9607597835917304
0.15,-0.2,lognorm,lognormal,True,0.027372989817982724
0.15,-0.2,lognorm,lognormal,True,3.391952168097647e-18
0.15,-0.2,lognorm,lognormal,True,0.8302723821505926
0.15,-0.2,lognorm,lognormal,True,0.25544947901618126
0.15,-0.2,lognorm,lognormal,True,0.00047176625413449007
0.15,-0.2,lognorm,lognormal,True,0.007388420297598253
0.15,-0.2,lognorm,lognormal,True,0.12195644217377953
0.15,-0.2,lognorm,lognormal,True,6.124273642777902e-08
0.15,-0.2,lognorm,lognormal,True,0.001818355804963347
0.15,-0.2,lognorm,lognormal,True,0.9130983290993224
0.15,-0.2,lognorm,lognormal,True,0.2184033973261004
0.15,-0.2,lognorm,lognormal,True,0.5200348244989399
0.15,-0.2,lognorm,lognormal,True,8.476892953727034e-11
0.15,-0.2,lognorm,lognormal,True,1.363952023592498e-11
0.15,-0.2,lognorm,lognormal,True,0.42944300218730613
0.15,-0.2,lognorm,lognormal,True,3.708774332501223e-24
0.15,-0.2,lognorm,lognormal,True,0.01654891052210693
0.15,-0.2,lognorm,lognormal,True,0.018421957005023137
0.15,-0.2,lognorm,lognormal,True,9.058025585393326e-12
0.15,-0.2,lognorm,lognormal,True,0.108324296888742
0.15,-0.2,lognorm,lognormal,True,0.00019736900365120008
0.15,-0.2,lognorm,lognormal,True,4.135766042492737e-05
0.15,-0.2,lognorm,lognormal,True,0.8596791776855173
0.15,-0.2,lognorm,lognormal,True,0.414661232452616
0.15,-0.2,lognorm,lognormal,True,0.0027155541838123167
0.15,-0.2,lognorm,lognormal,True,3.9609997348943175e-08
0.15,-0.2,lognorm,lognormal,True,0.8369448201133619
0.15,-0.2,lognorm,lognormal,True,0.6941551936989903
0.15,-0.2,lognorm,lognormal,True,5.167914772845204e-14
0.15,-0.2,lognorm,lognormal,True,0.1673349374666259
0.15,-0.2,lognorm,lognormal,True,0.00023879905642247348
0.15,-0.2,lognorm,lognormal,True,0.0006117844901189079
0.15,-0.2,lognorm,lognormal,True,6.844152250059381e-05
0.15,-0.2,lognorm,lognormal,True,1.7487542496840314e-05
0.15,-0.2,lognorm,lognormal,True,2.3493848309540407e-19
0.15,-0.2,lognorm,lognormal,True,0.9386301026836177
0.15,-0.2,lognorm,lognormal,True,5.4815518840121626e-05
0.15,-0.2,lognorm,lognormal,True,5.71540072048843e-19
0.15,-0.2,lognorm,lognormal,True,2.480818169522841e-16
0.15,-0.2,lognorm,lognormal,True,0.14240183221830877
0.15,-0.2,lognorm,lognormal,True,0.3504543853857489
0.15,-0.2,lognorm,lognormal,True,3.4564943414732163e-12
0.15,-0.2,lognorm,lognormal,True,0.05973901729164833
0.15,-0.2,lognorm,lognormal,True,4.734026939918143e-06
0.15,-0.2,lognorm,lognormal,True,3.0510098167256315e-08
0.15,-0.2,lognorm,lognormal,True,0.8613147256621694
0.15,-0.2,lognorm,lognormal,True,2.8691766867110766e-08
0.15,-0.2,lognorm,lognormal,True,0.003337819863029564
