tau,rho,est,dist,obs_conf,pvals
0.06,-0.4,mvnorm,lognormal,True,4.65996772083037e-05
0.06,-0.4,mvnorm,lognormal,True,1.6842714078905277e-10
0.06,-0.4,mvnorm,lognormal,True,0.011899694750526782
0.06,-0.4,mvnorm,lognormal,True,0.004200737296864545
0.06,-0.4,mvnorm,lognormal,True,0.412220867322598
0.06,-0.4,mvnorm,lognormal,True,3.0488549238752305e-06
0.06,-0.4,mvnorm,lognormal,True,4.2171723830585416e-10
0.06,-0.4,mvnorm,lognormal,True,0.00011535932482854016
0.06,-0.4,mvnorm,lognormal,True,0.002656796651540754
0.06,-0.4,mvnorm,lognormal,True,0.017617055001166258
0.06,-0.4,mvnorm,lognormal,True,0.17422197224204689
0.06,-0.4,mvnorm,lognormal,True,0.007953480375415847
0.06,-0.4,mvnorm,lognormal,True,0.00022869590083691532
0.06,-0.4,mvnorm,lognormal,True,1.1670653997081156e-07
0.06,-0.4,mvnorm,lognormal,True,0.8943020624720648
0.06,-0.4,mvnorm,lognormal,True,0.19357080415812233
0.06,-0.4,mvnorm,lognormal,True,4.6569236496187344e-07
0.06,-0.4,mvnorm,lognormal,True,0.0053993576263868534
0.06,-0.4,mvnorm,lognormal,True,0.00659317529974781
0.06,-0.4,mvnorm,lognormal,True,9.451227702559563e-06
0.06,-0.4,mvnorm,lognormal,True,3.442808638276157e-05
0.06,-0.4,mvnorm,lognormal,True,0.5863523359245225
0.06,-0.4,mvnorm,lognormal,True,1.4697425970032165e-06
0.06,-0.4,mvnorm,lognormal,True,0.09146681636630392
0.06,-0.4,mvnorm,lognormal,True,0.0006599881086347911
0.06,-0.4,mvnorm,lognormal,True,4.607328920074545e-09
0.06,-0.4,mvnorm,lognormal,True,0.21241329651839333
0.06,-0.4,mvnorm,lognormal,True,0.08353671104425361
0.06,-0.4,mvnorm,lognormal,True,0.00036566713420428405
0.06,-0.4,mvnorm,lognormal,True,0.018921889988943626
0.06,-0.4,mvnorm,lognormal,True,2.7407174243423114e-06
0.06,-0.4,mvnorm,lognormal,True,0.2074411712819234
0.06,-0.4,mvnorm,lognormal,True,0.5835018422494189
0.06,-0.4,mvnorm,lognormal,True,0.0011621527942302125
0.06,-0.4,mvnorm,lognormal,True,0.027990510417295982
0.06,-0.4,mvnorm,lognormal,True,3.9483415875969746e-06
0.06,-0.4,mvnorm,lognormal,True,0.05523112128839376
0.06,-0.4,mvnorm,lognormal,True,0.00015953525899317877
0.06,-0.4,mvnorm,lognormal,True,5.773936144740318e-11
0.06,-0.4,mvnorm,lognormal,True,0.00470682843795458
0.06,-0.4,mvnorm,lognormal,True,1.186451954918749e-10
0.06,-0.4,mvnorm,lognormal,True,0.0033440246979358967
0.06,-0.4,mvnorm,lognormal,True,0.22997396778395923
0.06,-0.4,mvnorm,lognormal,True,0.4531522931254234
0.06,-0.4,mvnorm,lognormal,True,0.08754672828373472
0.06,-0.4,mvnorm,lognormal,True,0.0006496149874480432
0.06,-0.4,mvnorm,lognormal,True,0.03209308144717527
0.06,-0.4,mvnorm,lognormal,True,0.005600062492964508
0.06,-0.4,mvnorm,lognormal,True,3.297049306835143e-05
0.06,-0.4,mvnorm,lognormal,True,2.326955156150541e-16
0.06,-0.4,mvnorm,lognormal,True,0.9821938990869001
0.06,-0.4,mvnorm,lognormal,True,0.008951320773806486
0.06,-0.4,mvnorm,lognormal,True,0.041683836977528456
0.06,-0.4,mvnorm,lognormal,True,0.000932916221698919
0.06,-0.4,mvnorm,lognormal,True,0.004983400821358752
0.06,-0.4,mvnorm,lognormal,True,6.986982205898816e-06
0.06,-0.4,mvnorm,lognormal,True,0.0018668067698560723
0.06,-0.4,mvnorm,lognormal,True,0.026227919162401175
0.06,-0.4,mvnorm,lognormal,True,3.221298485261589e-07
0.06,-0.4,mvnorm,lognormal,True,6.923887921920585e-07
0.06,-0.4,mvnorm,lognormal,True,0.12002747924817056
0.06,-0.4,mvnorm,lognormal,True,0.014414768934328534
0.06,-0.4,mvnorm,lognormal,True,1.021588581008894e-14
0.06,-0.4,mvnorm,lognormal,True,4.4425392168623134e-10
0.06,-0.4,mvnorm,lognormal,True,0.03663588879975825
0.06,-0.4,mvnorm,lognormal,True,2.3867610062079552e-05
0.06,-0.4,mvnorm,lognormal,True,0.08475506674382689
0.06,-0.4,mvnorm,lognormal,True,5.508350670725757e-08
0.06,-0.4,mvnorm,lognormal,True,0.10225412339654862
0.06,-0.4,mvnorm,lognormal,True,0.0017665346293399854
0.06,-0.4,mvnorm,lognormal,True,2.0338207965899365e-05
0.06,-0.4,mvnorm,lognormal,True,0.0022695738421696365
0.06,-0.4,mvnorm,lognormal,True,7.441919089136324e-05
0.06,-0.4,mvnorm,lognormal,True,0.0002041693016767126
0.06,-0.4,mvnorm,lognormal,True,2.2392364696204228e-11
0.06,-0.4,mvnorm,lognormal,True,0.05220440845019307
0.06,-0.4,mvnorm,lognormal,True,0.003530286013853153
0.06,-0.4,mvnorm,lognormal,True,5.694341273606241e-13
0.06,-0.4,mvnorm,lognormal,True,0.0004849714555032237
0.06,-0.4,mvnorm,lognormal,True,0.5500840085408367
0.06,-0.4,mvnorm,lognormal,True,0.9155496291062719
0.06,-0.4,mvnorm,lognormal,True,3.79289423018348e-05
0.06,-0.4,mvnorm,lognormal,True,0.00010837739275268516
0.06,-0.4,mvnorm,lognormal,True,0.052195779868266665
0.06,-0.4,mvnorm,lognormal,True,0.000316325478129473
0.06,-0.4,mvnorm,lognormal,True,0.4874831763752667
0.06,-0.4,mvnorm,lognormal,True,8.647581171359423e-09
0.06,-0.4,mvnorm,lognormal,True,6.114383884272374e-11
0.06,-0.4,mvnorm,lognormal,True,0.3601515435111493
0.06,-0.4,mvnorm,lognormal,True,0.0029651285958138185
0.06,-0.4,mvnorm,lognormal,True,0.5397860656031246
0.06,-0.4,mvnorm,lognormal,True,0.07129418690763538
0.06,-0.4,mvnorm,lognormal,True,0.9257479524886414
0.06,-0.4,mvnorm,lognormal,True,0.18527761926816952
0.06,-0.4,mvnorm,lognormal,True,8.523878336657574e-05
0.06,-0.4,mvnorm,lognormal,True,1.213936656658374e-13
0.06,-0.4,mvnorm,lognormal,True,3.366261404194115e-20
0.06,-0.4,mvnorm,lognormal,True,0.0020636883870634856
0.06,-0.4,mvnorm,lognormal,True,0.18820500648445077
0.06,-0.4,mvnorm,lognormal,True,0.11436383858091911
0.06,-0.4,mvnorm,lognormal,True,2.4166353225087562e-06
0.06,-0.4,mvnorm,lognormal,True,0.036963233698464194
0.06,-0.4,mvnorm,lognormal,True,2.944576690915929e-07
0.06,-0.4,mvnorm,lognormal,True,0.002516895746605626
0.06,-0.4,mvnorm,lognormal,True,0.5766960874235323
0.06,-0.4,mvnorm,lognormal,True,0.006124396820289941
0.06,-0.4,mvnorm,lognormal,True,2.308708735021966e-06
0.06,-0.4,mvnorm,lognormal,True,0.019186186469776823
0.06,-0.4,mvnorm,lognormal,True,0.030942358296736805
0.06,-0.4,mvnorm,lognormal,True,0.03751164764014396
0.06,-0.4,mvnorm,lognormal,True,4.4023049503629415e-08
0.06,-0.4,mvnorm,lognormal,True,0.04256017681108239
0.06,-0.4,mvnorm,lognormal,True,0.20233214699115326
0.06,-0.4,mvnorm,lognormal,True,0.2595594696496432
0.06,-0.4,mvnorm,lognormal,True,0.3964596836913027
0.06,-0.4,mvnorm,lognormal,True,1.7716828568451246e-12
0.06,-0.4,mvnorm,lognormal,True,0.0002840510478579328
0.06,-0.4,mvnorm,lognormal,True,0.539741567730279
0.06,-0.4,mvnorm,lognormal,True,7.7808706505636605e-19
0.06,-0.4,mvnorm,lognormal,True,0.4627294711324812
0.06,-0.4,mvnorm,lognormal,True,3.958880079558125e-05
0.06,-0.4,mvnorm,lognormal,True,1.206882938606259e-08
0.06,-0.4,mvnorm,lognormal,True,0.3748665516009362
0.06,-0.4,mvnorm,lognormal,True,0.08706248046304478
0.06,-0.4,mvnorm,lognormal,True,1.8784126525848245e-05
0.06,-0.4,mvnorm,lognormal,True,8.678997093041454e-05
0.06,-0.4,mvnorm,lognormal,True,0.28089053463484315
0.06,-0.4,mvnorm,lognormal,True,0.06353663905829182
0.06,-0.4,mvnorm,lognormal,True,0.6211001976883499
0.06,-0.4,mvnorm,lognormal,True,0.018568329177241143
0.06,-0.4,mvnorm,lognormal,True,0.7091920584349787
0.06,-0.4,mvnorm,lognormal,True,0.0030231191725422694
0.06,-0.4,mvnorm,lognormal,True,0.12485964028345217
0.06,-0.4,mvnorm,lognormal,True,0.10431367485704149
0.06,-0.4,mvnorm,lognormal,True,0.0011172286678278564
0.06,-0.4,mvnorm,lognormal,True,4.852087212778936e-12
0.06,-0.4,mvnorm,lognormal,True,0.007143572676488987
0.06,-0.4,mvnorm,lognormal,True,1.5224673647183231e-07
0.06,-0.4,mvnorm,lognormal,True,0.03303068818404968
0.06,-0.4,mvnorm,lognormal,True,0.03455565997132735
0.06,-0.4,mvnorm,lognormal,True,4.327232083410617e-05
0.06,-0.4,mvnorm,lognormal,True,0.00022890365028681992
0.06,-0.4,mvnorm,lognormal,True,0.00019012453193129782
0.06,-0.4,mvnorm,lognormal,True,0.0824513254750027
0.06,-0.4,mvnorm,lognormal,True,0.7717092467819341
0.06,-0.4,mvnorm,lognormal,True,0.4094682882459957
0.06,-0.4,mvnorm,lognormal,True,5.736563182017675e-14
0.06,-0.4,mvnorm,lognormal,True,0.036938466514429204
0.06,-0.4,mvnorm,lognormal,True,0.0009980361280816522
0.06,-0.4,mvnorm,lognormal,True,0.0008235117258191429
0.06,-0.4,mvnorm,lognormal,True,0.008265714891600332
0.06,-0.4,mvnorm,lognormal,True,1.3568296366420613e-08
0.06,-0.4,mvnorm,lognormal,True,0.002033364665611205
0.06,-0.4,mvnorm,lognormal,True,0.0038760608825952414
0.06,-0.4,mvnorm,lognormal,True,0.032184478131799706
0.06,-0.4,mvnorm,lognormal,True,4.854095189443735e-06
0.06,-0.4,mvnorm,lognormal,True,2.2566814455568756e-05
0.06,-0.4,mvnorm,lognormal,True,0.0006790510910086217
0.06,-0.4,mvnorm,lognormal,True,4.496075591418445e-05
0.06,-0.4,mvnorm,lognormal,True,0.6007043172009268
0.06,-0.4,mvnorm,lognormal,True,0.10293719213509131
0.06,-0.4,mvnorm,lognormal,True,0.00013406230410476207
0.06,-0.4,mvnorm,lognormal,True,0.03197670417884628
0.06,-0.4,mvnorm,lognormal,True,2.1005764249970654e-07
0.06,-0.4,mvnorm,lognormal,True,1.1019634142265477e-07
0.06,-0.4,mvnorm,lognormal,True,5.658316774950832e-05
0.06,-0.4,mvnorm,lognormal,True,0.0003928293729121317
0.06,-0.4,mvnorm,lognormal,True,0.9863640925081073
0.06,-0.4,mvnorm,lognormal,True,7.020401495605553e-05
0.06,-0.4,mvnorm,lognormal,True,0.9238299014954341
0.06,-0.4,mvnorm,lognormal,True,5.6120579041513805e-05
0.06,-0.4,mvnorm,lognormal,True,0.3235177524369061
0.06,-0.4,mvnorm,lognormal,True,0.0024807456799844792
0.06,-0.4,mvnorm,lognormal,True,1.3830960774505531e-13
0.06,-0.4,mvnorm,lognormal,True,0.020920930372991337
0.06,-0.4,mvnorm,lognormal,True,0.9711495344372146
0.06,-0.4,mvnorm,lognormal,True,0.10267231554508638
0.06,-0.4,mvnorm,lognormal,True,0.056948827503054744
0.06,-0.4,mvnorm,lognormal,True,2.1773811951045655e-21
0.06,-0.4,mvnorm,lognormal,True,7.827332851292368e-15
0.06,-0.4,mvnorm,lognormal,True,1.5922760664364284e-06
0.06,-0.4,mvnorm,lognormal,True,0.016594013760223097
0.06,-0.4,mvnorm,lognormal,True,1.5622731719942544e-07
0.06,-0.4,mvnorm,lognormal,True,0.00014764556780028264
0.06,-0.4,mvnorm,lognormal,True,0.931497902423158
0.06,-0.4,mvnorm,lognormal,True,4.572030747124692e-06
0.06,-0.4,mvnorm,lognormal,True,1.1609118090167646e-05
0.06,-0.4,mvnorm,lognormal,True,0.6140211377443578
0.06,-0.4,mvnorm,lognormal,True,0.5125454504770555
0.06,-0.4,mvnorm,lognormal,True,0.8290778480058434
0.06,-0.4,mvnorm,lognormal,True,0.04239418543274534
0.06,-0.4,mvnorm,lognormal,True,0.0067445374063688475
0.06,-0.4,mvnorm,lognormal,True,1.4412692432397855e-06
0.06,-0.4,mvnorm,lognormal,True,0.03144526359633653
0.06,-0.4,mvnorm,lognormal,True,6.478173614270628e-14
0.06,-0.4,mvnorm,lognormal,True,0.12107071675398476
0.06,-0.4,mvnorm,lognormal,True,3.0480448961999616e-05
0.06,-0.4,mvnorm,lognormal,True,0.08579647759510925
0.06,-0.4,mvnorm,lognormal,True,0.04886741293885479
0.06,-0.4,mvnorm,lognormal,True,3.416410359749322e-11
