tau,rho,est,dist,obs_conf,pvals
0.09,-0.4,mvnorm,lognormal,True,0.0007024956819574694
0.09,-0.4,mvnorm,lognormal,True,4.7708438631721676e-15
0.09,-0.4,mvnorm,lognormal,True,0.00024239353341246509
0.09,-0.4,mvnorm,lognormal,True,4.9317946402636925e-05
0.09,-0.4,mvnorm,lognormal,True,0.8581026695149174
0.09,-0.4,mvnorm,lognormal,True,1.46590134731034e-05
0.09,-0.4,mvnorm,lognormal,True,1.347185617821568e-11
0.09,-0.4,mvnorm,lognormal,True,8.645971209035255e-06
0.09,-0.4,mvnorm,lognormal,True,0.02546340259156077
0.09,-0.4,mvnorm,lognormal,True,0.0007511668250198976
0.09,-0.4,mvnorm,lognormal,True,0.8617573276589762
0.09,-0.4,mvnorm,lognormal,True,0.010283828455355788
0.09,-0.4,mvnorm,lognormal,True,6.824658404524365e-06
0.09,-0.4,mvnorm,lognormal,True,1.368135139687623e-06
0.09,-0.4,mvnorm,lognormal,True,0.464856133513627
0.09,-0.4,mvnorm,lognormal,True,0.04747995124188978
0.09,-0.4,mvnorm,lognormal,True,7.80915104614391e-09
0.09,-0.4,mvnorm,lognormal,True,0.00024588865624461696
0.09,-0.4,mvnorm,lognormal,True,0.0020339213050457584
0.09,-0.4,mvnorm,lognormal,True,2.0441739394809766e-07
0.09,-0.4,mvnorm,lognormal,True,3.010994831868674e-07
0.09,-0.4,mvnorm,lognormal,True,0.057901991570079185
0.09,-0.4,mvnorm,lognormal,True,5.812288309573996e-07
0.09,-0.4,mvnorm,lognormal,True,0.07266579868205165
0.09,-0.4,mvnorm,lognormal,True,5.4845234434986615e-05
0.09,-0.4,mvnorm,lognormal,True,3.228582574528765e-11
0.09,-0.4,mvnorm,lognormal,True,0.010827777937681
0.09,-0.4,mvnorm,lognormal,True,0.009735329605211045
0.09,-0.4,mvnorm,lognormal,True,7.841084988076631e-06
0.09,-0.4,mvnorm,lognormal,True,0.26278826218269347
0.09,-0.4,mvnorm,lognormal,True,3.759383352141428e-05
0.09,-0.4,mvnorm,lognormal,True,0.34603885638890386
0.09,-0.4,mvnorm,lognormal,True,0.6922717410385338
0.09,-0.4,mvnorm,lognormal,True,0.00010038967733245766
0.09,-0.4,mvnorm,lognormal,True,0.0005548050286288168
0.09,-0.4,mvnorm,lognormal,True,1.8669490489132863e-07
0.09,-0.4,mvnorm,lognormal,True,0.008787695332549153
0.09,-0.4,mvnorm,lognormal,True,7.244724169216007e-08
0.09,-0.4,mvnorm,lognormal,True,7.696704689839798e-10
0.09,-0.4,mvnorm,lognormal,True,0.0009845178717204045
0.09,-0.4,mvnorm,lognormal,True,1.284463619842583e-08
0.09,-0.4,mvnorm,lognormal,True,0.026006739939236176
0.09,-0.4,mvnorm,lognormal,True,0.5824651000601324
0.09,-0.4,mvnorm,lognormal,True,0.0470416326752782
0.09,-0.4,mvnorm,lognormal,True,0.013395087443899485
0.09,-0.4,mvnorm,lognormal,True,0.0035049809272628646
0.09,-0.4,mvnorm,lognormal,True,0.12937086665604475
0.09,-0.4,mvnorm,lognormal,True,0.0002997886675875618
0.09,-0.4,mvnorm,lognormal,True,6.052850411698375e-07
0.09,-0.4,mvnorm,lognormal,True,7.53861565876895e-18
0.09,-0.4,mvnorm,lognormal,True,0.28374304363155023
0.09,-0.4,mvnorm,lognormal,True,0.37400459144889864
0.09,-0.4,mvnorm,lognormal,True,0.05527457123402655
0.09,-0.4,mvnorm,lognormal,True,2.9623402498839604e-05
0.09,-0.4,mvnorm,lognormal,True,2.6785146056672323e-05
0.09,-0.4,mvnorm,lognormal,True,0.00023664433679376353
0.09,-0.4,mvnorm,lognormal,True,0.21772623611279995
0.09,-0.4,mvnorm,lognormal,True,0.20474206801792874
0.09,-0.4,mvnorm,lognormal,True,5.6121700031584166e-08
0.09,-0.4,mvnorm,lognormal,True,5.95327069921264e-07
0.09,-0.4,mvnorm,lognormal,True,0.11417588615655908
0.09,-0.4,mvnorm,lognormal,True,0.0299476821510518
0.09,-0.4,mvnorm,lognormal,True,2.054636193184129e-15
0.09,-0.4,mvnorm,lognormal,True,1.6304621654214322e-11
0.09,-0.4,mvnorm,lognormal,True,0.051448550393861814
0.09,-0.4,mvnorm,lognormal,True,1.5850659576915604e-06
0.09,-0.4,mvnorm,lognormal,True,0.0032023161507158185
0.09,-0.4,mvnorm,lognormal,True,1.2780058471109108e-10
0.09,-0.4,mvnorm,lognormal,True,0.8533555847632025
0.09,-0.4,mvnorm,lognormal,True,0.0011816510836469226
0.09,-0.4,mvnorm,lognormal,True,2.939372397098206e-07
0.09,-0.4,mvnorm,lognormal,True,0.0013730769918730119
0.09,-0.4,mvnorm,lognormal,True,8.619475029265545e-06
0.09,-0.4,mvnorm,lognormal,True,2.974954665820534e-05
0.09,-0.4,mvnorm,lognormal,True,5.427796398514735e-12
0.09,-0.4,mvnorm,lognormal,True,0.0014691995876277718
0.09,-0.4,mvnorm,lognormal,True,0.001210083034904844
0.09,-0.4,mvnorm,lognormal,True,1.8507526024376877e-14
0.09,-0.4,mvnorm,lognormal,True,0.0027132997594492255
0.09,-0.4,mvnorm,lognormal,True,0.09775866441819527
0.09,-0.4,mvnorm,lognormal,True,0.5234892119321837
0.09,-0.4,mvnorm,lognormal,True,1.1777455708092528e-06
0.09,-0.4,mvnorm,lognormal,True,2.066140798943653e-05
0.09,-0.4,mvnorm,lognormal,True,0.04606889162748612
0.09,-0.4,mvnorm,lognormal,True,1.2273893716250046e-05
0.09,-0.4,mvnorm,lognormal,True,0.657374513324456
0.09,-0.4,mvnorm,lognormal,True,1.0551935634776145e-10
0.09,-0.4,mvnorm,lognormal,True,2.6576089656376708e-12
0.09,-0.4,mvnorm,lognormal,True,0.020122334753995216
0.09,-0.4,mvnorm,lognormal,True,0.0004633868172101176
0.09,-0.4,mvnorm,lognormal,True,0.606550457293366
0.09,-0.4,mvnorm,lognormal,True,0.020105899904274853
0.09,-0.4,mvnorm,lognormal,True,0.3049602977912394
0.09,-0.4,mvnorm,lognormal,True,0.11635015133898009
0.09,-0.4,mvnorm,lognormal,True,8.973733142250423e-07
0.09,-0.4,mvnorm,lognormal,True,3.5162249977522508e-12
0.09,-0.4,mvnorm,lognormal,True,1.6404502514083788e-23
0.09,-0.4,mvnorm,lognormal,True,0.0006805290534330881
0.09,-0.4,mvnorm,lognormal,True,0.002793956317069332
0.09,-0.4,mvnorm,lognormal,True,0.020850906826332873
0.09,-0.4,mvnorm,lognormal,True,1.8597707129146327e-08
0.09,-0.4,mvnorm,lognormal,True,0.0071617512404794186
0.09,-0.4,mvnorm,lognormal,True,3.626048227326331e-08
0.09,-0.4,mvnorm,lognormal,True,0.013460151851241532
0.09,-0.4,mvnorm,lognormal,True,0.8206874837851899
0.09,-0.4,mvnorm,lognormal,True,0.0011536965235476448
0.09,-0.4,mvnorm,lognormal,True,1.010482444565699e-07
0.09,-0.4,mvnorm,lognormal,True,3.879843705806128e-05
0.09,-0.4,mvnorm,lognormal,True,0.14548913996566215
0.09,-0.4,mvnorm,lognormal,True,0.0026314416162302547
0.09,-0.4,mvnorm,lognormal,True,1.1229001711751279e-10
0.09,-0.4,mvnorm,lognormal,True,0.2562701796553791
0.09,-0.4,mvnorm,lognormal,True,0.2529967013679312
0.09,-0.4,mvnorm,lognormal,True,0.04723234407513063
0.09,-0.4,mvnorm,lognormal,True,0.8010612375403886
0.09,-0.4,mvnorm,lognormal,True,2.018515979957101e-14
0.09,-0.4,mvnorm,lognormal,True,2.18176870605418e-07
0.09,-0.4,mvnorm,lognormal,True,0.7851856900415993
0.09,-0.4,mvnorm,lognormal,True,2.4702462375051816e-17
0.09,-0.4,mvnorm,lognormal,True,0.7173447887414235
0.09,-0.4,mvnorm,lognormal,True,1.312092330100395e-06
0.09,-0.4,mvnorm,lognormal,True,3.446346328637372e-11
0.09,-0.4,mvnorm,lognormal,True,0.6485863100106137
0.09,-0.4,mvnorm,lognormal,True,0.0069999406201566305
0.09,-0.4,mvnorm,lognormal,True,6.981334579791603e-07
0.09,-0.4,mvnorm,lognormal,True,2.8670784252021504e-06
0.09,-0.4,mvnorm,lognormal,True,0.11837517961311354
0.09,-0.4,mvnorm,lognormal,True,0.5949703172364386
0.09,-0.4,mvnorm,lognormal,True,0.4346828708863816
0.09,-0.4,mvnorm,lognormal,True,0.9835046212698334
0.09,-0.4,mvnorm,lognormal,True,0.9851425629775868
0.09,-0.4,mvnorm,lognormal,True,0.0003608219027719779
0.09,-0.4,mvnorm,lognormal,True,0.03983942679851144
0.09,-0.4,mvnorm,lognormal,True,0.04130134750208882
0.09,-0.4,mvnorm,lognormal,True,0.0014138336414935646
0.09,-0.4,mvnorm,lognormal,True,1.7336481748666775e-13
0.09,-0.4,mvnorm,lognormal,True,0.001589161503532939
0.09,-0.4,mvnorm,lognormal,True,5.65401531309433e-09
0.09,-0.4,mvnorm,lognormal,True,0.0027721053705203553
0.09,-0.4,mvnorm,lognormal,True,0.018039241067872334
0.09,-0.4,mvnorm,lognormal,True,1.5323878655502996e-10
0.09,-0.4,mvnorm,lognormal,True,1.9763371418854166e-05
0.09,-0.4,mvnorm,lognormal,True,2.9455801339622396e-06
0.09,-0.4,mvnorm,lognormal,True,0.004931527986288313
0.09,-0.4,mvnorm,lognormal,True,0.5425702316125167
0.09,-0.4,mvnorm,lognormal,True,0.723751799253337
0.09,-0.4,mvnorm,lognormal,True,1.2682818321286283e-14
0.09,-0.4,mvnorm,lognormal,True,0.5578998458318174
0.09,-0.4,mvnorm,lognormal,True,2.3790484343403404e-05
0.09,-0.4,mvnorm,lognormal,True,0.03412687436166179
0.09,-0.4,mvnorm,lognormal,True,0.007883759553439399
0.09,-0.4,mvnorm,lognormal,True,7.299995536052577e-12
0.09,-0.4,mvnorm,lognormal,True,0.00011204867027333428
0.09,-0.4,mvnorm,lognormal,True,0.0004538227860289149
0.09,-0.4,mvnorm,lognormal,True,0.0008996329214045406
0.09,-0.4,mvnorm,lognormal,True,5.231358807158484e-05
0.09,-0.4,mvnorm,lognormal,True,2.026423745914592e-06
0.09,-0.4,mvnorm,lognormal,True,0.0035699441294662973
0.09,-0.4,mvnorm,lognormal,True,7.837770647469248e-06
0.09,-0.4,mvnorm,lognormal,True,0.2901357963858985
0.09,-0.4,mvnorm,lognormal,True,0.0004894758793101398
0.09,-0.4,mvnorm,lognormal,True,0.0003648094834157605
0.09,-0.4,mvnorm,lognormal,True,0.315973226889553
0.09,-0.4,mvnorm,lognormal,True,0.00020494856750273682
0.09,-0.4,mvnorm,lognormal,True,3.1975040750135622e-06
0.09,-0.4,mvnorm,lognormal,True,2.2559925399236223e-06
0.09,-0.4,mvnorm,lognormal,True,2.473393186355799e-05
0.09,-0.4,mvnorm,lognormal,True,0.7660432050080633
0.09,-0.4,mvnorm,lognormal,True,3.203037431548585e-06
0.09,-0.4,mvnorm,lognormal,True,0.05630174628433996
0.09,-0.4,mvnorm,lognormal,True,0.0005042686311773205
0.09,-0.4,mvnorm,lognormal,True,0.14678058771247343
0.09,-0.4,mvnorm,lognormal,True,0.00013834455579194813
0.09,-0.4,mvnorm,lognormal,True,1.2919945121306069e-15
0.09,-0.4,mvnorm,lognormal,True,0.014469131725408885
0.09,-0.4,mvnorm,lognormal,True,0.09739617810139536
0.09,-0.4,mvnorm,lognormal,True,0.007015232920019388
0.09,-0.4,mvnorm,lognormal,True,0.023279457479795564
0.09,-0.4,mvnorm,lognormal,True,4.3477554545336374e-23
0.09,-0.4,mvnorm,lognormal,True,3.5013096983472064e-17
0.09,-0.4,mvnorm,lognormal,True,0.00018302286229459697
0.09,-0.4,mvnorm,lognormal,True,0.0021254359297004635
0.09,-0.4,mvnorm,lognormal,True,1.586939246035686e-08
0.09,-0.4,mvnorm,lognormal,True,7.361982635612612e-05
0.09,-0.4,mvnorm,lognormal,True,0.5002889378232553
0.09,-0.4,mvnorm,lognormal,True,1.4596326889254834e-06
0.09,-0.4,mvnorm,lognormal,True,0.0007805248728972006
0.09,-0.4,mvnorm,lognormal,True,0.4446148841110824
0.09,-0.4,mvnorm,lognormal,True,0.24412250171146785
0.09,-0.4,mvnorm,lognormal,True,0.7526899625540784
0.09,-0.4,mvnorm,lognormal,True,0.6369659678162988
0.09,-0.4,mvnorm,lognormal,True,0.00019584239426713592
0.09,-0.4,mvnorm,lognormal,True,3.446471074776825e-08
0.09,-0.4,mvnorm,lognormal,True,0.17838771042588933
0.09,-0.4,mvnorm,lognormal,True,6.956031491726448e-16
0.09,-0.4,mvnorm,lognormal,True,0.32000017573010986
0.09,-0.4,mvnorm,lognormal,True,4.315683490654415e-06
0.09,-0.4,mvnorm,lognormal,True,0.23321582506223232
0.09,-0.4,mvnorm,lognormal,True,0.003623504436217284
0.09,-0.4,mvnorm,lognormal,True,1.0894057601330662e-08
