tau,rho,est,dist,obs_conf,pvals
0.0,0.0,lognorm,lognormal,True,0.6621020213925526
0.0,0.0,lognorm,lognormal,True,0.4624690008683947
0.0,0.0,lognorm,lognormal,True,0.2141862916821746
0.0,0.0,lognorm,lognormal,True,0.014511753443978807
0.0,0.0,lognorm,lognormal,True,0.19370741367524247
0.0,0.0,lognorm,lognormal,True,0.05340851288628714
0.0,0.0,lognorm,lognormal,True,0.00037576459674190595
0.0,0.0,lognorm,lognormal,True,0.891876208993396
0.0,0.0,lognorm,lognormal,True,0.49735763601746874
0.0,0.0,lognorm,lognormal,True,0.5369842022366331
0.0,0.0,lognorm,lognormal,True,0.1822420741972278
0.0,0.0,lognorm,lognormal,True,0.0027322227325358136
0.0,0.0,lognorm,lognormal,True,0.4818045544422691
0.0,0.0,lognorm,lognormal,True,0.24113374428215323
0.0,0.0,lognorm,lognormal,True,0.4534523219535427
0.0,0.0,lognorm,lognormal,True,0.2432852024953242
0.0,0.0,lognorm,lognormal,True,0.31962353457030784
0.0,0.0,lognorm,lognormal,True,0.411721030737609
0.0,0.0,lognorm,lognormal,True,0.8900139469711738
0.0,0.0,lognorm,lognormal,True,0.15910662771719974
0.0,0.0,lognorm,lognormal,True,0.15040466817493428
0.0,0.0,lognorm,lognormal,True,0.5298825443815424
0.0,0.0,lognorm,lognormal,True,0.7599307784592827
0.0,0.0,lognorm,lognormal,True,0.0043048672206105
0.0,0.0,lognorm,lognormal,True,0.5191932951481841
0.0,0.0,lognorm,lognormal,True,0.014218789614742131
0.0,0.0,lognorm,lognormal,True,0.08014730228721721
0.0,0.0,lognorm,lognormal,True,0.8367026213199562
0.0,0.0,lognorm,lognormal,True,9.191116997124835e-05
0.0,0.0,lognorm,lognormal,True,0.45060462740907936
0.0,0.0,lognorm,lognormal,True,0.0010959293345387628
0.0,0.0,lognorm,lognormal,True,0.5486704498124402
0.0,0.0,lognorm,lognormal,True,0.6704050735987437
0.0,0.0,lognorm,lognormal,True,0.5477564425370831
0.0,0.0,lognorm,lognormal,True,0.5066789438019983
0.0,0.0,lognorm,lognormal,True,0.007261905894698013
0.0,0.0,lognorm,lognormal,True,0.21201153744780174
0.0,0.0,lognorm,lognormal,True,0.7583257995467794
0.0,0.0,lognorm,lognormal,True,0.6571939705235552
0.0,0.0,lognorm,lognormal,True,0.3407372202734653
0.0,0.0,lognorm,lognormal,True,0.10068731725438462
0.0,0.0,lognorm,lognormal,True,0.011117888491851082
0.0,0.0,lognorm,lognormal,True,0.9454420554715163
0.0,0.0,lognorm,lognormal,True,0.013419788496520809
0.0,0.0,lognorm,lognormal,True,0.00012655112981719413
0.0,0.0,lognorm,lognormal,True,0.16596233057119342
0.0,0.0,lognorm,lognormal,True,0.3688597943655516
0.0,0.0,lognorm,lognormal,True,0.8439264494929073
0.0,0.0,lognorm,lognormal,True,0.13368931247651322
0.0,0.0,lognorm,lognormal,True,0.0767145428766317
0.0,0.0,lognorm,lognormal,True,0.8049836741614532
0.0,0.0,lognorm,lognormal,True,0.0088878293362335
0.0,0.0,lognorm,lognormal,True,0.36445367497807235
0.0,0.0,lognorm,lognormal,True,0.5232961031027502
0.0,0.0,lognorm,lognormal,True,0.5967023162043749
0.0,0.0,lognorm,lognormal,True,0.4810760510665314
0.0,0.0,lognorm,lognormal,True,0.09163689055700404
0.0,0.0,lognorm,lognormal,True,0.16564602245166601
0.0,0.0,lognorm,lognormal,True,0.7600177465091281
0.0,0.0,lognorm,lognormal,True,0.29109720649894333
0.0,0.0,lognorm,lognormal,True,0.3046370845885802
0.0,0.0,lognorm,lognormal,True,0.49371967684555906
0.0,0.0,lognorm,lognormal,True,0.002889538155956489
0.0,0.0,lognorm,lognormal,True,0.00311573252040552
0.0,0.0,lognorm,lognormal,True,0.674184550763566
0.0,0.0,lognorm,lognormal,True,0.726625211104678
0.0,0.0,lognorm,lognormal,True,0.16181526844970828
0.0,0.0,lognorm,lognormal,True,0.8166528788446484
0.0,0.0,lognorm,lognormal,True,0.8436809870775945
0.0,0.0,lognorm,lognormal,True,0.0018735828519670596
0.0,0.0,lognorm,lognormal,True,1.563327416034552e-05
0.0,0.0,lognorm,lognormal,True,0.013521271332174595
0.0,0.0,lognorm,lognormal,True,2.4429401720721537e-05
0.0,0.0,lognorm,lognormal,True,0.00019336550799737223
0.0,0.0,lognorm,lognormal,True,0.06397140460768988
0.0,0.0,lognorm,lognormal,True,0.020806169846636354
0.0,0.0,lognorm,lognormal,True,0.917497407277826
0.0,0.0,lognorm,lognormal,True,0.1834604099460343
0.0,0.0,lognorm,lognormal,True,0.00821880800495527
0.0,0.0,lognorm,lognormal,True,0.007625037604298442
0.0,0.0,lognorm,lognormal,True,0.15223540242165612
0.0,0.0,lognorm,lognormal,True,0.16503885200169838
0.0,0.0,lognorm,lognormal,True,0.21849230117107005
0.0,0.0,lognorm,lognormal,True,0.17820534193771276
0.0,0.0,lognorm,lognormal,True,0.014559135389987213
0.0,0.0,lognorm,lognormal,True,0.020188880923719805
0.0,0.0,lognorm,lognormal,True,0.10845349680453513
0.0,0.0,lognorm,lognormal,True,0.46049236353857426
0.0,0.0,lognorm,lognormal,True,0.19762483416634802
0.0,0.0,lognorm,lognormal,True,0.12069400177371602
0.0,0.0,lognorm,lognormal,True,0.010381225961485205
0.0,0.0,lognorm,lognormal,True,0.29800188245044845
0.0,0.0,lognorm,lognormal,True,0.8390117212233896
0.0,0.0,lognorm,lognormal,True,0.564768134967939
0.0,0.0,lognorm,lognormal,True,0.14938703178796467
0.0,0.0,lognorm,lognormal,True,0.5670397720321414
0.0,0.0,lognorm,lognormal,True,0.026574073038582422
0.0,0.0,lognorm,lognormal,True,0.4792217086357249
0.0,0.0,lognorm,lognormal,True,0.04013414592319522
0.0,0.0,lognorm,lognormal,True,0.8931109602814182
0.0,0.0,lognorm,lognormal,True,0.3062875664833746
0.0,0.0,lognorm,lognormal,True,0.39855969188858875
0.0,0.0,lognorm,lognormal,True,0.9387140813936264
0.0,0.0,lognorm,lognormal,True,0.17139913100439785
0.0,0.0,lognorm,lognormal,True,0.15973458616974157
0.0,0.0,lognorm,lognormal,True,0.02551716753886529
0.0,0.0,lognorm,lognormal,True,0.7788596176266139
0.0,0.0,lognorm,lognormal,True,0.03644910065022411
0.0,0.0,lognorm,lognormal,True,0.023973938195879795
0.0,0.0,lognorm,lognormal,True,0.024908621062686275
0.0,0.0,lognorm,lognormal,True,0.17017345077535218
0.0,0.0,lognorm,lognormal,True,0.20799156914565595
0.0,0.0,lognorm,lognormal,True,0.0011671355559195891
0.0,0.0,lognorm,lognormal,True,0.21516488370823736
0.0,0.0,lognorm,lognormal,True,0.920121558309203
0.0,0.0,lognorm,lognormal,True,0.8080115577194136
0.0,0.0,lognorm,lognormal,True,0.05132449492365646
0.0,0.0,lognorm,lognormal,True,0.02109088513126998
0.0,0.0,lognorm,lognormal,True,0.998839995457829
0.0,0.0,lognorm,lognormal,True,0.08546869607221864
0.0,0.0,lognorm,lognormal,True,0.11098473559011277
0.0,0.0,lognorm,lognormal,True,0.06498282674458149
0.0,0.0,lognorm,lognormal,True,0.7261469769547475
0.0,0.0,lognorm,lognormal,True,0.6660249472992794
0.0,0.0,lognorm,lognormal,True,0.1627836388105956
0.0,0.0,lognorm,lognormal,True,0.16028050066888333
0.0,0.0,lognorm,lognormal,True,0.009836708952607976
0.0,0.0,lognorm,lognormal,True,0.036924060657947615
0.0,0.0,lognorm,lognormal,True,0.8657898931388397
0.0,0.0,lognorm,lognormal,True,0.29527725679172545
0.0,0.0,lognorm,lognormal,True,0.11654761234288458
0.0,0.0,lognorm,lognormal,True,0.10418139902752202
0.0,0.0,lognorm,lognormal,True,0.29333093500142793
0.0,0.0,lognorm,lognormal,True,0.9646754615610795
0.0,0.0,lognorm,lognormal,True,0.8905879381234126
0.0,0.0,lognorm,lognormal,True,0.002556140692556258
0.0,0.0,lognorm,lognormal,True,0.3750193330372624
0.0,0.0,lognorm,lognormal,True,0.5825195029922914
0.0,0.0,lognorm,lognormal,True,0.7098642415480321
0.0,0.0,lognorm,lognormal,True,0.8978296271485051
0.0,0.0,lognorm,lognormal,True,0.36382207947168377
0.0,0.0,lognorm,lognormal,True,0.18827357400459718
0.0,0.0,lognorm,lognormal,True,0.017922673068666132
0.0,0.0,lognorm,lognormal,True,0.8178775752176151
0.0,0.0,lognorm,lognormal,True,0.10779990197779733
0.0,0.0,lognorm,lognormal,True,0.2717921615078357
0.0,0.0,lognorm,lognormal,True,0.01901869273929244
0.0,0.0,lognorm,lognormal,True,0.7349053238545638
0.0,0.0,lognorm,lognormal,True,0.6504803592174951
0.0,0.0,lognorm,lognormal,True,0.5059416100807721
0.0,0.0,lognorm,lognormal,True,8.127401028014179e-06
0.0,0.0,lognorm,lognormal,True,0.17945430934756884
0.0,0.0,lognorm,lognormal,True,0.0754119849322052
0.0,0.0,lognorm,lognormal,True,0.8878793491386591
0.0,0.0,lognorm,lognormal,True,0.03902650159912183
0.0,0.0,lognorm,lognormal,True,0.3889438828717733
0.0,0.0,lognorm,lognormal,True,0.5117431529497453
0.0,0.0,lognorm,lognormal,True,0.9937852460338551
0.0,0.0,lognorm,lognormal,True,0.04108339758598073
0.0,0.0,lognorm,lognormal,True,0.16076435027591457
0.0,0.0,lognorm,lognormal,True,0.0016128317191106837
0.0,0.0,lognorm,lognormal,True,0.009241836293432606
0.0,0.0,lognorm,lognormal,True,0.5108117511428556
0.0,0.0,lognorm,lognormal,True,0.2252576443571518
0.0,0.0,lognorm,lognormal,True,0.2881968031187311
0.0,0.0,lognorm,lognormal,True,0.07227945833829126
0.0,0.0,lognorm,lognormal,True,0.554862143817703
0.0,0.0,lognorm,lognormal,True,0.016466878643912847
0.0,0.0,lognorm,lognormal,True,0.0010730166430555112
0.0,0.0,lognorm,lognormal,True,0.5071097093324735
0.0,0.0,lognorm,lognormal,True,0.12955829504964733
0.0,0.0,lognorm,lognormal,True,0.00014175971223217838
0.0,0.0,lognorm,lognormal,True,0.6359068037942495
0.0,0.0,lognorm,lognormal,True,0.7355848356053726
0.0,0.0,lognorm,lognormal,True,0.37997901136093026
0.0,0.0,lognorm,lognormal,True,0.7289178400441844
0.0,0.0,lognorm,lognormal,True,0.04326456906633131
0.0,0.0,lognorm,lognormal,True,0.863825605982835
0.0,0.0,lognorm,lognormal,True,0.2780973152114293
0.0,0.0,lognorm,lognormal,True,0.4645741144185829
0.0,0.0,lognorm,lognormal,True,0.6363589526856889
0.0,0.0,lognorm,lognormal,True,0.21559277574427005
0.0,0.0,lognorm,lognormal,True,0.23111971995360878
0.0,0.0,lognorm,lognormal,True,0.5108104343126101
0.0,0.0,lognorm,lognormal,True,0.0031472180533842213
0.0,0.0,lognorm,lognormal,True,0.10990731762003439
0.0,0.0,lognorm,lognormal,True,0.93472669474751
0.0,0.0,lognorm,lognormal,True,0.06328097467660453
0.0,0.0,lognorm,lognormal,True,0.07439705013479128
0.0,0.0,lognorm,lognormal,True,4.109857776712605e-05
0.0,0.0,lognorm,lognormal,True,0.8158755507865154
0.0,0.0,lognorm,lognormal,True,0.06646126542544645
0.0,0.0,lognorm,lognormal,True,0.2995841563798559
0.0,0.0,lognorm,lognormal,True,0.1846443390935797
0.0,0.0,lognorm,lognormal,True,0.035336865600805706
0.0,0.0,lognorm,lognormal,True,0.6631573744144394
0.0,0.0,lognorm,lognormal,True,0.7115959231277144
0.0,0.0,lognorm,lognormal,True,0.021980570616192994
0.0,0.0,lognorm,lognormal,True,0.04044050113130682
0.0,0.0,lognorm,lognormal,True,0.04230585224319999
