tau,rho,est,dist,obs_conf,pvals
0.15,0.2,mvnorm,lognormal,True,0.002842373399980188
0.15,0.2,mvnorm,lognormal,True,4.3966336917177566e-05
0.15,0.2,mvnorm,lognormal,True,1.2729996875919562e-05
0.15,0.2,mvnorm,lognormal,True,2.386499637699713e-12
0.15,0.2,mvnorm,lognormal,True,1.201067359943105e-09
0.15,0.2,mvnorm,lognormal,True,0.038749318955842056
0.15,0.2,mvnorm,lognormal,True,0.1382332189439649
0.15,0.2,mvnorm,lognormal,True,5.24059244309866e-13
0.15,0.2,mvnorm,lognormal,True,0.016025651749810223
0.15,0.2,mvnorm,lognormal,True,3.5092993577734174e-15
0.15,0.2,mvnorm,lognormal,True,0.9183090635142597
0.15,0.2,mvnorm,lognormal,True,0.1502549009236426
0.15,0.2,mvnorm,lognormal,True,0.00027024370351646924
0.15,0.2,mvnorm,lognormal,True,0.014992494367952748
0.15,0.2,mvnorm,lognormal,True,0.007766565443999559
0.15,0.2,mvnorm,lognormal,True,2.0183450266049173e-07
0.15,0.2,mvnorm,lognormal,True,0.015452346604568025
0.15,0.2,mvnorm,lognormal,True,0.2567567613146264
0.15,0.2,mvnorm,lognormal,True,0.16640116963079143
0.15,0.2,mvnorm,lognormal,True,3.0224012594942588e-21
0.15,0.2,mvnorm,lognormal,True,4.8155224533345845e-08
0.15,0.2,mvnorm,lognormal,True,0.7929696731351513
0.15,0.2,mvnorm,lognormal,True,1.569185730898996e-08
0.15,0.2,mvnorm,lognormal,True,0.00030410941572393114
0.15,0.2,mvnorm,lognormal,True,0.012908566149598658
0.15,0.2,mvnorm,lognormal,True,0.0028690032020806575
0.15,0.2,mvnorm,lognormal,True,0.0009311941387005274
0.15,0.2,mvnorm,lognormal,True,1.5935394653988649e-09
0.15,0.2,mvnorm,lognormal,True,0.0037565601481722075
0.15,0.2,mvnorm,lognormal,True,0.03372261736108071
0.15,0.2,mvnorm,lognormal,True,0.0023389513106451825
0.15,0.2,mvnorm,lognormal,True,0.8661206470751956
0.15,0.2,mvnorm,lognormal,True,0.06962222958573097
0.15,0.2,mvnorm,lognormal,True,0.18661347432010802
0.15,0.2,mvnorm,lognormal,True,6.321015155044218e-05
0.15,0.2,mvnorm,lognormal,True,0.03125254163978862
0.15,0.2,mvnorm,lognormal,True,0.04043981076955833
0.15,0.2,mvnorm,lognormal,True,5.501935683347086e-05
0.15,0.2,mvnorm,lognormal,True,4.040457314291701e-05
0.15,0.2,mvnorm,lognormal,True,0.5010909724652186
0.15,0.2,mvnorm,lognormal,True,0.0001722655146704998
0.15,0.2,mvnorm,lognormal,True,0.02353332698132659
0.15,0.2,mvnorm,lognormal,True,5.882915690222329e-16
0.15,0.2,mvnorm,lognormal,True,0.00047445708016899136
0.15,0.2,mvnorm,lognormal,True,3.2256864877300255e-09
0.15,0.2,mvnorm,lognormal,True,8.243670351016183e-06
0.15,0.2,mvnorm,lognormal,True,0.5703357702716774
0.15,0.2,mvnorm,lognormal,True,1.2034651643258876e-07
0.15,0.2,mvnorm,lognormal,True,5.59207010923385e-07
0.15,0.2,mvnorm,lognormal,True,4.207744592993815e-05
0.15,0.2,mvnorm,lognormal,True,5.697401271671515e-07
0.15,0.2,mvnorm,lognormal,True,6.841098748531564e-06
0.15,0.2,mvnorm,lognormal,True,3.635783439776201e-08
0.15,0.2,mvnorm,lognormal,True,1.905620413903092e-08
0.15,0.2,mvnorm,lognormal,True,0.10345990893606363
0.15,0.2,mvnorm,lognormal,True,0.023042939159481905
0.15,0.2,mvnorm,lognormal,True,5.086505511715546e-05
0.15,0.2,mvnorm,lognormal,True,0.003318860368669179
0.15,0.2,mvnorm,lognormal,True,0.24631475500716463
0.15,0.2,mvnorm,lognormal,True,8.474725692230297e-12
0.15,0.2,mvnorm,lognormal,True,0.38518810397216163
0.15,0.2,mvnorm,lognormal,True,1.062128152911917e-12
0.15,0.2,mvnorm,lognormal,True,0.06777018684883805
0.15,0.2,mvnorm,lognormal,True,0.035300616784743034
0.15,0.2,mvnorm,lognormal,True,1.1407503979098867e-05
0.15,0.2,mvnorm,lognormal,True,3.937031236167607e-05
0.15,0.2,mvnorm,lognormal,True,0.0578906628526306
0.15,0.2,mvnorm,lognormal,True,4.307040899305111e-05
0.15,0.2,mvnorm,lognormal,True,0.0910534998509926
0.15,0.2,mvnorm,lognormal,True,0.005552068684480455
0.15,0.2,mvnorm,lognormal,True,0.41247337092450875
0.15,0.2,mvnorm,lognormal,True,0.0002544311135866439
0.15,0.2,mvnorm,lognormal,True,0.08462787970508807
0.15,0.2,mvnorm,lognormal,True,1.3320924974892423e-10
0.15,0.2,mvnorm,lognormal,True,0.02068297775765849
0.15,0.2,mvnorm,lognormal,True,6.034505535888233e-12
0.15,0.2,mvnorm,lognormal,True,3.279721402032516e-11
0.15,0.2,mvnorm,lognormal,True,1.863166135488691e-12
0.15,0.2,mvnorm,lognormal,True,0.35917046675729625
0.15,0.2,mvnorm,lognormal,True,9.765202264776641e-06
0.15,0.2,mvnorm,lognormal,True,0.00013836476270612125
0.15,0.2,mvnorm,lognormal,True,0.1893561202719728
0.15,0.2,mvnorm,lognormal,True,0.014422050749044256
0.15,0.2,mvnorm,lognormal,True,0.8686310007032985
0.15,0.2,mvnorm,lognormal,True,0.0032682895137643385
0.15,0.2,mvnorm,lognormal,True,0.3465375570794328
0.15,0.2,mvnorm,lognormal,True,3.919071041130218e-06
0.15,0.2,mvnorm,lognormal,True,0.015978581561824464
0.15,0.2,mvnorm,lognormal,True,0.0036292104276590387
0.15,0.2,mvnorm,lognormal,True,0.0018781355249400094
0.15,0.2,mvnorm,lognormal,True,0.011267102748915823
0.15,0.2,mvnorm,lognormal,True,3.74150440411468e-06
0.15,0.2,mvnorm,lognormal,True,2.537689351758807e-09
0.15,0.2,mvnorm,lognormal,True,2.6441299270635552e-05
0.15,0.2,mvnorm,lognormal,True,4.231139241918712e-07
0.15,0.2,mvnorm,lognormal,True,3.0483614753703834e-06
0.15,0.2,mvnorm,lognormal,True,0.0001915947887869222
0.15,0.2,mvnorm,lognormal,True,0.19399810427016786
0.15,0.2,mvnorm,lognormal,True,0.24921526307059233
0.15,0.2,mvnorm,lognormal,True,1.0408849615542665e-05
0.15,0.2,mvnorm,lognormal,True,1.5963725929166955e-25
0.15,0.2,mvnorm,lognormal,True,2.4948057472147944e-15
0.15,0.2,mvnorm,lognormal,True,3.3879591026199544e-05
0.15,0.2,mvnorm,lognormal,True,1.1823655584925846e-07
0.15,0.2,mvnorm,lognormal,True,5.611752713642913e-12
0.15,0.2,mvnorm,lognormal,True,0.004968557821589632
0.15,0.2,mvnorm,lognormal,True,3.1082824281079616e-11
0.15,0.2,mvnorm,lognormal,True,0.23466686006943108
0.15,0.2,mvnorm,lognormal,True,1.4911159791037914e-12
0.15,0.2,mvnorm,lognormal,True,0.0003586346283119334
0.15,0.2,mvnorm,lognormal,True,0.07212506459600279
0.15,0.2,mvnorm,lognormal,True,0.2607885740355998
0.15,0.2,mvnorm,lognormal,True,0.0005115498903184561
0.15,0.2,mvnorm,lognormal,True,0.03934283788863777
0.15,0.2,mvnorm,lognormal,True,0.0035110135545484635
0.15,0.2,mvnorm,lognormal,True,0.4303272613026422
0.15,0.2,mvnorm,lognormal,True,0.08551804318026368
0.15,0.2,mvnorm,lognormal,True,0.0005664725219264119
0.15,0.2,mvnorm,lognormal,True,0.31572450484496717
0.15,0.2,mvnorm,lognormal,True,0.936259803411343
0.15,0.2,mvnorm,lognormal,True,0.0024200235696059474
0.15,0.2,mvnorm,lognormal,True,0.14716139515814197
0.15,0.2,mvnorm,lognormal,True,1.3552852760937292e-05
0.15,0.2,mvnorm,lognormal,True,0.00016475625984637785
0.15,0.2,mvnorm,lognormal,True,3.216214254342859e-17
0.15,0.2,mvnorm,lognormal,True,0.001948282620526634
0.15,0.2,mvnorm,lognormal,True,4.90192832881427e-07
0.15,0.2,mvnorm,lognormal,True,6.452121817181316e-16
0.15,0.2,mvnorm,lognormal,True,0.024898493247571256
0.15,0.2,mvnorm,lognormal,True,1.083570181398271e-06
0.15,0.2,mvnorm,lognormal,True,4.121720923659406e-05
0.15,0.2,mvnorm,lognormal,True,0.6549693561535855
0.15,0.2,mvnorm,lognormal,True,0.0003740297418284858
0.15,0.2,mvnorm,lognormal,True,0.0001634476237944015
0.15,0.2,mvnorm,lognormal,True,0.1829888507529342
0.15,0.2,mvnorm,lognormal,True,0.0002919770088871619
0.15,0.2,mvnorm,lognormal,True,8.560151954155906e-05
0.15,0.2,mvnorm,lognormal,True,0.18325928109750206
0.15,0.2,mvnorm,lognormal,True,1.6758335869719362e-06
0.15,0.2,mvnorm,lognormal,True,8.735087804482662e-09
0.15,0.2,mvnorm,lognormal,True,0.0009734583654984357
0.15,0.2,mvnorm,lognormal,True,2.4497490496986565e-06
0.15,0.2,mvnorm,lognormal,True,0.0015573305189593655
0.15,0.2,mvnorm,lognormal,True,3.203728344404329e-11
0.15,0.2,mvnorm,lognormal,True,4.128679675464872e-09
0.15,0.2,mvnorm,lognormal,True,0.0009669654841396952
0.15,0.2,mvnorm,lognormal,True,2.9922251741772548e-05
0.15,0.2,mvnorm,lognormal,True,0.02907045219596908
0.15,0.2,mvnorm,lognormal,True,0.011709152680724387
0.15,0.2,mvnorm,lognormal,True,0.3292327643828249
0.15,0.2,mvnorm,lognormal,True,0.1521264599482903
0.15,0.2,mvnorm,lognormal,True,0.015652548802335672
0.15,0.2,mvnorm,lognormal,True,0.016069353118456642
0.15,0.2,mvnorm,lognormal,True,1.7850194813990584e-09
0.15,0.2,mvnorm,lognormal,True,2.528593692548718e-09
0.15,0.2,mvnorm,lognormal,True,0.20312371066937834
0.15,0.2,mvnorm,lognormal,True,3.275765689710971e-06
0.15,0.2,mvnorm,lognormal,True,0.009595086445318389
0.15,0.2,mvnorm,lognormal,True,0.7393279623986129
0.15,0.2,mvnorm,lognormal,True,7.954032861419706e-18
0.15,0.2,mvnorm,lognormal,True,0.00036428634723170537
0.15,0.2,mvnorm,lognormal,True,0.04398704717080886
0.15,0.2,mvnorm,lognormal,True,0.1694899584956795
0.15,0.2,mvnorm,lognormal,True,0.12831044000886788
0.15,0.2,mvnorm,lognormal,True,0.0002805763747989941
0.15,0.2,mvnorm,lognormal,True,3.579643771484525e-27
0.15,0.2,mvnorm,lognormal,True,6.90455713809501e-07
0.15,0.2,mvnorm,lognormal,True,0.005340031988539972
0.15,0.2,mvnorm,lognormal,True,8.52738764648781e-12
0.15,0.2,mvnorm,lognormal,True,0.3235896973040143
0.15,0.2,mvnorm,lognormal,True,0.5806632241655523
0.15,0.2,mvnorm,lognormal,True,5.303063157211856e-06
0.15,0.2,mvnorm,lognormal,True,0.7993010097109874
0.15,0.2,mvnorm,lognormal,True,1.2077743005647038e-09
0.15,0.2,mvnorm,lognormal,True,0.0004680706899591203
0.15,0.2,mvnorm,lognormal,True,0.0004214086119482993
0.15,0.2,mvnorm,lognormal,True,0.4409255085397301
0.15,0.2,mvnorm,lognormal,True,0.1374822198412168
0.15,0.2,mvnorm,lognormal,True,1.4676186695299592e-11
0.15,0.2,mvnorm,lognormal,True,1.0197354944237051e-08
0.15,0.2,mvnorm,lognormal,True,2.258049348832584e-05
0.15,0.2,mvnorm,lognormal,True,3.7785567902884494e-25
0.15,0.2,mvnorm,lognormal,True,0.9796659115280311
0.15,0.2,mvnorm,lognormal,True,4.020913899381117e-17
0.15,0.2,mvnorm,lognormal,True,0.0004060028699806306
0.15,0.2,mvnorm,lognormal,True,0.03337275244051061
0.15,0.2,mvnorm,lognormal,True,0.6528327827504156
0.15,0.2,mvnorm,lognormal,True,0.005507974491822506
0.15,0.2,mvnorm,lognormal,True,4.199347351955635e-09
0.15,0.2,mvnorm,lognormal,True,0.6084574112200649
0.15,0.2,mvnorm,lognormal,True,0.002431374254044606
0.15,0.2,mvnorm,lognormal,True,6.917606638907735e-16
0.15,0.2,mvnorm,lognormal,True,0.5167998343206255
0.15,0.2,mvnorm,lognormal,True,0.01716266606428506
0.15,0.2,mvnorm,lognormal,True,0.006398683843969234
0.15,0.2,mvnorm,lognormal,True,7.407945656140871e-08
0.15,0.2,mvnorm,lognormal,True,3.6832475265910877e-14
0.15,0.2,mvnorm,lognormal,True,0.00031847101956425356
0.15,0.2,mvnorm,lognormal,True,0.9741674418813893
0.15,0.2,mvnorm,lognormal,True,0.01096991106217842
