tau,rho,est,dist,obs_conf,pvals
0.0,0.2,mvnorm,lognormal,True,0.3577185722215416
0.0,0.2,mvnorm,lognormal,True,0.9948338704202913
0.0,0.2,mvnorm,lognormal,True,0.7644957679026939
0.0,0.2,mvnorm,lognormal,True,0.0007939084990641452
0.0,0.2,mvnorm,lognormal,True,0.020177247919075506
0.0,0.2,mvnorm,lognormal,True,0.638143706974116
0.0,0.2,mvnorm,lognormal,True,0.13910516628026448
0.0,0.2,mvnorm,lognormal,True,0.0001332671977700777
0.0,0.2,mvnorm,lognormal,True,1.1514945026532319e-06
0.0,0.2,mvnorm,lognormal,True,6.082050470141238e-06
0.0,0.2,mvnorm,lognormal,True,0.0025426544652365286
0.0,0.2,mvnorm,lognormal,True,0.03345055133621368
0.0,0.2,mvnorm,lognormal,True,0.8951544060680381
0.0,0.2,mvnorm,lognormal,True,0.5190775743743189
0.0,0.2,mvnorm,lognormal,True,0.5255852316320477
0.0,0.2,mvnorm,lognormal,True,0.41828823453035724
0.0,0.2,mvnorm,lognormal,True,0.8626444113317834
0.0,0.2,mvnorm,lognormal,True,0.9740824198379827
0.0,0.2,mvnorm,lognormal,True,0.21147650108838847
0.0,0.2,mvnorm,lognormal,True,2.0880372214386782e-11
0.0,0.2,mvnorm,lognormal,True,0.3956733242874646
0.0,0.2,mvnorm,lognormal,True,0.00242455158536066
0.0,0.2,mvnorm,lognormal,True,0.026825205699782497
0.0,0.2,mvnorm,lognormal,True,0.38879574217366575
0.0,0.2,mvnorm,lognormal,True,0.3867927411364259
0.0,0.2,mvnorm,lognormal,True,0.4179869826681667
0.0,0.2,mvnorm,lognormal,True,0.31628145042683237
0.0,0.2,mvnorm,lognormal,True,0.02184077502753969
0.0,0.2,mvnorm,lognormal,True,0.0654815570348643
0.0,0.2,mvnorm,lognormal,True,0.40130190613736827
0.0,0.2,mvnorm,lognormal,True,5.590760686099483e-10
0.0,0.2,mvnorm,lognormal,True,3.985325846382548e-05
0.0,0.2,mvnorm,lognormal,True,1.5423557527459508e-06
0.0,0.2,mvnorm,lognormal,True,0.4810326734051039
0.0,0.2,mvnorm,lognormal,True,0.150715057575423
0.0,0.2,mvnorm,lognormal,True,0.7124955344041236
0.0,0.2,mvnorm,lognormal,True,0.15515955108320026
0.0,0.2,mvnorm,lognormal,True,0.7383337379684198
0.0,0.2,mvnorm,lognormal,True,0.9212477208987818
0.0,0.2,mvnorm,lognormal,True,0.009126731205152411
0.0,0.2,mvnorm,lognormal,True,0.43522179439098563
0.0,0.2,mvnorm,lognormal,True,0.24158192519612093
0.0,0.2,mvnorm,lognormal,True,2.5390175500035044e-07
0.0,0.2,mvnorm,lognormal,True,0.6807162137432998
0.0,0.2,mvnorm,lognormal,True,0.015021479037957213
0.0,0.2,mvnorm,lognormal,True,0.13324208093028647
0.0,0.2,mvnorm,lognormal,True,3.765008433923618e-05
0.0,0.2,mvnorm,lognormal,True,0.7754229015898665
0.0,0.2,mvnorm,lognormal,True,0.5059989744303603
0.0,0.2,mvnorm,lognormal,True,0.6012537799434127
0.0,0.2,mvnorm,lognormal,True,0.01029407013856703
0.0,0.2,mvnorm,lognormal,True,0.9805598509498782
0.0,0.2,mvnorm,lognormal,True,0.003808987969213015
0.0,0.2,mvnorm,lognormal,True,0.004428612976352269
0.0,0.2,mvnorm,lognormal,True,2.07422077898662e-09
0.0,0.2,mvnorm,lognormal,True,0.21773606759500164
0.0,0.2,mvnorm,lognormal,True,0.5414256177279309
0.0,0.2,mvnorm,lognormal,True,0.7626342598868917
0.0,0.2,mvnorm,lognormal,True,0.0016667496282088388
0.0,0.2,mvnorm,lognormal,True,0.006993535382200097
0.0,0.2,mvnorm,lognormal,True,0.0005789801032462197
0.0,0.2,mvnorm,lognormal,True,0.00010940610949222765
0.0,0.2,mvnorm,lognormal,True,0.036744429651253845
0.0,0.2,mvnorm,lognormal,True,0.0352456810556158
0.0,0.2,mvnorm,lognormal,True,0.9555903552388613
0.0,0.2,mvnorm,lognormal,True,0.05175901953709447
0.0,0.2,mvnorm,lognormal,True,0.012127015510446267
0.0,0.2,mvnorm,lognormal,True,0.2595416446714349
0.0,0.2,mvnorm,lognormal,True,0.042634728910059885
0.0,0.2,mvnorm,lognormal,True,0.28518101116390915
0.0,0.2,mvnorm,lognormal,True,2.8524870141911544e-05
0.0,0.2,mvnorm,lognormal,True,0.5932079366454439
0.0,0.2,mvnorm,lognormal,True,0.32660329282092837
0.0,0.2,mvnorm,lognormal,True,0.00094630487075851
0.0,0.2,mvnorm,lognormal,True,0.06321474915452094
0.0,0.2,mvnorm,lognormal,True,0.0012133938671941452
0.0,0.2,mvnorm,lognormal,True,3.6035513005912466e-05
0.0,0.2,mvnorm,lognormal,True,0.0009279745987328696
0.0,0.2,mvnorm,lognormal,True,0.029834368518672584
0.0,0.2,mvnorm,lognormal,True,3.1754793463852955e-11
0.0,0.2,mvnorm,lognormal,True,0.617392221642143
0.0,0.2,mvnorm,lognormal,True,2.7043753605561375e-08
0.0,0.2,mvnorm,lognormal,True,0.37378823610408085
0.0,0.2,mvnorm,lognormal,True,0.0006125551565941669
0.0,0.2,mvnorm,lognormal,True,0.22687682323102476
0.0,0.2,mvnorm,lognormal,True,0.00637568655742969
0.0,0.2,mvnorm,lognormal,True,0.53491185566239
0.0,0.2,mvnorm,lognormal,True,0.7617021548981868
0.0,0.2,mvnorm,lognormal,True,0.5347243726635204
0.0,0.2,mvnorm,lognormal,True,0.06370542636547877
0.0,0.2,mvnorm,lognormal,True,0.13737289118858156
0.0,0.2,mvnorm,lognormal,True,0.31893674191877974
0.0,0.2,mvnorm,lognormal,True,0.0005652675595238611
0.0,0.2,mvnorm,lognormal,True,0.7377596194203115
0.0,0.2,mvnorm,lognormal,True,0.021833636070119348
0.0,0.2,mvnorm,lognormal,True,0.08668860536678898
0.0,0.2,mvnorm,lognormal,True,0.24181974302792908
0.0,0.2,mvnorm,lognormal,True,0.009398560926120519
0.0,0.2,mvnorm,lognormal,True,1.3838729516677553e-05
0.0,0.2,mvnorm,lognormal,True,0.18750675095480046
0.0,0.2,mvnorm,lognormal,True,2.6979363354256108e-08
0.0,0.2,mvnorm,lognormal,True,2.683733641604695e-07
0.0,0.2,mvnorm,lognormal,True,0.002699346296846968
0.0,0.2,mvnorm,lognormal,True,0.040634525331070336
0.0,0.2,mvnorm,lognormal,True,0.0003502948048537284
0.0,0.2,mvnorm,lognormal,True,0.9727792988543753
0.0,0.2,mvnorm,lognormal,True,0.005787973530303814
0.0,0.2,mvnorm,lognormal,True,0.16407915588966715
0.0,0.2,mvnorm,lognormal,True,0.004241748184733743
0.0,0.2,mvnorm,lognormal,True,0.4610803576536565
0.0,0.2,mvnorm,lognormal,True,3.8925400807731074e-06
0.0,0.2,mvnorm,lognormal,True,0.002437205064026178
0.0,0.2,mvnorm,lognormal,True,0.5076143412285783
0.0,0.2,mvnorm,lognormal,True,0.10825412823086862
0.0,0.2,mvnorm,lognormal,True,0.4527330748266222
0.0,0.2,mvnorm,lognormal,True,0.0017699192129147856
0.0,0.2,mvnorm,lognormal,True,1.080740821759992e-06
0.0,0.2,mvnorm,lognormal,True,0.7310309903874207
0.0,0.2,mvnorm,lognormal,True,0.0016252358174730947
0.0,0.2,mvnorm,lognormal,True,0.0008749855222332374
0.0,0.2,mvnorm,lognormal,True,0.7207829325794868
0.0,0.2,mvnorm,lognormal,True,0.011818712319468658
0.0,0.2,mvnorm,lognormal,True,9.453087707539313e-13
0.0,0.2,mvnorm,lognormal,True,0.00015975760890049134
0.0,0.2,mvnorm,lognormal,True,1.5275980122007188e-06
0.0,0.2,mvnorm,lognormal,True,0.636589330206442
0.0,0.2,mvnorm,lognormal,True,0.05125432874563833
0.0,0.2,mvnorm,lognormal,True,8.18750117310331e-10
0.0,0.2,mvnorm,lognormal,True,0.33255316042714417
0.0,0.2,mvnorm,lognormal,True,0.005894573701001297
0.0,0.2,mvnorm,lognormal,True,0.5336167973773056
0.0,0.2,mvnorm,lognormal,True,0.00013175306564025064
0.0,0.2,mvnorm,lognormal,True,0.9072881496588646
0.0,0.2,mvnorm,lognormal,True,0.8522030448399274
0.0,0.2,mvnorm,lognormal,True,0.01477380274398427
0.0,0.2,mvnorm,lognormal,True,0.47057385654718153
0.0,0.2,mvnorm,lognormal,True,0.2403404197751131
0.0,0.2,mvnorm,lognormal,True,0.000549506469021366
0.0,0.2,mvnorm,lognormal,True,0.03229861001954701
0.0,0.2,mvnorm,lognormal,True,0.023710068068034603
0.0,0.2,mvnorm,lognormal,True,0.9958270682785528
0.0,0.2,mvnorm,lognormal,True,0.3989553363397994
0.0,0.2,mvnorm,lognormal,True,0.7564123071622193
0.0,0.2,mvnorm,lognormal,True,0.05023898347169566
0.0,0.2,mvnorm,lognormal,True,0.0003558077697217635
0.0,0.2,mvnorm,lognormal,True,0.7713894611947074
0.0,0.2,mvnorm,lognormal,True,0.34229115146199296
0.0,0.2,mvnorm,lognormal,True,1.4551316841256568e-07
0.0,0.2,mvnorm,lognormal,True,2.945826474015256e-08
0.0,0.2,mvnorm,lognormal,True,0.042825670788127754
0.0,0.2,mvnorm,lognormal,True,0.03721276590601354
0.0,0.2,mvnorm,lognormal,True,0.045113055210605546
0.0,0.2,mvnorm,lognormal,True,0.9443894424971361
0.0,0.2,mvnorm,lognormal,True,0.15955056232032722
0.0,0.2,mvnorm,lognormal,True,0.03969842357712505
0.0,0.2,mvnorm,lognormal,True,0.08656187994917086
0.0,0.2,mvnorm,lognormal,True,0.005126276283094917
0.0,0.2,mvnorm,lognormal,True,0.9707973951891424
0.0,0.2,mvnorm,lognormal,True,0.0032181448170508224
0.0,0.2,mvnorm,lognormal,True,2.37192340873294e-07
0.0,0.2,mvnorm,lognormal,True,0.7850577546346992
0.0,0.2,mvnorm,lognormal,True,0.1713939300300047
0.0,0.2,mvnorm,lognormal,True,4.0096713275995817e-07
0.0,0.2,mvnorm,lognormal,True,0.22287421661525608
0.0,0.2,mvnorm,lognormal,True,0.3412890834990766
0.0,0.2,mvnorm,lognormal,True,5.771300363771779e-13
0.0,0.2,mvnorm,lognormal,True,0.9496320864295561
0.0,0.2,mvnorm,lognormal,True,0.3464271673132271
0.0,0.2,mvnorm,lognormal,True,0.004089364411824849
0.0,0.2,mvnorm,lognormal,True,0.01139530788557916
0.0,0.2,mvnorm,lognormal,True,0.0006251754901685948
0.0,0.2,mvnorm,lognormal,True,0.6584242100289872
0.0,0.2,mvnorm,lognormal,True,0.025771180646856226
0.0,0.2,mvnorm,lognormal,True,0.0009692349066885557
0.0,0.2,mvnorm,lognormal,True,1.7559497244113466e-07
0.0,0.2,mvnorm,lognormal,True,0.7048810847019287
0.0,0.2,mvnorm,lognormal,True,0.0016771829718008346
0.0,0.2,mvnorm,lognormal,True,0.05106723280262653
0.0,0.2,mvnorm,lognormal,True,8.91862555886914e-06
0.0,0.2,mvnorm,lognormal,True,0.010732766433462692
0.0,0.2,mvnorm,lognormal,True,0.3364982345562787
0.0,0.2,mvnorm,lognormal,True,1.6802044354003373e-12
0.0,0.2,mvnorm,lognormal,True,9.857850049580809e-05
0.0,0.2,mvnorm,lognormal,True,3.5390756472055016e-06
0.0,0.2,mvnorm,lognormal,True,0.5283918346621554
0.0,0.2,mvnorm,lognormal,True,0.49094941418783955
0.0,0.2,mvnorm,lognormal,True,0.01185327968287185
0.0,0.2,mvnorm,lognormal,True,0.935660066989213
0.0,0.2,mvnorm,lognormal,True,0.03319154327924275
0.0,0.2,mvnorm,lognormal,True,9.375625933094827e-06
0.0,0.2,mvnorm,lognormal,True,0.20517124676441864
0.0,0.2,mvnorm,lognormal,True,0.0001379603973711784
0.0,0.2,mvnorm,lognormal,True,0.10974309857944868
0.0,0.2,mvnorm,lognormal,True,0.4089957180723419
0.0,0.2,mvnorm,lognormal,True,0.6505092841217214
0.0,0.2,mvnorm,lognormal,True,0.5908579137833032
0.0,0.2,mvnorm,lognormal,True,0.0002906343779593584
0.0,0.2,mvnorm,lognormal,True,0.8078718906674489
0.0,0.2,mvnorm,lognormal,True,0.7367606546886183
0.0,0.2,mvnorm,lognormal,True,0.8644813242699729
