tau,rho,est,dist,obs_conf,pvals
0.12,-0.2,mvnorm,lognormal,True,0.7251034542609589
0.12,-0.2,mvnorm,lognormal,True,1.1366695142171137e-10
0.12,-0.2,mvnorm,lognormal,True,6.89046173826537e-07
0.12,-0.2,mvnorm,lognormal,True,0.009668889034063429
0.12,-0.2,mvnorm,lognormal,True,0.08200923298013109
0.12,-0.2,mvnorm,lognormal,True,0.0007150606510126726
0.12,-0.2,mvnorm,lognormal,True,2.5324977631185282e-05
0.12,-0.2,mvnorm,lognormal,True,3.142949535606909e-06
0.12,-0.2,mvnorm,lognormal,True,0.27215191957661233
0.12,-0.2,mvnorm,lognormal,True,0.00011402523244530665
0.12,-0.2,mvnorm,lognormal,True,0.5116151000477485
0.12,-0.2,mvnorm,lognormal,True,0.18730338187629794
0.12,-0.2,mvnorm,lognormal,True,7.642720959702071e-11
0.12,-0.2,mvnorm,lognormal,True,0.13331990323816914
0.12,-0.2,mvnorm,lognormal,True,0.29340822143736534
0.12,-0.2,mvnorm,lognormal,True,0.6934434290935374
0.12,-0.2,mvnorm,lognormal,True,4.1063069053174844e-12
0.12,-0.2,mvnorm,lognormal,True,0.003202771014432475
0.12,-0.2,mvnorm,lognormal,True,0.002092733131793836
0.12,-0.2,mvnorm,lognormal,True,3.780188888392359e-10
0.12,-0.2,mvnorm,lognormal,True,2.517039223508342e-10
0.12,-0.2,mvnorm,lognormal,True,0.3726937485734121
0.12,-0.2,mvnorm,lognormal,True,1.5023553923821984e-05
0.12,-0.2,mvnorm,lognormal,True,0.03591878459907181
0.12,-0.2,mvnorm,lognormal,True,2.0781856896354373e-05
0.12,-0.2,mvnorm,lognormal,True,4.7067395267614494e-11
0.12,-0.2,mvnorm,lognormal,True,0.4372813690762327
0.12,-0.2,mvnorm,lognormal,True,4.156838131287312e-07
0.12,-0.2,mvnorm,lognormal,True,0.00010369236386907586
0.12,-0.2,mvnorm,lognormal,True,0.5534621031801713
