tau,rho,est,dist,obs_conf,pvals
0.09,0.4,mvnorm,lognormal,True,0.9179734231376265
0.09,0.4,mvnorm,lognormal,True,0.06949182375562662
0.09,0.4,mvnorm,lognormal,True,2.183527582009207e-06
0.09,0.4,mvnorm,lognormal,True,1.2535104740449807e-08
0.09,0.4,mvnorm,lognormal,True,0.0122845240113519
0.09,0.4,mvnorm,lognormal,True,0.2885086675489092
0.09,0.4,mvnorm,lognormal,True,0.5676020394511179
0.09,0.4,mvnorm,lognormal,True,2.7886096143981076e-16
0.09,0.4,mvnorm,lognormal,True,0.02715899870964632
0.09,0.4,mvnorm,lognormal,True,9.20800741087784e-20
0.09,0.4,mvnorm,lognormal,True,0.3109589816399421
0.09,0.4,mvnorm,lognormal,True,0.08068316943859773
0.09,0.4,mvnorm,lognormal,True,0.8933765928736188
0.09,0.4,mvnorm,lognormal,True,0.8708976256461659
0.09,0.4,mvnorm,lognormal,True,0.004430520584524515
0.09,0.4,mvnorm,lognormal,True,0.10683059706279081
0.09,0.4,mvnorm,lognormal,True,0.28910756639341684
0.09,0.4,mvnorm,lognormal,True,0.0076639647431198865
0.09,0.4,mvnorm,lognormal,True,0.30271758042013397
0.09,0.4,mvnorm,lognormal,True,1.372446547849271e-25
0.09,0.4,mvnorm,lognormal,True,0.001984978145181005
0.09,0.4,mvnorm,lognormal,True,0.4234070963326729
0.09,0.4,mvnorm,lognormal,True,3.7315903359691406e-16
0.09,0.4,mvnorm,lognormal,True,0.022753636817337046
0.09,0.4,mvnorm,lognormal,True,0.9975778763225296
0.09,0.4,mvnorm,lognormal,True,0.28853612994258016
0.09,0.4,mvnorm,lognormal,True,0.8978441843335698
0.09,0.4,mvnorm,lognormal,True,7.746529832005733e-09
0.09,0.4,mvnorm,lognormal,True,8.01034495397204e-10
0.09,0.4,mvnorm,lognormal,True,0.8618846425394077
