tau,rho,est,dist,obs_conf,pvals
0.0,0.4,lognorm,lognormal,True,3.0218641527851383e-12
0.0,0.4,lognorm,lognormal,True,3.0169808052606423e-05
0.0,0.4,lognorm,lognormal,True,0.6774743722946741
0.0,0.4,lognorm,lognormal,True,1.4423657050349801e-08
0.0,0.4,lognorm,lognormal,True,0.0001638644115912663
0.0,0.4,lognorm,lognormal,True,0.06973822864735293
0.0,0.4,lognorm,lognormal,True,3.579086005338755e-08
0.0,0.4,lognorm,lognormal,True,2.788788231000693e-06
0.0,0.4,lognorm,lognormal,True,0.0003377899648642365
0.0,0.4,lognorm,lognormal,True,0.1888883443685283
0.0,0.4,lognorm,lognormal,True,1.8435699663610183e-05
0.0,0.4,lognorm,lognormal,True,0.004398091370091167
0.0,0.4,lognorm,lognormal,True,0.24155021880140037
0.0,0.4,lognorm,lognormal,True,1.0088444474579477e-05
0.0,0.4,lognorm,lognormal,True,0.022597395790448168
0.0,0.4,lognorm,lognormal,True,0.00012499214168779568
0.0,0.4,lognorm,lognormal,True,6.8275260817050975e-37
0.0,0.4,lognorm,lognormal,True,6.849210797331546e-10
0.0,0.4,lognorm,lognormal,True,0.6597779037301599
0.0,0.4,lognorm,lognormal,True,0.023881651540442587
0.0,0.4,lognorm,lognormal,True,1.4768397077871025e-16
0.0,0.4,lognorm,lognormal,True,8.660499393544392e-14
0.0,0.4,lognorm,lognormal,True,1.1569362610956154e-09
0.0,0.4,lognorm,lognormal,True,0.021142883308832988
0.0,0.4,lognorm,lognormal,True,0.002048536436642042
0.0,0.4,lognorm,lognormal,True,4.9179735476437305e-08
0.0,0.4,lognorm,lognormal,True,2.6189021406213183e-05
0.0,0.4,lognorm,lognormal,True,9.391974157104392e-23
0.0,0.4,lognorm,lognormal,True,3.676506396822117e-29
0.0,0.4,lognorm,lognormal,True,9.47108119077795e-08
