tau,rho,est,dist,obs_conf,pvals
0.09,0.2,lognorm,lognormal,True,0.05987505324369723
0.09,0.2,lognorm,lognormal,True,0.9430514990923639
0.09,0.2,lognorm,lognormal,True,0.15219802126749676
0.09,0.2,lognorm,lognormal,True,0.04258709269915355
0.09,0.2,lognorm,lognormal,True,3.0721659450665764e-06
0.09,0.2,lognorm,lognormal,True,0.21542520928640538
0.09,0.2,lognorm,lognormal,True,0.4162670771470427
0.09,0.2,lognorm,lognormal,True,3.060097528154197e-06
0.09,0.2,lognorm,lognormal,True,0.7296555578531358
0.09,0.2,lognorm,lognormal,True,0.8594959768276833
0.09,0.2,lognorm,lognormal,True,4.388877986829229e-07
0.09,0.2,lognorm,lognormal,True,5.629063401997959e-06
0.09,0.2,lognorm,lognormal,True,0.3830579198672308
0.09,0.2,lognorm,lognormal,True,5.726989796447662e-06
0.09,0.2,lognorm,lognormal,True,0.015113952587577664
0.09,0.2,lognorm,lognormal,True,4.310763785444787e-06
0.09,0.2,lognorm,lognormal,True,7.128136838109869e-26
0.09,0.2,lognorm,lognormal,True,0.003253100528127249
0.09,0.2,lognorm,lognormal,True,0.007804025939843681
0.09,0.2,lognorm,lognormal,True,0.012392941070341605
0.09,0.2,lognorm,lognormal,True,5.564833501685145e-18
0.09,0.2,lognorm,lognormal,True,0.00016377242342868745
0.09,0.2,lognorm,lognormal,True,0.006860820040979545
0.09,0.2,lognorm,lognormal,True,0.14119934069366008
0.09,0.2,lognorm,lognormal,True,0.357065518366976
0.09,0.2,lognorm,lognormal,True,5.756743763562488e-11
0.09,0.2,lognorm,lognormal,True,2.45312530382671e-07
0.09,0.2,lognorm,lognormal,True,1.0547190737102764e-16
0.09,0.2,lognorm,lognormal,True,3.012142598618906e-23
0.09,0.2,lognorm,lognormal,True,7.108620950960546e-07
