tau,rho,est,dist,obs_conf,pvals
0.12,0.0,mvnorm,lognormal,True,0.6160039918166147
0.12,0.0,mvnorm,lognormal,True,1.4543035474831114e-05
0.12,0.0,mvnorm,lognormal,True,0.4615819673626861
0.12,0.0,mvnorm,lognormal,True,1.7973650044077518e-11
0.12,0.0,mvnorm,lognormal,True,0.0007357027358415955
0.12,0.0,mvnorm,lognormal,True,0.0005770854522990115
0.12,0.0,mvnorm,lognormal,True,0.24457565703042114
0.12,0.0,mvnorm,lognormal,True,2.0264597396834228e-10
0.12,0.0,mvnorm,lognormal,True,0.0652441539674274
0.12,0.0,mvnorm,lognormal,True,2.0602258845713886e-06
0.12,0.0,mvnorm,lognormal,True,0.6200057939885943
0.12,0.0,mvnorm,lognormal,True,0.17677876907785933
0.12,0.0,mvnorm,lognormal,True,5.011945369850516e-06
0.12,0.0,mvnorm,lognormal,True,0.1659889658956649
0.12,0.0,mvnorm,lognormal,True,0.1505760030662978
0.12,0.0,mvnorm,lognormal,True,0.9388612892644078
0.12,0.0,mvnorm,lognormal,True,2.2781050958414705e-07
0.12,0.0,mvnorm,lognormal,True,0.002883870737189748
0.12,0.0,mvnorm,lognormal,True,0.010202873869460312
0.12,0.0,mvnorm,lognormal,True,1.5262642528914718e-10
0.12,0.0,mvnorm,lognormal,True,1.9080818802721016e-10
0.12,0.0,mvnorm,lognormal,True,0.27304317790324295
0.12,0.0,mvnorm,lognormal,True,1.5356080970489988e-11
0.12,0.0,mvnorm,lognormal,True,0.07102065841529401
0.12,0.0,mvnorm,lognormal,True,0.20886915337134213
0.12,0.0,mvnorm,lognormal,True,0.00013227107845380565
0.12,0.0,mvnorm,lognormal,True,0.46302388097073655
0.12,0.0,mvnorm,lognormal,True,1.2670066929390457e-06
0.12,0.0,mvnorm,lognormal,True,0.002098199383672786
0.12,0.0,mvnorm,lognormal,True,0.010670680426005889
