tau,rho,est,dist,obs_conf,pvals
0.06,-0.4,mvnorm,lognormal,True,4.65996772083037e-05
0.06,-0.4,mvnorm,lognormal,True,1.6842714078905277e-10
0.06,-0.4,mvnorm,lognormal,True,0.011899694750526782
0.06,-0.4,mvnorm,lognormal,True,0.004200737296864545
0.06,-0.4,mvnorm,lognormal,True,0.412220867322598
0.06,-0.4,mvnorm,lognormal,True,3.0488549238752305e-06
0.06,-0.4,mvnorm,lognormal,True,4.2171723830585416e-10
0.06,-0.4,mvnorm,lognormal,True,0.00011535932482854016
0.06,-0.4,mvnorm,lognormal,True,0.002656796651540754
0.06,-0.4,mvnorm,lognormal,True,0.017617055001166258
0.06,-0.4,mvnorm,lognormal,True,0.17422197224204689
0.06,-0.4,mvnorm,lognormal,True,0.007953480375415847
0.06,-0.4,mvnorm,lognormal,True,0.00022869590083691532
0.06,-0.4,mvnorm,lognormal,True,1.1670653997081156e-07
0.06,-0.4,mvnorm,lognormal,True,0.8943020624720648
0.06,-0.4,mvnorm,lognormal,True,0.19357080415812233
0.06,-0.4,mvnorm,lognormal,True,4.6569236496187344e-07
0.06,-0.4,mvnorm,lognormal,True,0.0053993576263868534
0.06,-0.4,mvnorm,lognormal,True,0.00659317529974781
0.06,-0.4,mvnorm,lognormal,True,9.451227702559563e-06
0.06,-0.4,mvnorm,lognormal,True,3.442808638276157e-05
0.06,-0.4,mvnorm,lognormal,True,0.5863523359245225
0.06,-0.4,mvnorm,lognormal,True,1.4697425970032165e-06
0.06,-0.4,mvnorm,lognormal,True,0.09146681636630392
0.06,-0.4,mvnorm,lognormal,True,0.0006599881086347911
0.06,-0.4,mvnorm,lognormal,True,4.607328920074545e-09
0.06,-0.4,mvnorm,lognormal,True,0.21241329651839333
0.06,-0.4,mvnorm,lognormal,True,0.08353671104425361
0.06,-0.4,mvnorm,lognormal,True,0.00036566713420428405
0.06,-0.4,mvnorm,lognormal,True,0.018921889988943626
