tau,rho,est,dist,obs_conf,pvals
0.03,0.2,mvnorm,lognormal,True,0.8436232954699731
0.03,0.2,mvnorm,lognormal,True,0.301465229038002
0.03,0.2,mvnorm,lognormal,True,0.42303329289485647
0.03,0.2,mvnorm,lognormal,True,2.2793154563075358e-05
0.03,0.2,mvnorm,lognormal,True,0.00103484424534113
0.03,0.2,mvnorm,lognormal,True,0.671979051567989
0.03,0.2,mvnorm,lognormal,True,0.5380385644336618
0.03,0.2,mvnorm,lognormal,True,3.850767225627631e-06
0.03,0.2,mvnorm,lognormal,True,2.6357232760315232e-05
0.03,0.2,mvnorm,lognormal,True,1.3792394363465592e-07
0.03,0.2,mvnorm,lognormal,True,0.025295209110623853
0.03,0.2,mvnorm,lognormal,True,0.049889063783841635
0.03,0.2,mvnorm,lognormal,True,0.33609119997196124
0.03,0.2,mvnorm,lognormal,True,0.724627740484758
0.03,0.2,mvnorm,lognormal,True,0.37235932331305877
0.03,0.2,mvnorm,lognormal,True,0.14858527857165763
0.03,0.2,mvnorm,lognormal,True,0.5886535141519859
0.03,0.2,mvnorm,lognormal,True,0.9629043819717584
0.03,0.2,mvnorm,lognormal,True,0.48952104253250683
0.03,0.2,mvnorm,lognormal,True,1.7333509398068662e-12
0.03,0.2,mvnorm,lognormal,True,0.06424606681820277
0.03,0.2,mvnorm,lognormal,True,0.07645710680868112
0.03,0.2,mvnorm,lognormal,True,0.0025660958014966464
0.03,0.2,mvnorm,lognormal,True,0.18674464669828575
0.03,0.2,mvnorm,lognormal,True,0.9250995203733523
0.03,0.2,mvnorm,lognormal,True,0.40391112482170566
0.03,0.2,mvnorm,lognormal,True,0.9829749184482393
0.03,0.2,mvnorm,lognormal,True,0.001627606535148392
0.03,0.2,mvnorm,lognormal,True,0.18076212340064562
0.03,0.2,mvnorm,lognormal,True,0.9443991017502905
