tau,rho,est,dist,obs_conf,pvals
0.12,0.0,lognorm,lognormal,True,0.16554759425202353
0.12,0.0,lognorm,lognormal,True,0.00026047166151721727
0.12,0.0,lognorm,lognormal,True,0.058093034021737884
0.12,0.0,lognorm,lognormal,True,0.7067621627088135
0.12,0.0,lognorm,lognormal,True,6.320987507623299e-05
0.12,0.0,lognorm,lognormal,True,0.9865762728999619
0.12,0.0,lognorm,lognormal,True,4.996847347006816e-09
0.12,0.0,lognorm,lognormal,True,0.003896010236893099
0.12,0.0,lognorm,lognormal,True,0.029562188751427108
0.12,0.0,lognorm,lognormal,True,0.03578855464226182
0.12,0.0,lognorm,lognormal,True,0.045000254337803386
0.12,0.0,lognorm,lognormal,True,1.3097141586771785e-07
0.12,0.0,lognorm,lognormal,True,0.023502851517220896
0.12,0.0,lognorm,lognormal,True,0.00021105199972792075
0.12,0.0,lognorm,lognormal,True,0.0004309081374078893
0.12,0.0,lognorm,lognormal,True,0.00028011639209764527
0.12,0.0,lognorm,lognormal,True,1.4840753186658531e-05
0.12,0.0,lognorm,lognormal,True,0.06959856304535206
0.12,0.0,lognorm,lognormal,True,0.023809156600272007
0.12,0.0,lognorm,lognormal,True,0.25818342468666877
0.12,0.0,lognorm,lognormal,True,2.3646985614337826e-05
0.12,0.0,lognorm,lognormal,True,0.044232528206573286
0.12,0.0,lognorm,lognormal,True,0.036214715933776336
0.12,0.0,lognorm,lognormal,True,0.6031443522421114
0.12,0.0,lognorm,lognormal,True,0.05728610107991475
0.12,0.0,lognorm,lognormal,True,4.81279450163194e-07
0.12,0.0,lognorm,lognormal,True,6.740688882440604e-05
0.12,0.0,lognorm,lognormal,True,0.006581651420779323
0.12,0.0,lognorm,lognormal,True,3.56343088398347e-11
0.12,0.0,lognorm,lognormal,True,0.11136985153179764
