tau,rho,est,dist,obs_conf,pvals
0.15,0.0,lognorm,lognormal,True,0.06966121917630233
0.15,0.0,lognorm,lognormal,True,2.2388341232463025e-05
0.15,0.0,lognorm,lognormal,True,0.01606355708890734
0.15,0.0,lognorm,lognormal,True,0.8911606484299138
0.15,0.0,lognorm,lognormal,True,6.974139743377025e-06
0.15,0.0,lognorm,lognormal,True,0.7126327692881416
0.15,0.0,lognorm,lognormal,True,2.93384771872534e-11
0.15,0.0,lognorm,lognormal,True,0.0008481963202902525
0.15,0.0,lognorm,lognormal,True,0.009693007395475274
0.15,0.0,lognorm,lognormal,True,0.006564698227861549
0.15,0.0,lognorm,lognormal,True,0.0060100143202167075
0.15,0.0,lognorm,lognormal,True,7.522975772703264e-09
0.15,0.0,lognorm,lognormal,True,0.004743682192397465
0.15,0.0,lognorm,lognormal,True,3.619557355417342e-07
0.15,0.0,lognorm,lognormal,True,3.7645264631732864e-05
0.15,0.0,lognorm,lognormal,True,2.3215781929191935e-05
0.15,0.0,lognorm,lognormal,True,2.402083707675456e-07
0.15,0.0,lognorm,lognormal,True,0.01836137875717491
0.15,0.0,lognorm,lognormal,True,0.013004804892866068
0.15,0.0,lognorm,lognormal,True,0.11736181304957999
0.15,0.0,lognorm,lognormal,True,5.919955103800758e-07
0.15,0.0,lognorm,lognormal,True,0.009908261452222763
0.15,0.0,lognorm,lognormal,True,0.00486747629553045
0.15,0.0,lognorm,lognormal,True,0.9640835175946604
0.15,0.0,lognorm,lognormal,True,0.007329988185591548
0.15,0.0,lognorm,lognormal,True,3.2378776613558953e-09
0.15,0.0,lognorm,lognormal,True,1.8542484480546888e-06
0.15,0.0,lognorm,lognormal,True,0.0014350799113737535
0.15,0.0,lognorm,lognormal,True,1.213991500127698e-13
0.15,0.0,lognorm,lognormal,True,0.042073667848890654
