tau,rho,est,dist,obs_conf,pvals
0.03,0.4,mvnorm,lognormal,True,0.2626605128890998
0.03,0.4,mvnorm,lognormal,True,0.5765564001080097
0.03,0.4,mvnorm,lognormal,True,0.005413450033360721
0.03,0.4,mvnorm,lognormal,True,2.614525007512391e-05
0.03,0.4,mvnorm,lognormal,True,0.773913445266199
0.03,0.4,mvnorm,lognormal,True,0.014536436806724552
0.03,0.4,mvnorm,lognormal,True,0.37447346626404665
0.03,0.4,mvnorm,lognormal,True,5.611666705361181e-07
0.03,0.4,mvnorm,lognormal,True,0.0015373315601787077
0.03,0.4,mvnorm,lognormal,True,4.629605554886176e-13
0.03,0.4,mvnorm,lognormal,True,0.02946090077486615
0.03,0.4,mvnorm,lognormal,True,0.006250006254846685
0.03,0.4,mvnorm,lognormal,True,0.262813638670781
0.03,0.4,mvnorm,lognormal,True,0.1958022474823938
0.03,0.4,mvnorm,lognormal,True,0.21911284151512242
0.03,0.4,mvnorm,lognormal,True,0.7759441721434008
0.03,0.4,mvnorm,lognormal,True,0.053435947849913505
0.03,0.4,mvnorm,lognormal,True,4.735007225966433e-05
0.03,0.4,mvnorm,lognormal,True,0.5155361490704627
0.03,0.4,mvnorm,lognormal,True,1.9329752244321225e-22
0.03,0.4,mvnorm,lognormal,True,0.429516575825414
0.03,0.4,mvnorm,lognormal,True,0.26763153837040254
0.03,0.4,mvnorm,lognormal,True,1.4357904074167721e-11
0.03,0.4,mvnorm,lognormal,True,0.5720929993297217
0.03,0.4,mvnorm,lognormal,True,0.05895769309089115
0.03,0.4,mvnorm,lognormal,True,0.865091578914813
0.03,0.4,mvnorm,lognormal,True,0.07746831604882307
0.03,0.4,mvnorm,lognormal,True,1.2627952870215343e-05
0.03,0.4,mvnorm,lognormal,True,7.260752875154565e-06
0.03,0.4,mvnorm,lognormal,True,0.05059887145708697
