tau,rho,est,dist,obs_conf,pvals
0.06,0.4,mvnorm,lognormal,True,0.5885218634067193
0.06,0.4,mvnorm,lognormal,True,0.19444006514428153
0.06,0.4,mvnorm,lognormal,True,0.00019568916265754125
0.06,0.4,mvnorm,lognormal,True,2.061792055645137e-06
0.06,0.4,mvnorm,lognormal,True,0.06957537890045405
0.06,0.4,mvnorm,lognormal,True,0.08933836551988876
0.06,0.4,mvnorm,lognormal,True,0.9965707149035052
0.06,0.4,mvnorm,lognormal,True,6.597161455502461e-11
0.06,0.4,mvnorm,lognormal,True,0.0009629329871122666
0.06,0.4,mvnorm,lognormal,True,1.9132910860881948e-13
0.06,0.4,mvnorm,lognormal,True,0.23531228026712192
0.06,0.4,mvnorm,lognormal,True,0.02115083724557834
0.06,0.4,mvnorm,lognormal,True,0.2467579887182098
0.06,0.4,mvnorm,lognormal,True,0.9593716741259433
0.06,0.4,mvnorm,lognormal,True,0.00409692710422614
0.06,0.4,mvnorm,lognormal,True,0.7440492236059684
0.06,0.4,mvnorm,lognormal,True,0.1303611369407182
0.06,0.4,mvnorm,lognormal,True,0.0003571605982064268
0.06,0.4,mvnorm,lognormal,True,0.5545479298730192
0.06,0.4,mvnorm,lognormal,True,8.873544543894534e-24
0.06,0.4,mvnorm,lognormal,True,0.1504503109847927
0.06,0.4,mvnorm,lognormal,True,0.4212072667234319
0.06,0.4,mvnorm,lognormal,True,1.0159071184715104e-13
0.06,0.4,mvnorm,lognormal,True,0.19442572759576052
0.06,0.4,mvnorm,lognormal,True,0.6054914486253626
0.06,0.4,mvnorm,lognormal,True,0.6101684484492734
0.06,0.4,mvnorm,lognormal,True,0.33786790094132363
0.06,0.4,mvnorm,lognormal,True,8.213507470237625e-07
0.06,0.4,mvnorm,lognormal,True,1.994715255698358e-09
0.06,0.4,mvnorm,lognormal,True,0.4850011372027634
