tau,rho,est,dist,obs_conf,pvals
0.15,0.4,mvnorm,lognormal,True,0.06569761630717914
0.15,0.4,mvnorm,lognormal,True,0.00040222593451498426
0.15,0.4,mvnorm,lognormal,True,3.018520981079526e-09
0.15,0.4,mvnorm,lognormal,True,3.5529925594188385e-11
0.15,0.4,mvnorm,lognormal,True,2.4659639682798582e-05
0.15,0.4,mvnorm,lognormal,True,0.633342376972913
0.15,0.4,mvnorm,lognormal,True,0.13269882904116448
0.15,0.4,mvnorm,lognormal,True,2.354526743416931e-17
0.15,0.4,mvnorm,lognormal,True,0.5804042659482859
0.15,0.4,mvnorm,lognormal,True,1.3484656409889507e-20
0.15,0.4,mvnorm,lognormal,True,0.8926297984468353
0.15,0.4,mvnorm,lognormal,True,0.22569307854195916
0.15,0.4,mvnorm,lognormal,True,0.08425601936892636
0.15,0.4,mvnorm,lognormal,True,0.12141646787647153
0.15,0.4,mvnorm,lognormal,True,5.958163716321122e-07
0.15,0.4,mvnorm,lognormal,True,9.730090476961462e-06
0.15,0.4,mvnorm,lognormal,True,0.6377270309598344
0.15,0.4,mvnorm,lognormal,True,0.07325185838038546
0.15,0.4,mvnorm,lognormal,True,0.04631670825233606
0.15,0.4,mvnorm,lognormal,True,4.058010366272484e-32
0.15,0.4,mvnorm,lognormal,True,3.703477685990221e-07
0.15,0.4,mvnorm,lognormal,True,0.13984621880772022
0.15,0.4,mvnorm,lognormal,True,1.5201187697531283e-19
0.15,0.4,mvnorm,lognormal,True,7.068946780455045e-05
0.15,0.4,mvnorm,lognormal,True,0.01217902795564334
0.15,0.4,mvnorm,lognormal,True,0.0024653787983910215
0.15,0.4,mvnorm,lognormal,True,0.20141169969635875
0.15,0.4,mvnorm,lognormal,True,3.9246967055677046e-14
0.15,0.4,mvnorm,lognormal,True,2.6196547491959074e-10
0.15,0.4,mvnorm,lognormal,True,0.3829214500863216
