tau,rho,est,dist,obs_conf,pvals
0.09,-0.2,lognorm,lognormal,True,0.06340521246597172
0.09,-0.2,lognorm,lognormal,True,4.5504772292144547e-11
0.09,-0.2,lognorm,lognormal,True,8.401237764853914e-07
0.09,-0.2,lognorm,lognormal,True,0.11444616274786774
0.09,-0.2,lognorm,lognormal,True,4.967800751247952e-05
0.09,-0.2,lognorm,lognormal,True,0.95364221484803
0.09,-0.2,lognorm,lognormal,True,1.0294766381334633e-11
0.09,-0.2,lognorm,lognormal,True,0.6333418692300077
0.09,-0.2,lognorm,lognormal,True,9.392380778685466e-05
0.09,-0.2,lognorm,lognormal,True,0.0021277915717010302
0.09,-0.2,lognorm,lognormal,True,3.5110629156440766e-06
0.09,-0.2,lognorm,lognormal,True,1.5341110932633404e-05
0.09,-0.2,lognorm,lognormal,True,8.484224991656487e-05
0.09,-0.2,lognorm,lognormal,True,0.922651040682757
0.09,-0.2,lognorm,lognormal,True,0.0001862437266121581
0.09,-0.2,lognorm,lognormal,True,0.31745034236759573
0.09,-0.2,lognorm,lognormal,True,0.7913561030048789
0.09,-0.2,lognorm,lognormal,True,1.3643875973685216e-08
0.09,-0.2,lognorm,lognormal,True,0.2600699628096266
0.09,-0.2,lognorm,lognormal,True,0.9412109652836098
0.09,-0.2,lognorm,lognormal,True,0.7696097725742331
0.09,-0.2,lognorm,lognormal,True,7.542004399520091e-06
0.09,-0.2,lognorm,lognormal,True,9.923596421032e-15
0.09,-0.2,lognorm,lognormal,True,0.16422808881827156
0.09,-0.2,lognorm,lognormal,True,0.0002989513324193971
0.09,-0.2,lognorm,lognormal,True,0.1135168783440141
0.09,-0.2,lognorm,lognormal,True,0.7037618430531525
0.09,-0.2,lognorm,lognormal,True,0.3253550389261905
0.09,-0.2,lognorm,lognormal,True,0.08348773916899178
0.09,-0.2,lognorm,lognormal,True,0.1738902896574833
