tau,rho,est,dist,obs_conf,pvals
0.0,-0.4,mvnorm,lognormal,True,4.319531216644694e-07
0.0,-0.4,mvnorm,lognormal,True,2.3287114159728472e-08
0.0,-0.4,mvnorm,lognormal,True,0.22369969945841883
0.0,-0.4,mvnorm,lognormal,True,0.1277758860922055
0.0,-0.4,mvnorm,lognormal,True,0.01940589532381489
0.0,-0.4,mvnorm,lognormal,True,2.8878784580693556e-05
0.0,-0.4,mvnorm,lognormal,True,1.742730393984323e-06
0.0,-0.4,mvnorm,lognormal,True,0.10492570983823565
0.0,-0.4,mvnorm,lognormal,True,1.8073582910376464e-06
0.0,-0.4,mvnorm,lognormal,True,0.9191590041973025
0.0,-0.4,mvnorm,lognormal,True,0.01583122368849067
0.0,-0.4,mvnorm,lognormal,True,4.971118112273713e-06
0.0,-0.4,mvnorm,lognormal,True,0.015764984321463144
0.0,-0.4,mvnorm,lognormal,True,3.038292463909392e-11
0.0,-0.4,mvnorm,lognormal,True,0.03828390070273294
0.0,-0.4,mvnorm,lognormal,True,0.07234630898283723
0.0,-0.4,mvnorm,lognormal,True,0.0005163104564988463
0.0,-0.4,mvnorm,lognormal,True,0.4561065242377411
0.0,-0.4,mvnorm,lognormal,True,0.45727138764286346
0.0,-0.4,mvnorm,lognormal,True,0.002269663662734859
0.0,-0.4,mvnorm,lognormal,True,0.003568150521074473
0.0,-0.4,mvnorm,lognormal,True,0.6054978381866075
0.0,-0.4,mvnorm,lognormal,True,1.0379980188562518e-05
0.0,-0.4,mvnorm,lognormal,True,0.160991471832206
0.0,-0.4,mvnorm,lognormal,True,0.017287717378976702
0.0,-0.4,mvnorm,lognormal,True,9.071781638032116e-06
0.0,-0.4,mvnorm,lognormal,True,0.8127265893866303
0.0,-0.4,mvnorm,lognormal,True,0.6690319539394793
0.0,-0.4,mvnorm,lognormal,True,0.006972072886779132
0.0,-0.4,mvnorm,lognormal,True,0.0002898358108618834
