tau,rho,est,dist,obs_conf,pvals
0.15,-0.4,mvnorm,lognormal,True,0.1049403353509847
0.15,-0.4,mvnorm,lognormal,True,2.524954605462807e-16
0.15,-0.4,mvnorm,lognormal,True,5.952792144956954e-09
0.15,-0.4,mvnorm,lognormal,True,2.0918671424532067e-07
0.15,-0.4,mvnorm,lognormal,True,0.2746247542586427
0.15,-0.4,mvnorm,lognormal,True,0.00043051811349324953
0.15,-0.4,mvnorm,lognormal,True,1.878598867823637e-10
0.15,-0.4,mvnorm,lognormal,True,1.8316885709289526e-10
0.15,-0.4,mvnorm,lognormal,True,0.7471328929086705
0.15,-0.4,mvnorm,lognormal,True,1.5881762932925236e-07
0.15,-0.4,mvnorm,lognormal,True,0.48612489100675216
0.15,-0.4,mvnorm,lognormal,True,0.3010545912072901
0.15,-0.4,mvnorm,lognormal,True,8.883112796855725e-10
0.15,-0.4,mvnorm,lognormal,True,0.0020078394454885735
0.15,-0.4,mvnorm,lognormal,True,0.016669387322511976
0.15,-0.4,mvnorm,lognormal,True,3.619819556751154e-08
0.15,-0.4,mvnorm,lognormal,True,1.1112142854273353e-12
0.15,-0.4,mvnorm,lognormal,True,1.3396803079870141e-06
0.15,-0.4,mvnorm,lognormal,True,1.135029021696292e-05
0.15,-0.4,mvnorm,lognormal,True,9.851013775836057e-09
0.15,-0.4,mvnorm,lognormal,True,1.1912002588726114e-12
0.15,-0.4,mvnorm,lognormal,True,0.006883298365165641
0.15,-0.4,mvnorm,lognormal,True,4.567825280904171e-08
0.15,-0.4,mvnorm,lognormal,True,0.004128052615783824
0.15,-0.4,mvnorm,lognormal,True,1.410126524566317e-08
0.15,-0.4,mvnorm,lognormal,True,3.141426997235833e-13
0.15,-0.4,mvnorm,lognormal,True,5.310582659911624e-07
0.15,-0.4,mvnorm,lognormal,True,0.0011036253639986524
0.15,-0.4,mvnorm,lognormal,True,3.530945693699832e-08
0.15,-0.4,mvnorm,lognormal,True,0.808936458124712
