tau,rho,est,dist,obs_conf,pvals
0.12,0.2,lognorm,lognormal,True,0.21512691310391732
0.12,0.2,lognorm,lognormal,True,0.6483700454640637
0.12,0.2,lognorm,lognormal,True,0.0436798888960076
0.12,0.2,lognorm,lognormal,True,0.2564416892294863
0.12,0.2,lognorm,lognormal,True,9.259271526988815e-08
0.12,0.2,lognorm,lognormal,True,0.47641683063852946
0.12,0.2,lognorm,lognormal,True,0.1381882569560808
0.12,0.2,lognorm,lognormal,True,2.384960536506172e-07
0.12,0.2,lognorm,lognormal,True,0.6525861728110007
0.12,0.2,lognorm,lognormal,True,0.45658466439401035
0.12,0.2,lognorm,lognormal,True,4.887796323719364e-09
0.12,0.2,lognorm,lognormal,True,3.4524999807246377e-07
0.12,0.2,lognorm,lognormal,True,0.11243878990250608
0.12,0.2,lognorm,lognormal,True,2.1777724195643938e-07
0.12,0.2,lognorm,lognormal,True,0.0018354334539008254
0.12,0.2,lognorm,lognormal,True,1.0857661643665241e-07
0.12,0.2,lognorm,lognormal,True,1.2887738493100412e-28
0.12,0.2,lognorm,lognormal,True,0.027886613489187
0.12,0.2,lognorm,lognormal,True,0.0017386044336047636
0.12,0.2,lognorm,lognormal,True,0.001982666593660492
0.12,0.2,lognorm,lognormal,True,1.2156126102957827e-20
0.12,0.2,lognorm,lognormal,True,0.0013017896711125263
0.12,0.2,lognorm,lognormal,True,0.01766212351392134
0.12,0.2,lognorm,lognormal,True,0.4567880253660548
0.12,0.2,lognorm,lognormal,True,0.8944830733197845
0.12,0.2,lognorm,lognormal,True,4.343443478172819e-13
0.12,0.2,lognorm,lognormal,True,1.3566492008008902e-08
0.12,0.2,lognorm,lognormal,True,4.96095238328319e-20
0.12,0.2,lognorm,lognormal,True,2.8302684971566767e-27
0.12,0.2,lognorm,lognormal,True,3.139251927975139e-08
