tau,rho,est,dist,obs_conf,pvals
0.06,0.0,mvnorm,lognormal,True,0.5366894285136613
0.06,0.0,mvnorm,lognormal,True,0.007360149894117463
0.06,0.0,mvnorm,lognormal,True,0.8920159311897635
0.06,0.0,mvnorm,lognormal,True,1.693352198320354e-05
0.06,0.0,mvnorm,lognormal,True,0.22368805228931446
0.06,0.0,mvnorm,lognormal,True,0.04140586003392122
0.06,0.0,mvnorm,lognormal,True,0.721000240185551
0.06,0.0,mvnorm,lognormal,True,4.2561555632091394e-07
0.06,0.0,mvnorm,lognormal,True,0.002334296838256376
0.06,0.0,mvnorm,lognormal,True,0.00037516513572171127
0.06,0.0,mvnorm,lognormal,True,0.049652365564058235
0.06,0.0,mvnorm,lognormal,True,0.07393128092117875
0.06,0.0,mvnorm,lognormal,True,0.007777988410483539
0.06,0.0,mvnorm,lognormal,True,0.45769219758572743
0.06,0.0,mvnorm,lognormal,True,0.9850357370766052
0.06,0.0,mvnorm,lognormal,True,0.2342796099087574
0.06,0.0,mvnorm,lognormal,True,9.161055880596214e-05
0.06,0.0,mvnorm,lognormal,True,0.009020869184488125
0.06,0.0,mvnorm,lognormal,True,0.25292864771856616
0.06,0.0,mvnorm,lognormal,True,3.1687316157382475e-09
0.06,0.0,mvnorm,lognormal,True,2.0299599508326302e-06
0.06,0.0,mvnorm,lognormal,True,0.7762208547117685
0.06,0.0,mvnorm,lognormal,True,4.512848053925496e-06
0.06,0.0,mvnorm,lognormal,True,0.4860535008211858
0.06,0.0,mvnorm,lognormal,True,0.9214596877503773
0.06,0.0,mvnorm,lognormal,True,0.027309222132157723
0.06,0.0,mvnorm,lognormal,True,0.07629782583972664
0.06,0.0,mvnorm,lognormal,True,4.0142803132267054e-05
0.06,0.0,mvnorm,lognormal,True,0.04242236122178675
0.06,0.0,mvnorm,lognormal,True,0.8774508547824716
