tau,rho,est,dist,obs_conf,pvals
0.03,-0.2,lognorm,lognormal,True,0.5008895741948953
0.03,-0.2,lognorm,lognormal,True,2.308313420712768e-08
0.03,-0.2,lognorm,lognormal,True,0.005219744595192049
0.03,-0.2,lognorm,lognormal,True,0.7100293718401225
0.03,-0.2,lognorm,lognormal,True,0.0029824861442069484
0.03,-0.2,lognorm,lognormal,True,0.23479070876819574
0.03,-0.2,lognorm,lognormal,True,5.834163213349341e-08
0.03,-0.2,lognorm,lognormal,True,0.18314972512346972
0.03,-0.2,lognorm,lognormal,True,0.011928014983416418
0.03,-0.2,lognorm,lognormal,True,0.05447428706696648
0.03,-0.2,lognorm,lognormal,True,2.1907419451227474e-07
0.03,-0.2,lognorm,lognormal,True,0.0008538998629213332
0.03,-0.2,lognorm,lognormal,True,0.0022980160997036637
0.03,-0.2,lognorm,lognormal,True,0.4977169394980636
0.03,-0.2,lognorm,lognormal,True,0.004707211993558317
0.03,-0.2,lognorm,lognormal,True,0.04539205173732137
0.03,-0.2,lognorm,lognormal,True,0.2345876284085838
0.03,-0.2,lognorm,lognormal,True,2.9895386816182263e-05
0.03,-0.2,lognorm,lognormal,True,0.959710005062183
0.03,-0.2,lognorm,lognormal,True,0.2040991361753487
0.03,-0.2,lognorm,lognormal,True,0.2767260188665338
0.03,-0.2,lognorm,lognormal,True,0.0006595174411219903
0.03,-0.2,lognorm,lognormal,True,6.992286655463938e-11
0.03,-0.2,lognorm,lognormal,True,0.01332805713034786
0.03,-0.2,lognorm,lognormal,True,0.01968267573052368
0.03,-0.2,lognorm,lognormal,True,0.008932958466723134
0.03,-0.2,lognorm,lognormal,True,0.031041532195665737
0.03,-0.2,lognorm,lognormal,True,0.02427775432149816
0.03,-0.2,lognorm,lognormal,True,0.010065770346966516
0.03,-0.2,lognorm,lognormal,True,0.0022985452933527843
