tau,rho,est,dist,obs_conf,pvals
0.0,0.4,mvnorm,lognormal,True,0.0662488190761303
0.0,0.4,mvnorm,lognormal,True,0.3691794787921754
0.0,0.4,mvnorm,lognormal,True,0.2234309025537814
0.0,0.4,mvnorm,lognormal,True,0.0013948711605394422
0.0,0.4,mvnorm,lognormal,True,0.9454715213712427
0.0,0.4,mvnorm,lognormal,True,0.0012574952198161516
0.0,0.4,mvnorm,lognormal,True,0.10278749477793951
0.0,0.4,mvnorm,lognormal,True,9.709378471443684e-07
0.0,0.4,mvnorm,lognormal,True,0.00046894788936893217
0.0,0.4,mvnorm,lognormal,True,2.9283134277010295e-12
0.0,0.4,mvnorm,lognormal,True,0.0005258193412236253
0.0,0.4,mvnorm,lognormal,True,0.001167614892523683
0.0,0.4,mvnorm,lognormal,True,0.06973835884484254
0.0,0.4,mvnorm,lognormal,True,0.04669853938844046
0.0,0.4,mvnorm,lognormal,True,0.5704716894689241
0.0,0.4,mvnorm,lognormal,True,0.22415972766941186
0.0,0.4,mvnorm,lognormal,True,0.0046731663658625576
0.0,0.4,mvnorm,lognormal,True,1.684047414068002e-07
0.0,0.4,mvnorm,lognormal,True,0.1272518500772716
0.0,0.4,mvnorm,lognormal,True,1.0440522175870931e-19
0.0,0.4,mvnorm,lognormal,True,0.7916421536863699
0.0,0.4,mvnorm,lognormal,True,0.0012527722246116757
0.0,0.4,mvnorm,lognormal,True,1.7243698033405954e-09
0.0,0.4,mvnorm,lognormal,True,0.8948379573023343
0.0,0.4,mvnorm,lognormal,True,0.004552697403033409
0.0,0.4,mvnorm,lognormal,True,0.41011792262683155
0.0,0.4,mvnorm,lognormal,True,0.012746125073540388
0.0,0.4,mvnorm,lognormal,True,0.0005867582528670356
0.0,0.4,mvnorm,lognormal,True,9.551348212241436e-06
0.0,0.4,mvnorm,lognormal,True,0.0033070901408646294
