tau,rho,est,dist,obs_conf,pvals
0.0,-0.4,lognorm,lognormal,True,0.27299180442268955
0.0,-0.4,lognorm,lognormal,True,3.8718573281220276e-19
0.0,-0.4,lognorm,lognormal,True,8.906982147392932e-10
0.0,-0.4,lognorm,lognormal,True,8.066131235591618e-07
0.0,-0.4,lognorm,lognormal,True,0.6716688458527702
0.0,-0.4,lognorm,lognormal,True,0.015136507155242942
0.0,-0.4,lognorm,lognormal,True,4.1523212347119805e-09
0.0,-0.4,lognorm,lognormal,True,0.15362773660513912
0.0,-0.4,lognorm,lognormal,True,0.0007997321660543225
0.0,-0.4,lognorm,lognormal,True,0.3053223791526376
0.0,-0.4,lognorm,lognormal,True,3.3913470747835493e-16
0.0,-0.4,lognorm,lognormal,True,0.27734523853401416
0.0,-0.4,lognorm,lognormal,True,0.00024050265274520142
0.0,-0.4,lognorm,lognormal,True,3.3884360804448974e-13
0.0,-0.4,lognorm,lognormal,True,0.22395129659560312
0.0,-0.4,lognorm,lognormal,True,1.3304354497341662e-08
0.0,-0.4,lognorm,lognormal,True,5.010079372233506e-06
0.0,-0.4,lognorm,lognormal,True,7.1009114022631244e-12
0.0,-0.4,lognorm,lognormal,True,0.3679690649883358
0.0,-0.4,lognorm,lognormal,True,0.178217158538572
0.0,-0.4,lognorm,lognormal,True,0.003847339055943089
0.0,-0.4,lognorm,lognormal,True,0.0014533723265088114
0.0,-0.4,lognorm,lognormal,True,3.974304715977815e-22
0.0,-0.4,lognorm,lognormal,True,0.021708904247326348
0.0,-0.4,lognorm,lognormal,True,0.0024181771565159704
0.0,-0.4,lognorm,lognormal,True,4.049172928659934e-14
0.0,-0.4,lognorm,lognormal,True,3.281797230773369e-13
0.0,-0.4,lognorm,lognormal,True,4.805981888943804e-10
0.0,-0.4,lognorm,lognormal,True,2.25826882899363e-14
0.0,-0.4,lognorm,lognormal,True,2.186568399969827e-08
