tau,rho,est,dist,obs_conf,pvals
0.0,-0.2,mvnorm,lognormal,True,0.002595463145855417
0.0,-0.2,mvnorm,lognormal,True,0.001447329576587863
0.0,-0.2,mvnorm,lognormal,True,0.02649593086260512
0.0,-0.2,mvnorm,lognormal,True,0.6692376509277981
0.0,-0.2,mvnorm,lognormal,True,0.28616377031704654
0.0,-0.2,mvnorm,lognormal,True,0.3488797323057976
0.0,-0.2,mvnorm,lognormal,True,0.038485554999832666
0.0,-0.2,mvnorm,lognormal,True,0.7970126343427767
0.0,-0.2,mvnorm,lognormal,True,0.013869738960500621
0.0,-0.2,mvnorm,lognormal,True,0.45491450328188143
0.0,-0.2,mvnorm,lognormal,True,0.6585160203718674
0.0,-0.2,mvnorm,lognormal,True,5.65338774938976e-05
0.0,-0.2,mvnorm,lognormal,True,0.003167363931647228
0.0,-0.2,mvnorm,lognormal,True,0.00016126534134439533
0.0,-0.2,mvnorm,lognormal,True,0.0030427733083035393
0.0,-0.2,mvnorm,lognormal,True,0.020139639523886265
0.0,-0.2,mvnorm,lognormal,True,1.5094076875886514e-06
0.0,-0.2,mvnorm,lognormal,True,0.8970477719448333
0.0,-0.2,mvnorm,lognormal,True,0.8811102889281389
0.0,-0.2,mvnorm,lognormal,True,0.00014144529903382128
0.0,-0.2,mvnorm,lognormal,True,0.0001756027052395738
0.0,-0.2,mvnorm,lognormal,True,0.00015000758359722246
0.0,-0.2,mvnorm,lognormal,True,0.3322264957246666
0.0,-0.2,mvnorm,lognormal,True,0.7424771363958951
0.0,-0.2,mvnorm,lognormal,True,0.6691633266026538
0.0,-0.2,mvnorm,lognormal,True,0.003131504251149575
0.0,-0.2,mvnorm,lognormal,True,0.41710757612860816
0.0,-0.2,mvnorm,lognormal,True,0.012867341601234237
0.0,-0.2,mvnorm,lognormal,True,0.2993656521171122
0.0,-0.2,mvnorm,lognormal,True,0.08077890464481619
