tau,rho,est,dist,obs_conf,pvals
0.0,-0.2,lognorm,lognormal,True,0.9171753363723367
0.0,-0.2,lognorm,lognormal,True,2.6885847477690473e-06
0.0,-0.2,lognorm,lognormal,True,0.031292323643108834
0.0,-0.2,lognorm,lognormal,True,0.8786233060013202
0.0,-0.2,lognorm,lognormal,True,0.08029600963685828
0.0,-0.2,lognorm,lognormal,True,0.062131066198450394
0.0,-0.2,lognorm,lognormal,True,1.3957174815714362e-06
0.0,-0.2,lognorm,lognormal,True,0.0672125198999412
0.0,-0.2,lognorm,lognormal,True,0.07246802083271751
0.0,-0.2,lognorm,lognormal,True,0.5223398304330311
0.0,-0.2,lognorm,lognormal,True,9.517808462973197e-09
0.0,-0.2,lognorm,lognormal,True,0.02809773964017435
0.0,-0.2,lognorm,lognormal,True,0.011020132262088415
0.0,-0.2,lognorm,lognormal,True,0.16473382974152173
0.0,-0.2,lognorm,lognormal,True,0.06631344315661648
0.0,-0.2,lognorm,lognormal,True,0.00936435756130991
0.0,-0.2,lognorm,lognormal,True,0.11602249039789146
0.0,-0.2,lognorm,lognormal,True,0.0013425401600893232
0.0,-0.2,lognorm,lognormal,True,0.42835574607768934
0.0,-0.2,lognorm,lognormal,True,0.07093554288568715
0.0,-0.2,lognorm,lognormal,True,0.06732506679824818
0.0,-0.2,lognorm,lognormal,True,0.003910109531285837
0.0,-0.2,lognorm,lognormal,True,7.627666924458824e-09
0.0,-0.2,lognorm,lognormal,True,0.002129362412791885
0.0,-0.2,lognorm,lognormal,True,0.03476016825245661
0.0,-0.2,lognorm,lognormal,True,0.0012223665261033333
0.0,-0.2,lognorm,lognormal,True,0.007676041621238735
0.0,-0.2,lognorm,lognormal,True,0.004197454251034492
0.0,-0.2,lognorm,lognormal,True,0.000935173704578967
0.0,-0.2,lognorm,lognormal,True,0.0002724081161149553
