tau,rho,est,dist,obs_conf,pvals
0.03,-0.2,mvnorm,lognormal,True,0.005555307958459143
0.03,-0.2,mvnorm,lognormal,True,0.00027300614856586817
0.03,-0.2,mvnorm,lognormal,True,0.005114116774860632
0.03,-0.2,mvnorm,lognormal,True,0.6010717894568438
0.03,-0.2,mvnorm,lognormal,True,0.7070165590388837
0.03,-0.2,mvnorm,lognormal,True,0.1534537616360962
0.03,-0.2,mvnorm,lognormal,True,0.006495287132409367
0.03,-0.2,mvnorm,lognormal,True,0.2645331894297905
0.03,-0.2,mvnorm,lognormal,True,0.09606165277046834
0.03,-0.2,mvnorm,lognormal,True,0.03912322977254297
0.03,-0.2,mvnorm,lognormal,True,0.973297584555321
0.03,-0.2,mvnorm,lognormal,True,6.17871061949113e-06
0.03,-0.2,mvnorm,lognormal,True,0.00018667760235177726
0.03,-0.2,mvnorm,lognormal,True,0.0007273483374818859
0.03,-0.2,mvnorm,lognormal,True,0.07936222074821059
0.03,-0.2,mvnorm,lognormal,True,0.06788231977657982
0.03,-0.2,mvnorm,lognormal,True,7.522562185611465e-08
0.03,-0.2,mvnorm,lognormal,True,0.5202521886071703
0.03,-0.2,mvnorm,lognormal,True,0.6191387188692239
0.03,-0.2,mvnorm,lognormal,True,5.1569895962087806e-05
0.03,-0.2,mvnorm,lognormal,True,5.1285553229428e-06
0.03,-0.2,mvnorm,lognormal,True,0.0001527083747787937
0.03,-0.2,mvnorm,lognormal,True,0.005654362950249362
0.03,-0.2,mvnorm,lognormal,True,0.9061700933617844
0.03,-0.2,mvnorm,lognormal,True,0.24288193842335346
0.03,-0.2,mvnorm,lognormal,True,4.424923804413514e-05
0.03,-0.2,mvnorm,lognormal,True,0.8952240679779976
0.03,-0.2,mvnorm,lognormal,True,0.0020122766771007677
0.03,-0.2,mvnorm,lognormal,True,0.05655518748523314
0.03,-0.2,mvnorm,lognormal,True,0.11613272421056427
