tau,rho,est,dist,obs_conf,pvals
0.03,-0.4,lognorm,lognormal,True,0.06664137087199995
0.03,-0.4,lognorm,lognormal,True,4.8919195418403783e-23
0.03,-0.4,lognorm,lognormal,True,2.9146419829241662e-12
0.03,-0.4,lognorm,lognormal,True,7.877269298088453e-08
0.03,-0.4,lognorm,lognormal,True,0.6318628080156611
0.03,-0.4,lognorm,lognormal,True,0.07444404892982177
0.03,-0.4,lognorm,lognormal,True,4.576281036078196e-11
0.03,-0.4,lognorm,lognormal,True,0.08064984184022131
0.03,-0.4,lognorm,lognormal,True,0.00012268668657856974
0.03,-0.4,lognorm,lognormal,True,0.06406775521062455
0.03,-0.4,lognorm,lognormal,True,2.213092602924114e-14
0.03,-0.4,lognorm,lognormal,True,0.03570546297842707
0.03,-0.4,lognorm,lognormal,True,2.9629884517112234e-05
0.03,-0.4,lognorm,lognormal,True,9.66434868483146e-12
0.03,-0.4,lognorm,lognormal,True,0.07989662285232427
0.03,-0.4,lognorm,lognormal,True,1.253804364125316e-06
0.03,-0.4,lognorm,lognormal,True,3.102583356265945e-05
0.03,-0.4,lognorm,lognormal,True,3.322625376069836e-13
0.03,-0.4,lognorm,lognormal,True,0.8141071854215426
0.03,-0.4,lognorm,lognormal,True,0.4986651600816283
0.03,-0.4,lognorm,lognormal,True,0.021734965306599838
0.03,-0.4,lognorm,lognormal,True,9.136862499654765e-05
0.03,-0.4,lognorm,lognormal,True,1.6212924759422755e-26
0.03,-0.4,lognorm,lognormal,True,0.07201626812334432
0.03,-0.4,lognorm,lognormal,True,0.00013708687974236546
0.03,-0.4,lognorm,lognormal,True,6.463075393300656e-13
0.03,-0.4,lognorm,lognormal,True,2.4596047782016487e-11
0.03,-0.4,lognorm,lognormal,True,1.5627342023277238e-07
0.03,-0.4,lognorm,lognormal,True,6.564883532726637e-12
0.03,-0.4,lognorm,lognormal,True,2.272345519776373e-06
