tau,rho,est,dist,obs_conf,pvals
0.06,0.2,lognorm,lognormal,True,0.020369487361756262
0.06,0.2,lognorm,lognormal,True,0.2537841095864467
0.06,0.2,lognorm,lognormal,True,0.46798131678850297
0.06,0.2,lognorm,lognormal,True,0.009263141320990716
0.06,0.2,lognorm,lognormal,True,0.00011023450406799068
0.06,0.2,lognorm,lognormal,True,0.1594844743622771
0.06,0.2,lognorm,lognormal,True,0.7082196119311944
0.06,0.2,lognorm,lognormal,True,0.00014005632836697288
0.06,0.2,lognorm,lognormal,True,0.5008469956317457
0.06,0.2,lognorm,lognormal,True,0.6934282417586612
0.06,0.2,lognorm,lognormal,True,5.864571709755544e-06
0.06,0.2,lognorm,lognormal,True,6.624606861002158e-05
0.06,0.2,lognorm,lognormal,True,0.8779375012039452
0.06,0.2,lognorm,lognormal,True,0.00014331900643478536
0.06,0.2,lognorm,lognormal,True,0.03538775554674971
0.06,0.2,lognorm,lognormal,True,8.854049865806761e-05
0.06,0.2,lognorm,lognormal,True,3.6343080888522196e-22
0.06,0.2,lognorm,lognormal,True,0.0007500515338390261
0.06,0.2,lognorm,lognormal,True,0.029920456192518964
0.06,0.2,lognorm,lognormal,True,0.06384611574210793
0.06,0.2,lognorm,lognormal,True,2.923143086142691e-16
0.06,0.2,lognorm,lognormal,True,2.6730233182354627e-05
0.06,0.2,lognorm,lognormal,True,0.0007965098612436423
0.06,0.2,lognorm,lognormal,True,0.05431789662486523
0.06,0.2,lognorm,lognormal,True,0.15161995243669998
0.06,0.2,lognorm,lognormal,True,2.45406183131454e-08
0.06,0.2,lognorm,lognormal,True,5.310004975580336e-06
0.06,0.2,lognorm,lognormal,True,5.68519636924175e-14
0.06,0.2,lognorm,lognormal,True,6.20813135122589e-20
0.06,0.2,lognorm,lognormal,True,1.270858029788498e-05
