tau,rho,est,dist,obs_conf,pvals
0.03,-0.4,mvnorm,lognormal,True,2.7351958816032898e-06
0.03,-0.4,mvnorm,lognormal,True,3.828601530857641e-08
0.03,-0.4,mvnorm,lognormal,True,0.06192779500804552
0.03,-0.4,mvnorm,lognormal,True,0.016457645125822016
0.03,-0.4,mvnorm,lognormal,True,0.16764791634286197
0.03,-0.4,mvnorm,lognormal,True,2.880018918599009e-05
0.03,-0.4,mvnorm,lognormal,True,2.217855148394097e-08
0.03,-0.4,mvnorm,lognormal,True,0.0068319845719562846
0.03,-0.4,mvnorm,lognormal,True,6.665603037826107e-05
0.03,-0.4,mvnorm,lognormal,True,0.28773300675232927
0.03,-0.4,mvnorm,lognormal,True,0.04752365617998968
0.03,-0.4,mvnorm,lognormal,True,8.27205141201306e-06
0.03,-0.4,mvnorm,lognormal,True,0.003709317016118262
0.03,-0.4,mvnorm,lognormal,True,1.8971007353451513e-08
0.03,-0.4,mvnorm,lognormal,True,0.41908239507540623
0.03,-0.4,mvnorm,lognormal,True,0.26949743357830847
0.03,-0.4,mvnorm,lognormal,True,0.00035151899888983645
0.03,-0.4,mvnorm,lognormal,True,0.11069885582161149
0.03,-0.4,mvnorm,lognormal,True,0.007050926922930917
0.03,-0.4,mvnorm,lognormal,True,0.00014237543801233086
0.03,-0.4,mvnorm,lognormal,True,0.0006215564593504379
0.03,-0.4,mvnorm,lognormal,True,0.6023009780061728
0.03,-0.4,mvnorm,lognormal,True,1.9033730029561706e-06
0.03,-0.4,mvnorm,lognormal,True,0.22351470229692022
0.03,-0.4,mvnorm,lognormal,True,0.004493235404287614
0.03,-0.4,mvnorm,lognormal,True,3.612936482323046e-06
0.03,-0.4,mvnorm,lognormal,True,0.631914685787052
0.03,-0.4,mvnorm,lognormal,True,0.3589789740517402
0.03,-0.4,mvnorm,lognormal,True,0.0018144855571867696
0.03,-0.4,mvnorm,lognormal,True,0.00044716963631315736
