tau,rho,est,dist,obs_conf,pvals
0.0,0.0,mvnorm,lognormal,True,0.06858546788569608
0.0,0.0,mvnorm,lognormal,True,0.15317394950315033
0.0,0.0,mvnorm,lognormal,True,0.19435513824503423
0.0,0.0,mvnorm,lognormal,True,0.00326533368141755
0.0,0.0,mvnorm,lognormal,True,0.44114732846604177
0.0,0.0,mvnorm,lognormal,True,0.8428663959638957
0.0,0.0,mvnorm,lognormal,True,0.29246625490516354
0.0,0.0,mvnorm,lognormal,True,0.00010781404508006332
0.0,0.0,mvnorm,lognormal,True,7.879778972128206e-05
0.0,0.0,mvnorm,lognormal,True,0.007352234428415942
0.0,0.0,mvnorm,lognormal,True,0.012766841055574027
0.0,0.0,mvnorm,lognormal,True,0.004807641551092246
0.0,0.0,mvnorm,lognormal,True,0.08504894671115094
0.0,0.0,mvnorm,lognormal,True,0.08185635362166481
0.0,0.0,mvnorm,lognormal,True,0.331092979363247
0.0,0.0,mvnorm,lognormal,True,0.03279140328588254
0.0,0.0,mvnorm,lognormal,True,0.033508146495280174
0.0,0.0,mvnorm,lognormal,True,0.7026682777988557
0.0,0.0,mvnorm,lognormal,True,0.5389267277735766
0.0,0.0,mvnorm,lognormal,True,5.4453179618237e-07
0.0,0.0,mvnorm,lognormal,True,0.0049134639177722
0.0,0.0,mvnorm,lognormal,True,0.41961706523878406
0.0,0.0,mvnorm,lognormal,True,0.0006413975303959782
0.0,0.0,mvnorm,lognormal,True,0.891448135650807
0.0,0.0,mvnorm,lognormal,True,0.08419628286144139
0.0,0.0,mvnorm,lognormal,True,0.5969347780153824
0.0,0.0,mvnorm,lognormal,True,0.012199012441015514
0.0,0.0,mvnorm,lognormal,True,0.002087660786914384
0.0,0.0,mvnorm,lognormal,True,0.26095141690199675
0.0,0.0,mvnorm,lognormal,True,0.046931309096984425
