tau,rho,est,dist,obs_conf,pvals
0.09,-0.2,mvnorm,lognormal,True,0.1682420050053125
0.09,-0.2,mvnorm,lognormal,True,1.2216872033397817e-09
0.09,-0.2,mvnorm,lognormal,True,6.005536294520018e-05
0.09,-0.2,mvnorm,lognormal,True,0.0998755255677079
0.09,-0.2,mvnorm,lognormal,True,0.4957316698832037
0.09,-0.2,mvnorm,lognormal,True,0.006106919897955704
0.09,-0.2,mvnorm,lognormal,True,0.00014196732148264143
0.09,-0.2,mvnorm,lognormal,True,0.00024183323644997443
0.09,-0.2,mvnorm,lognormal,True,0.7395696427122987
0.09,-0.2,mvnorm,lognormal,True,0.0022471869349726865
0.09,-0.2,mvnorm,lognormal,True,0.9375126012254419
0.09,-0.2,mvnorm,lognormal,True,0.1242684977489285
0.09,-0.2,mvnorm,lognormal,True,2.3397478345425483e-08
0.09,-0.2,mvnorm,lognormal,True,0.08454786765487829
0.09,-0.2,mvnorm,lognormal,True,0.7528388061745473
0.09,-0.2,mvnorm,lognormal,True,0.8964905714715269
0.09,-0.2,mvnorm,lognormal,True,1.666263146187021e-10
0.09,-0.2,mvnorm,lognormal,True,0.03981561988873983
0.09,-0.2,mvnorm,lognormal,True,0.009884646159766423
0.09,-0.2,mvnorm,lognormal,True,4.401861861930143e-08
0.09,-0.2,mvnorm,lognormal,True,1.7688536723175563e-09
0.09,-0.2,mvnorm,lognormal,True,0.0749178501744179
0.09,-0.2,mvnorm,lognormal,True,0.00011742524858809227
0.09,-0.2,mvnorm,lognormal,True,0.16565823140595898
0.09,-0.2,mvnorm,lognormal,True,0.0019683798462141805
0.09,-0.2,mvnorm,lognormal,True,5.793609175416787e-12
0.09,-0.2,mvnorm,lognormal,True,0.5797381230435885
0.09,-0.2,mvnorm,lognormal,True,1.8686762586464067e-06
0.09,-0.2,mvnorm,lognormal,True,0.003245788846505556
0.09,-0.2,mvnorm,lognormal,True,0.9261719590964297
