tau,rho,est,dist,obs_conf,pvals
0.15,0.0,mvnorm,lognormal,True,0.1862760196317237
0.15,0.0,mvnorm,lognormal,True,3.2084851946662933e-07
0.15,0.0,mvnorm,lognormal,True,0.11097572576972745
0.15,0.0,mvnorm,lognormal,True,2.404804203998377e-13
0.15,0.0,mvnorm,lognormal,True,1.891131338005897e-05
0.15,0.0,mvnorm,lognormal,True,0.0006942930982888974
0.15,0.0,mvnorm,lognormal,True,0.16369957270725094
0.15,0.0,mvnorm,lognormal,True,3.983826348784312e-11
0.15,0.0,mvnorm,lognormal,True,0.10464956467611222
0.15,0.0,mvnorm,lognormal,True,4.867733116161878e-08
0.15,0.0,mvnorm,lognormal,True,0.801983258501429
0.15,0.0,mvnorm,lognormal,True,0.5273400675346909
0.15,0.0,mvnorm,lognormal,True,2.6714989215573896e-07
0.15,0.0,mvnorm,lognormal,True,0.03585118585100858
0.15,0.0,mvnorm,lognormal,True,0.0313633395219858
0.15,0.0,mvnorm,lognormal,True,0.8242877699580867
0.15,0.0,mvnorm,lognormal,True,1.8962089481896347e-09
0.15,0.0,mvnorm,lognormal,True,6.932749588716093e-05
0.15,0.0,mvnorm,lognormal,True,0.0012826483527543307
0.15,0.0,mvnorm,lognormal,True,7.831659292702312e-13
0.15,0.0,mvnorm,lognormal,True,6.1713842147145405e-12
0.15,0.0,mvnorm,lognormal,True,0.03212514301275474
0.15,0.0,mvnorm,lognormal,True,5.88348766897984e-13
0.15,0.0,mvnorm,lognormal,True,0.0019410890023806382
0.15,0.0,mvnorm,lognormal,True,0.07096253233116298
0.15,0.0,mvnorm,lognormal,True,2.495198727589176e-06
0.15,0.0,mvnorm,lognormal,True,0.6149230349250062
0.15,0.0,mvnorm,lognormal,True,2.5922572068052367e-10
0.15,0.0,mvnorm,lognormal,True,0.00017436436970983386
0.15,0.0,mvnorm,lognormal,True,0.00025905694354975425
