tau,rho,est,dist,obs_conf,pvals
0.15,0.2,lognorm,lognormal,True,0.332078306235694
0.15,0.2,lognorm,lognormal,True,0.47093882510487617
0.15,0.2,lognorm,lognormal,True,0.01207925623496716
0.15,0.2,lognorm,lognormal,True,0.4644715864997052
0.15,0.2,lognorm,lognormal,True,4.4422695480330754e-09
0.15,0.2,lognorm,lognormal,True,0.6067514454836482
0.15,0.2,lognorm,lognormal,True,0.0035950186401564567
0.15,0.2,lognorm,lognormal,True,3.0863249295483197e-10
0.15,0.2,lognorm,lognormal,True,0.3380052820910314
0.15,0.2,lognorm,lognormal,True,0.0948276283611151
0.15,0.2,lognorm,lognormal,True,1.1159342826638738e-10
0.15,0.2,lognorm,lognormal,True,9.188044129443032e-09
0.15,0.2,lognorm,lognormal,True,0.03513714096324024
0.15,0.2,lognorm,lognormal,True,3.028840016115611e-09
0.15,0.2,lognorm,lognormal,True,0.0007722105200343608
0.15,0.2,lognorm,lognormal,True,9.17021169721252e-10
0.15,0.2,lognorm,lognormal,True,7.520663738509406e-33
0.15,0.2,lognorm,lognormal,True,0.07564314221769163
0.15,0.2,lognorm,lognormal,True,0.0001320322143680352
0.15,0.2,lognorm,lognormal,True,0.000239531785953429
0.15,0.2,lognorm,lognormal,True,1.1436492799560808e-22
0.15,0.2,lognorm,lognormal,True,0.013656056994689773
0.15,0.2,lognorm,lognormal,True,0.06469982198152971
0.15,0.2,lognorm,lognormal,True,0.6928684729427379
0.15,0.2,lognorm,lognormal,True,0.32839053593744366
0.15,0.2,lognorm,lognormal,True,4.0541593712134e-15
0.15,0.2,lognorm,lognormal,True,5.187999083496739e-11
0.15,0.2,lognorm,lognormal,True,1.0476307253222288e-22
0.15,0.2,lognorm,lognormal,True,3.999185214417759e-31
0.15,0.2,lognorm,lognormal,True,2.508744992750971e-09
