tau,rho,est,dist,obs_conf,pvals
0.12,-0.2,lognorm,lognormal,True,0.012270865404390189
0.12,-0.2,lognorm,lognormal,True,5.664264836293334e-13
0.12,-0.2,lognorm,lognormal,True,1.9067233356043162e-08
0.12,-0.2,lognorm,lognormal,True,0.012264392156917945
0.12,-0.2,lognorm,lognormal,True,2.362299300573636e-05
0.12,-0.2,lognorm,lognormal,True,0.5044821723806392
0.12,-0.2,lognorm,lognormal,True,2.9693024381934546e-13
0.12,-0.2,lognorm,lognormal,True,0.5352559472603546
0.12,-0.2,lognorm,lognormal,True,1.672208418983246e-06
0.12,-0.2,lognorm,lognormal,True,0.0003808916714670561
0.12,-0.2,lognorm,lognormal,True,8.05592424291725e-05
0.12,-0.2,lognorm,lognormal,True,6.952648789402138e-07
0.12,-0.2,lognorm,lognormal,True,5.744396660892221e-06
0.12,-0.2,lognorm,lognormal,True,0.4067294864218939
0.12,-0.2,lognorm,lognormal,True,5.837531527933254e-06
0.12,-0.2,lognorm,lognormal,True,0.9856022385527239
0.12,-0.2,lognorm,lognormal,True,0.9085762330746765
0.12,-0.2,lognorm,lognormal,True,1.9281323215454144e-10
0.12,-0.2,lognorm,lognormal,True,0.1378049426881083
0.12,-0.2,lognorm,lognormal,True,0.5091951801421994
0.12,-0.2,lognorm,lognormal,True,0.8610922823161258
0.12,-0.2,lognorm,lognormal,True,2.2668686250249827e-07
0.12,-0.2,lognorm,lognormal,True,2.5351820181975463e-17
0.12,-0.2,lognorm,lognormal,True,0.43878147460750505
0.12,-0.2,lognorm,lognormal,True,9.165324576921082e-07
0.12,-0.2,lognorm,lognormal,True,0.46573201573661827
0.12,-0.2,lognorm,lognormal,True,0.8957998772298535
0.12,-0.2,lognorm,lognormal,True,0.6783266978513065
0.12,-0.2,lognorm,lognormal,True,0.17586643270324287
0.12,-0.2,lognorm,lognormal,True,0.8270822500061521
