tau,rho,est,dist,obs_conf,pvals
0.06,-0.4,lognorm,lognormal,True,0.022824043886659328
0.06,-0.4,lognorm,lognormal,True,1.4507092743958966e-25
0.06,-0.4,lognorm,lognormal,True,2.95389328962425e-13
0.06,-0.4,lognorm,lognormal,True,1.069131616695515e-09
0.06,-0.4,lognorm,lognormal,True,0.3408115931727457
0.06,-0.4,lognorm,lognormal,True,0.28565889382338283
0.06,-0.4,lognorm,lognormal,True,5.715825286284256e-13
0.06,-0.4,lognorm,lognormal,True,0.01273287695511241
0.06,-0.4,lognorm,lognormal,True,7.297982160715689e-06
0.06,-0.4,lognorm,lognormal,True,0.021615523047109012
0.06,-0.4,lognorm,lognormal,True,1.4040649054633278e-12
0.06,-0.4,lognorm,lognormal,True,0.005355540670354767
0.06,-0.4,lognorm,lognormal,True,1.3952814841484008e-06
0.06,-0.4,lognorm,lognormal,True,7.614047756113007e-11
0.06,-0.4,lognorm,lognormal,True,0.022514973122218132
0.06,-0.4,lognorm,lognormal,True,3.2505015725842882e-06
0.06,-0.4,lognorm,lognormal,True,0.0002838284341597006
0.06,-0.4,lognorm,lognormal,True,1.3484497423653942e-15
0.06,-0.4,lognorm,lognormal,True,0.6917983123777189
0.06,-0.4,lognorm,lognormal,True,0.8543043232197685
0.06,-0.4,lognorm,lognormal,True,0.03999082477198572
0.06,-0.4,lognorm,lognormal,True,1.5834509303775737e-06
0.06,-0.4,lognorm,lognormal,True,4.6098294849247987e-29
0.06,-0.4,lognorm,lognormal,True,0.20926674051758973
0.06,-0.4,lognorm,lognormal,True,2.5780353020902997e-05
0.06,-0.4,lognorm,lognormal,True,3.946221438255401e-11
0.06,-0.4,lognorm,lognormal,True,6.058256548470223e-10
0.06,-0.4,lognorm,lognormal,True,1.8924604640655727e-06
0.06,-0.4,lognorm,lognormal,True,1.0155902720963087e-10
0.06,-0.4,lognorm,lognormal,True,7.955752877163176e-06
