tau,rho,est,dist,obs_conf,pvals
0.03,0.4,lognorm,lognormal,True,2.9473015330500993e-10
0.03,0.4,lognorm,lognormal,True,0.0022257082057997465
0.03,0.4,lognorm,lognormal,True,0.9903088483910953
0.03,0.4,lognorm,lognormal,True,1.1046550358737825e-07
0.03,0.4,lognorm,lognormal,True,7.61071209890824e-06
0.03,0.4,lognorm,lognormal,True,0.15453317600071087
0.03,0.4,lognorm,lognormal,True,1.130904777736053e-06
0.03,0.4,lognorm,lognormal,True,1.3593254585304174e-07
0.03,0.4,lognorm,lognormal,True,0.0021250502862621163
0.03,0.4,lognorm,lognormal,True,0.36583659708014427
0.03,0.4,lognorm,lognormal,True,3.8270704214848835e-07
0.03,0.4,lognorm,lognormal,True,0.00043965152616536957
0.03,0.4,lognorm,lognormal,True,0.6238747595755233
0.03,0.4,lognorm,lognormal,True,1.0102708788997494e-07
0.03,0.4,lognorm,lognormal,True,0.06315437267168204
0.03,0.4,lognorm,lognormal,True,2.929965861500758e-06
0.03,0.4,lognorm,lognormal,True,1.8358214152324971e-40
0.03,0.4,lognorm,lognormal,True,1.101538197450383e-08
0.03,0.4,lognorm,lognormal,True,0.10380261443326112
0.03,0.4,lognorm,lognormal,True,0.0023846019603809957
0.03,0.4,lognorm,lognormal,True,1.0090171663024995e-18
0.03,0.4,lognorm,lognormal,True,4.173776566330351e-12
0.03,0.4,lognorm,lognormal,True,1.98033207133132e-08
0.03,0.4,lognorm,lognormal,True,0.10701592739570019
0.03,0.4,lognorm,lognormal,True,0.01965299365232703
0.03,0.4,lognorm,lognormal,True,5.562675156090346e-10
0.03,0.4,lognorm,lognormal,True,2.079851347103072e-06
0.03,0.4,lognorm,lognormal,True,6.654325622630334e-25
0.03,0.4,lognorm,lognormal,True,2.2790883043262575e-33
0.03,0.4,lognorm,lognormal,True,3.892734459407688e-09
