tau,rho,est,dist,obs_conf,pvals
0.09,0.0,lognorm,lognormal,True,0.4045019360859965
0.09,0.0,lognorm,lognormal,True,0.0010860659324660358
0.09,0.0,lognorm,lognormal,True,0.36888901448887546
0.09,0.0,lognorm,lognormal,True,0.3490073657581927
0.09,0.0,lognorm,lognormal,True,0.0010983315640411325
0.09,0.0,lognorm,lognormal,True,0.6268137651752252
0.09,0.0,lognorm,lognormal,True,8.056609684722817e-08
0.09,0.0,lognorm,lognormal,True,0.011664821898579062
0.09,0.0,lognorm,lognormal,True,0.14235242500942324
0.09,0.0,lognorm,lognormal,True,0.12644663776031181
0.09,0.0,lognorm,lognormal,True,0.16218630551042584
0.09,0.0,lognorm,lognormal,True,1.147039576676181e-06
0.09,0.0,lognorm,lognormal,True,0.18804972697827546
0.09,0.0,lognorm,lognormal,True,0.0010950266466186894
0.09,0.0,lognorm,lognormal,True,0.0024809861400557414
0.09,0.0,lognorm,lognormal,True,0.0057804817523788585
0.09,0.0,lognorm,lognormal,True,0.0007347985115663708
0.09,0.0,lognorm,lognormal,True,0.30271439070531414
0.09,0.0,lognorm,lognormal,True,0.08087851633223672
0.09,0.0,lognorm,lognormal,True,0.524633346521123
0.09,0.0,lognorm,lognormal,True,0.00048748952107492943
0.09,0.0,lognorm,lognormal,True,0.23964084148914713
0.09,0.0,lognorm,lognormal,True,0.14905277672744324
0.09,0.0,lognorm,lognormal,True,0.3051665070138907
0.09,0.0,lognorm,lognormal,True,0.21189762912296078
0.09,0.0,lognorm,lognormal,True,6.477820103641578e-06
0.09,0.0,lognorm,lognormal,True,0.0005047356622335797
0.09,0.0,lognorm,lognormal,True,0.0320359049718019
0.09,0.0,lognorm,lognormal,True,7.648014252414107e-09
0.09,0.0,lognorm,lognormal,True,0.3419429163256816
