tau,rho,est,dist,obs_conf,pvals
0.12,0.2,mvnorm,lognormal,True,0.035294910845595
0.12,0.2,mvnorm,lognormal,True,0.002213182141176476
0.12,0.2,mvnorm,lognormal,True,0.010400715004511358
0.12,0.2,mvnorm,lognormal,True,1.5935773199858319e-09
0.12,0.2,mvnorm,lognormal,True,5.712438693293502e-09
0.12,0.2,mvnorm,lognormal,True,0.06962557996291859
0.12,0.2,mvnorm,lognormal,True,0.15787847202132854
0.12,0.2,mvnorm,lognormal,True,2.508561414013989e-11
0.12,0.2,mvnorm,lognormal,True,0.002843111965748574
0.12,0.2,mvnorm,lognormal,True,7.456115557308247e-12
0.12,0.2,mvnorm,lognormal,True,0.4485634102846523
0.12,0.2,mvnorm,lognormal,True,0.6053800690639488
0.12,0.2,mvnorm,lognormal,True,0.0047038539647900265
0.12,0.2,mvnorm,lognormal,True,0.21896427499761378
0.12,0.2,mvnorm,lognormal,True,0.014368746479881143
0.12,0.2,mvnorm,lognormal,True,2.3580109899433207e-05
0.12,0.2,mvnorm,lognormal,True,0.05255432726761989
0.12,0.2,mvnorm,lognormal,True,0.4327650091667584
0.12,0.2,mvnorm,lognormal,True,0.27512538974563844
0.12,0.2,mvnorm,lognormal,True,2.2552337518649e-19
0.12,0.2,mvnorm,lognormal,True,0.00038440632039928323
0.12,0.2,mvnorm,lognormal,True,0.6051261394854573
0.12,0.2,mvnorm,lognormal,True,7.437050842860637e-07
0.12,0.2,mvnorm,lognormal,True,0.002450878257538571
0.12,0.2,mvnorm,lognormal,True,0.09255906253823966
0.12,0.2,mvnorm,lognormal,True,0.007417594134428281
0.12,0.2,mvnorm,lognormal,True,0.03496484103265108
0.12,0.2,mvnorm,lognormal,True,3.648037644613931e-08
0.12,0.2,mvnorm,lognormal,True,0.026896151916481387
0.12,0.2,mvnorm,lognormal,True,0.09844843188458534
