tau,rho,est,dist,obs_conf,pvals
0.12,0.4,lognorm,lognormal,True,8.716402755168407e-07
0.12,0.4,lognorm,lognormal,True,0.07240879873274597
0.12,0.4,lognorm,lognormal,True,0.10602313660964548
0.12,0.4,lognorm,lognormal,True,9.957317279431399e-05
0.12,0.4,lognorm,lognormal,True,7.802407164374315e-12
0.12,0.4,lognorm,lognormal,True,0.49941542966716357
0.12,0.4,lognorm,lognormal,True,0.0006876856571560672
0.12,0.4,lognorm,lognormal,True,1.5971183151012902e-12
0.12,0.4,lognorm,lognormal,True,0.40504940136541856
0.12,0.4,lognorm,lognormal,True,0.3399589808121047
0.12,0.4,lognorm,lognormal,True,6.187484399283403e-14
0.12,0.4,lognorm,lognormal,True,1.0435815100334213e-06
0.12,0.4,lognorm,lognormal,True,0.19074549628869597
0.12,0.4,lognorm,lognormal,True,1.525815073501807e-14
0.12,0.4,lognorm,lognormal,True,0.9176039159828187
0.12,0.4,lognorm,lognormal,True,2.2350295106783897e-12
0.12,0.4,lognorm,lognormal,True,4.441100681089158e-53
0.12,0.4,lognorm,lognormal,True,0.00043479816407612093
0.12,0.4,lognorm,lognormal,True,0.0006458797000134627
0.12,0.4,lognorm,lognormal,True,9.571886279074474e-09
0.12,0.4,lognorm,lognormal,True,5.883871319863896e-28
0.12,0.4,lognorm,lognormal,True,1.6406057248997522e-07
0.12,0.4,lognorm,lognormal,True,8.367086432363011e-05
0.12,0.4,lognorm,lognormal,True,0.9145829403795187
0.12,0.4,lognorm,lognormal,True,0.478731124340518
0.12,0.4,lognorm,lognormal,True,4.616799511772795e-17
0.12,0.4,lognorm,lognormal,True,3.984220317702547e-12
0.12,0.4,lognorm,lognormal,True,8.245522719697132e-36
0.12,0.4,lognorm,lognormal,True,3.2425592412878442e-46
0.12,0.4,lognorm,lognormal,True,1.75018564119324e-14
