tau,rho,est,dist,obs_conf,pvals
0.03,0.0,mvnorm,lognormal,True,0.19265577200769035
0.03,0.0,mvnorm,lognormal,True,0.05001560901754456
0.03,0.0,mvnorm,lognormal,True,0.48908952359482283
0.03,0.0,mvnorm,lognormal,True,0.0003049221887502683
0.03,0.0,mvnorm,lognormal,True,0.5888278162726721
0.03,0.0,mvnorm,lognormal,True,0.14130626111540784
0.03,0.0,mvnorm,lognormal,True,0.7389172400344931
0.03,0.0,mvnorm,lognormal,True,2.5169634543627236e-05
0.03,0.0,mvnorm,lognormal,True,0.0009539628025049406
0.03,0.0,mvnorm,lognormal,True,0.0013318817697083474
0.03,0.0,mvnorm,lognormal,True,0.02160179952093851
0.03,0.0,mvnorm,lognormal,True,0.052666210767554275
0.03,0.0,mvnorm,lognormal,True,0.012752813479977459
0.03,0.0,mvnorm,lognormal,True,0.29707856471143623
0.03,0.0,mvnorm,lognormal,True,0.40889339380576617
0.03,0.0,mvnorm,lognormal,True,0.017734474912170648
0.03,0.0,mvnorm,lognormal,True,0.0006982482995113486
0.03,0.0,mvnorm,lognormal,True,0.10004707316189186
0.03,0.0,mvnorm,lognormal,True,0.3365381206383517
0.03,0.0,mvnorm,lognormal,True,2.2412959384082612e-07
0.03,0.0,mvnorm,lognormal,True,0.0003727639038549484
0.03,0.0,mvnorm,lognormal,True,0.4657468071067855
0.03,0.0,mvnorm,lognormal,True,7.446380979316882e-05
0.03,0.0,mvnorm,lognormal,True,0.6122221470503868
0.03,0.0,mvnorm,lognormal,True,0.5441528632301189
0.03,0.0,mvnorm,lognormal,True,0.18151448752146232
0.03,0.0,mvnorm,lognormal,True,0.03248067044370366
0.03,0.0,mvnorm,lognormal,True,0.00023619914074075163
0.03,0.0,mvnorm,lognormal,True,0.1190456775031532
0.03,0.0,mvnorm,lognormal,True,0.11876666200839789
