tau,rho,est,dist,obs_conf,pvals
0.09,-0.4,mvnorm,lognormal,True,0.0007024956819574694
0.09,-0.4,mvnorm,lognormal,True,4.7708438631721676e-15
0.09,-0.4,mvnorm,lognormal,True,0.00024239353341246509
0.09,-0.4,mvnorm,lognormal,True,4.9317946402636925e-05
0.09,-0.4,mvnorm,lognormal,True,0.8581026695149174
0.09,-0.4,mvnorm,lognormal,True,1.46590134731034e-05
0.09,-0.4,mvnorm,lognormal,True,1.347185617821568e-11
0.09,-0.4,mvnorm,lognormal,True,8.645971209035255e-06
0.09,-0.4,mvnorm,lognormal,True,0.02546340259156077
0.09,-0.4,mvnorm,lognormal,True,0.0007511668250198976
0.09,-0.4,mvnorm,lognormal,True,0.8617573276589762
0.09,-0.4,mvnorm,lognormal,True,0.010283828455355788
0.09,-0.4,mvnorm,lognormal,True,6.824658404524365e-06
0.09,-0.4,mvnorm,lognormal,True,1.368135139687623e-06
0.09,-0.4,mvnorm,lognormal,True,0.464856133513627
0.09,-0.4,mvnorm,lognormal,True,0.04747995124188978
0.09,-0.4,mvnorm,lognormal,True,7.80915104614391e-09
0.09,-0.4,mvnorm,lognormal,True,0.00024588865624461696
0.09,-0.4,mvnorm,lognormal,True,0.0020339213050457584
0.09,-0.4,mvnorm,lognormal,True,2.0441739394809766e-07
0.09,-0.4,mvnorm,lognormal,True,3.010994831868674e-07
0.09,-0.4,mvnorm,lognormal,True,0.057901991570079185
0.09,-0.4,mvnorm,lognormal,True,5.812288309573996e-07
0.09,-0.4,mvnorm,lognormal,True,0.07266579868205165
0.09,-0.4,mvnorm,lognormal,True,5.4845234434986615e-05
0.09,-0.4,mvnorm,lognormal,True,3.228582574528765e-11
0.09,-0.4,mvnorm,lognormal,True,0.010827777937681
0.09,-0.4,mvnorm,lognormal,True,0.009735329605211045
0.09,-0.4,mvnorm,lognormal,True,7.841084988076631e-06
0.09,-0.4,mvnorm,lognormal,True,0.26278826218269347
