tau,rho,est,dist,obs_conf,pvals
0.15,-0.2,mvnorm,lognormal,True,0.7393020377404345
0.15,-0.2,mvnorm,lognormal,True,3.963462990295318e-14
0.15,-0.2,mvnorm,lognormal,True,1.3483799193002844e-07
0.15,-0.2,mvnorm,lognormal,True,0.0003285010038353956
0.15,-0.2,mvnorm,lognormal,True,0.020500735860523176
0.15,-0.2,mvnorm,lognormal,True,0.00013416877721972447
0.15,-0.2,mvnorm,lognormal,True,3.421606375801604e-06
0.15,-0.2,mvnorm,lognormal,True,4.077860831036853e-07
0.15,-0.2,mvnorm,lognormal,True,0.08646515579831676
0.15,-0.2,mvnorm,lognormal,True,2.009484104188051e-05
0.15,-0.2,mvnorm,lognormal,True,0.5075100791180043
0.15,-0.2,mvnorm,lognormal,True,0.997740916250529
0.15,-0.2,mvnorm,lognormal,True,2.6696345007796096e-12
0.15,-0.2,mvnorm,lognormal,True,0.10948865312891304
0.15,-0.2,mvnorm,lognormal,True,0.11563655090722154
0.15,-0.2,mvnorm,lognormal,True,0.3755783975983029
0.15,-0.2,mvnorm,lognormal,True,1.4265315219987794e-12
0.15,-0.2,mvnorm,lognormal,True,0.00020485786803942468
0.15,-0.2,mvnorm,lognormal,True,0.003473513466644484
0.15,-0.2,mvnorm,lognormal,True,1.8388605762739863e-13
0.15,-0.2,mvnorm,lognormal,True,5.751046788012572e-12
0.15,-0.2,mvnorm,lognormal,True,0.25690614998381206
0.15,-0.2,mvnorm,lognormal,True,1.578848044868948e-06
0.15,-0.2,mvnorm,lognormal,True,0.009926471760838813
0.15,-0.2,mvnorm,lognormal,True,5.396792977475511e-08
0.15,-0.2,mvnorm,lognormal,True,1.6273546017347347e-14
0.15,-0.2,mvnorm,lognormal,True,0.3689480925562223
0.15,-0.2,mvnorm,lognormal,True,2.3917916721419457e-07
0.15,-0.2,mvnorm,lognormal,True,1.1872428534662082e-06
0.15,-0.2,mvnorm,lognormal,True,0.142187367374318
