tau,rho,est,dist,obs_conf,pvals
0.15,-0.2,lognorm,lognormal,True,0.0026319940364839967
0.15,-0.2,lognorm,lognormal,True,2.726550005286147e-15
0.15,-0.2,lognorm,lognormal,True,1.9253732171815802e-11
0.15,-0.2,lognorm,lognormal,True,0.000252959565918256
0.15,-0.2,lognorm,lognormal,True,3.0339718068754397e-07
0.15,-0.2,lognorm,lognormal,True,0.2677008888017777
0.15,-0.2,lognorm,lognormal,True,8.065645201791059e-15
0.15,-0.2,lognorm,lognormal,True,0.07934126518077944
0.15,-0.2,lognorm,lognormal,True,6.050256514815737e-08
0.15,-0.2,lognorm,lognormal,True,2.994572904308265e-05
0.15,-0.2,lognorm,lognormal,True,0.0009365777518213287
0.15,-0.2,lognorm,lognormal,True,1.3771727238794567e-08
0.15,-0.2,lognorm,lognormal,True,3.666221664989063e-07
0.15,-0.2,lognorm,lognormal,True,0.06579155711769906
0.15,-0.2,lognorm,lognormal,True,5.06658579292021e-07
0.15,-0.2,lognorm,lognormal,True,0.7274086770040484
0.15,-0.2,lognorm,lognormal,True,0.6930802081904841
0.15,-0.2,lognorm,lognormal,True,6.753164604779198e-12
0.15,-0.2,lognorm,lognormal,True,0.049715373623593594
0.15,-0.2,lognorm,lognormal,True,0.08911629353562392
0.15,-0.2,lognorm,lognormal,True,0.3898023837937604
0.15,-0.2,lognorm,lognormal,True,2.0010295124594966e-08
0.15,-0.2,lognorm,lognormal,True,3.9040869642028346e-20
0.15,-0.2,lognorm,lognormal,True,0.8156360332265687
0.15,-0.2,lognorm,lognormal,True,1.3352901834789572e-07
0.15,-0.2,lognorm,lognormal,True,0.8584531167050503
0.15,-0.2,lognorm,lognormal,True,0.647124009473844
0.15,-0.2,lognorm,lognormal,True,0.9939921689586766
0.15,-0.2,lognorm,lognormal,True,0.32372164604373144
0.15,-0.2,lognorm,lognormal,True,0.6631377564916204
