tau,rho,est,dist,obs_conf,pvals
0.06,0.0,lognorm,lognormal,True,0.6305499953668765
0.06,0.0,lognorm,lognormal,True,0.021163205843255446
0.06,0.0,lognorm,lognormal,True,0.701165766274165
0.06,0.0,lognorm,lognormal,True,0.12182271598512018
0.06,0.0,lognorm,lognormal,True,0.009277845534254345
0.06,0.0,lognorm,lognormal,True,0.29967554948213293
0.06,0.0,lognorm,lognormal,True,1.4224252736564378e-06
0.06,0.0,lognorm,lognormal,True,0.08308721439360496
0.06,0.0,lognorm,lognormal,True,0.36467350995899583
0.06,0.0,lognorm,lognormal,True,0.6319928399013256
0.06,0.0,lognorm,lognormal,True,0.43676315048061143
0.06,0.0,lognorm,lognormal,True,4.181449682148495e-05
0.06,0.0,lognorm,lognormal,True,0.4791914787358994
0.06,0.0,lognorm,lognormal,True,0.00485580891743608
0.06,0.0,lognorm,lognormal,True,0.04411709727268542
0.06,0.0,lognorm,lognormal,True,0.03606074101706829
0.06,0.0,lognorm,lognormal,True,0.01016635149023165
0.06,0.0,lognorm,lognormal,True,0.6299976687874533
0.06,0.0,lognorm,lognormal,True,0.2006977758917992
0.06,0.0,lognorm,lognormal,True,0.9821967849790343
0.06,0.0,lognorm,lognormal,True,0.004216948872753887
0.06,0.0,lognorm,lognormal,True,0.5799518869257496
0.06,0.0,lognorm,lognormal,True,0.32450236804997407
0.06,0.0,lognorm,lognormal,True,0.08037372764229592
0.06,0.0,lognorm,lognormal,True,0.4698256614825522
0.06,0.0,lognorm,lognormal,True,0.00011866421282988432
0.06,0.0,lognorm,lognormal,True,0.0038777543890722655
0.06,0.0,lognorm,lognormal,True,0.09454097386390777
0.06,0.0,lognorm,lognormal,True,9.550012109111092e-07
0.06,0.0,lognorm,lognormal,True,0.8518193301174442
