tau,rho,est,dist,obs_conf,pvals
0.09,-0.4,lognorm,lognormal,True,0.003922480345386946
0.09,-0.4,lognorm,lognormal,True,1.1091184195257575e-28
0.09,-0.4,lognorm,lognormal,True,5.9736086919619135e-15
0.09,-0.4,lognorm,lognormal,True,9.712529992678546e-12
0.09,-0.4,lognorm,lognormal,True,0.0803090189234966
0.09,-0.4,lognorm,lognormal,True,0.8701016718081741
0.09,-0.4,lognorm,lognormal,True,3.330457034818931e-15
0.09,-0.4,lognorm,lognormal,True,0.003089724080178332
0.09,-0.4,lognorm,lognormal,True,1.739653976194452e-07
0.09,-0.4,lognorm,lognormal,True,0.00395456485162863
0.09,-0.4,lognorm,lognormal,True,3.892172445840027e-11
0.09,-0.4,lognorm,lognormal,True,0.0018774990919214554
0.09,-0.4,lognorm,lognormal,True,2.3836147574007636e-08
0.09,-0.4,lognorm,lognormal,True,2.3554609561116905e-09
0.09,-0.4,lognorm,lognormal,True,0.0023732818575837294
0.09,-0.4,lognorm,lognormal,True,0.00028506387740257307
0.09,-0.4,lognorm,lognormal,True,0.002070605583558311
0.09,-0.4,lognorm,lognormal,True,7.021607896527992e-19
0.09,-0.4,lognorm,lognormal,True,0.21099983475709122
0.09,-0.4,lognorm,lognormal,True,0.8342934822753039
0.09,-0.4,lognorm,lognormal,True,0.10200086464095903
0.09,-0.4,lognorm,lognormal,True,5.1362692507605004e-08
0.09,-0.4,lognorm,lognormal,True,3.033376799320413e-32
0.09,-0.4,lognorm,lognormal,True,0.6454453079923641
0.09,-0.4,lognorm,lognormal,True,5.390678118129744e-07
0.09,-0.4,lognorm,lognormal,True,3.424278229439892e-08
0.09,-0.4,lognorm,lognormal,True,1.5010346667240018e-08
0.09,-0.4,lognorm,lognormal,True,2.1956225597589303e-05
0.09,-0.4,lognorm,lognormal,True,4.941945274355963e-10
0.09,-0.4,lognorm,lognormal,True,9.331272677397885e-05
