tau,rho,est,dist,obs_conf,pvals
0.15,-0.4,lognorm,lognormal,True,2.1038466639914414e-05
0.15,-0.4,lognorm,lognormal,True,9.19591710987012e-36
0.15,-0.4,lognorm,lognormal,True,3.442416886827053e-21
0.15,-0.4,lognorm,lognormal,True,3.023876063019852e-14
0.15,-0.4,lognorm,lognormal,True,0.00563473915422701
0.15,-0.4,lognorm,lognormal,True,0.417101804404881
0.15,-0.4,lognorm,lognormal,True,2.1550267754491e-22
0.15,-0.4,lognorm,lognormal,True,1.3863827030727636e-05
0.15,-0.4,lognorm,lognormal,True,1.1035849692714961e-13
0.15,-0.4,lognorm,lognormal,True,5.7851302843987205e-05
0.15,-0.4,lognorm,lognormal,True,1.158474453423078e-08
0.15,-0.4,lognorm,lognormal,True,6.701501366888668e-05
0.15,-0.4,lognorm,lognormal,True,2.9945506225628085e-13
0.15,-0.4,lognorm,lognormal,True,1.9603381672185714e-07
0.15,-0.4,lognorm,lognormal,True,1.4809585364229416e-05
0.15,-0.4,lognorm,lognormal,True,0.005582059169894461
0.15,-0.4,lognorm,lognormal,True,0.048067348456264015
0.15,-0.4,lognorm,lognormal,True,8.704398017930472e-26
0.15,-0.4,lognorm,lognormal,True,0.03769761415177067
0.15,-0.4,lognorm,lognormal,True,0.07516637807159644
0.15,-0.4,lognorm,lognormal,True,0.621347958615195
0.15,-0.4,lognorm,lognormal,True,8.611769599479663e-12
0.15,-0.4,lognorm,lognormal,True,2.983305743047642e-42
0.15,-0.4,lognorm,lognormal,True,0.7367640074831946
0.15,-0.4,lognorm,lognormal,True,7.421863719920662e-10
0.15,-0.4,lognorm,lognormal,True,2.285778536821952e-05
0.15,-0.4,lognorm,lognormal,True,1.2793668477805153e-06
0.15,-0.4,lognorm,lognormal,True,0.00036295457656839374
0.15,-0.4,lognorm,lognormal,True,4.8286910601789975e-08
0.15,-0.4,lognorm,lognormal,True,0.0038382379415345543
