tau,rho,est,dist,obs_conf,pvals
0.03,0.0,lognorm,lognormal,True,0.9536890336715728
0.03,0.0,lognorm,lognormal,True,0.17631162709437553
0.03,0.0,lognorm,lognormal,True,0.43087420149913036
0.03,0.0,lognorm,lognormal,True,0.05876613889640551
0.03,0.0,lognorm,lognormal,True,0.06455070835773861
0.03,0.0,lognorm,lognormal,True,0.09924622239039047
0.03,0.0,lognorm,lognormal,True,3.91045384906572e-05
0.03,0.0,lognorm,lognormal,True,0.5721610767226278
0.03,0.0,lognorm,lognormal,True,0.7144675187536921
0.03,0.0,lognorm,lognormal,True,0.794247106758448
0.03,0.0,lognorm,lognormal,True,0.7341903516775554
0.03,0.0,lognorm,lognormal,True,0.00028751780281126093
0.03,0.0,lognorm,lognormal,True,0.8489083819758748
0.03,0.0,lognorm,lognormal,True,0.05894533554954822
0.03,0.0,lognorm,lognormal,True,0.30999658514107065
0.03,0.0,lognorm,lognormal,True,0.11729724880774618
0.03,0.0,lognorm,lognormal,True,0.06600672873691593
0.03,0.0,lognorm,lognormal,True,0.9845646184525393
0.03,0.0,lognorm,lognormal,True,0.45655911127098503
0.03,0.0,lognorm,lognormal,True,0.3560362523088709
0.03,0.0,lognorm,lognormal,True,0.08809385217609497
0.03,0.0,lognorm,lognormal,True,0.8568863301453524
0.03,0.0,lognorm,lognormal,True,0.8160272692787768
0.03,0.0,lognorm,lognormal,True,0.027633464585396034
0.03,0.0,lognorm,lognormal,True,0.7174277727182047
0.03,0.0,lognorm,lognormal,True,0.00208449616022724
0.03,0.0,lognorm,lognormal,True,0.026808268197509373
0.03,0.0,lognorm,lognormal,True,0.331714192025938
0.03,0.0,lognorm,lognormal,True,1.4652183208443238e-05
0.03,0.0,lognorm,lognormal,True,0.7908011712093623
