tau,rho,est,dist,obs_conf,pvals
0.09,0.0,mvnorm,lognormal,True,0.9656215153623791
0.09,0.0,mvnorm,lognormal,True,0.0003952532236815731
0.09,0.0,mvnorm,lognormal,True,0.4649505776476145
0.09,0.0,mvnorm,lognormal,True,5.311055187838748e-09
0.09,0.0,mvnorm,lognormal,True,0.00863894639670891
0.09,0.0,mvnorm,lognormal,True,0.00549357185123877
0.09,0.0,mvnorm,lognormal,True,0.4792210025052567
0.09,0.0,mvnorm,lognormal,True,7.802253818209182e-08
0.09,0.0,mvnorm,lognormal,True,0.007246172728426501
0.09,0.0,mvnorm,lognormal,True,8.042779168962558e-05
0.09,0.0,mvnorm,lognormal,True,0.2962554319393736
0.09,0.0,mvnorm,lognormal,True,0.09779275937332928
0.09,0.0,mvnorm,lognormal,True,0.000570617387517995
0.09,0.0,mvnorm,lognormal,True,0.7254059175425209
0.09,0.0,mvnorm,lognormal,True,0.6105677966170682
0.09,0.0,mvnorm,lognormal,True,0.5780653031858201
0.09,0.0,mvnorm,lognormal,True,3.317966063704347e-05
0.09,0.0,mvnorm,lognormal,True,0.020307066817006666
0.09,0.0,mvnorm,lognormal,True,0.02995316729543733
0.09,0.0,mvnorm,lognormal,True,3.2577672052837046e-09
0.09,0.0,mvnorm,lognormal,True,8.352260132891467e-08
0.09,0.0,mvnorm,lognormal,True,0.3278295272900406
0.09,0.0,mvnorm,lognormal,True,3.678853000302203e-08
0.09,0.0,mvnorm,lognormal,True,0.09966491954264346
0.09,0.0,mvnorm,lognormal,True,0.5207186740214061
0.09,0.0,mvnorm,lognormal,True,0.0042399510060154525
0.09,0.0,mvnorm,lognormal,True,0.26854645531659493
0.09,0.0,mvnorm,lognormal,True,4.101648126850991e-06
0.09,0.0,mvnorm,lognormal,True,0.006181686561350837
0.09,0.0,mvnorm,lognormal,True,0.3234344075013659
