tau,rho,est,dist,obs_conf,pvals
0.06,-0.2,lognorm,lognormal,True,0.17458545813214177
0.06,-0.2,lognorm,lognormal,True,1.259265357438267e-09
0.06,-0.2,lognorm,lognormal,True,0.0005549895719885391
0.06,-0.2,lognorm,lognormal,True,0.3678258479417773
0.06,-0.2,lognorm,lognormal,True,0.0004037519177251158
0.06,-0.2,lognorm,lognormal,True,0.4288806231410923
0.06,-0.2,lognorm,lognormal,True,2.9630195382123363e-10
0.06,-0.2,lognorm,lognormal,True,0.30071525399295007
0.06,-0.2,lognorm,lognormal,True,0.0029478455478988263
0.06,-0.2,lognorm,lognormal,True,0.017479625171409083
0.06,-0.2,lognorm,lognormal,True,4.5413871758118797e-07
0.06,-0.2,lognorm,lognormal,True,8.637616217674598e-05
0.06,-0.2,lognorm,lognormal,True,0.0008088708755992172
0.06,-0.2,lognorm,lognormal,True,0.6841202164830213
0.06,-0.2,lognorm,lognormal,True,0.0007590096662577551
0.06,-0.2,lognorm,lognormal,True,0.15947209027324116
0.06,-0.2,lognorm,lognormal,True,0.39188325930422063
0.06,-0.2,lognorm,lognormal,True,7.882868367430071e-07
0.06,-0.2,lognorm,lognormal,True,0.5271238737132794
0.06,-0.2,lognorm,lognormal,True,0.5974432472074147
0.06,-0.2,lognorm,lognormal,True,0.5202022677656375
0.06,-0.2,lognorm,lognormal,True,8.019100688385748e-05
0.06,-0.2,lognorm,lognormal,True,6.090115212955532e-13
0.06,-0.2,lognorm,lognormal,True,0.08599188259854351
0.06,-0.2,lognorm,lognormal,True,0.0021856894078568626
0.06,-0.2,lognorm,lognormal,True,0.02748514795352801
0.06,-0.2,lognorm,lognormal,True,0.15857095748800654
0.06,-0.2,lognorm,lognormal,True,0.07524129247023882
0.06,-0.2,lognorm,lognormal,True,0.0272147985107045
0.06,-0.2,lognorm,lognormal,True,0.023835778972191742
