tau,rho,est,dist,obs_conf,pvals
0.06,0.4,lognorm,lognormal,True,2.7343482735391023e-09
0.06,0.4,lognorm,lognormal,True,0.006439645653148107
0.06,0.4,lognorm,lognormal,True,0.6347309833765595
0.06,0.4,lognorm,lognormal,True,1.2062199782790049e-06
0.06,0.4,lognorm,lognormal,True,9.837024697673884e-08
0.06,0.4,lognorm,lognormal,True,0.49958050192378156
0.06,0.4,lognorm,lognormal,True,1.109243219255693e-05
0.06,0.4,lognorm,lognormal,True,1.1117160369209314e-08
0.06,0.4,lognorm,lognormal,True,0.01756985625984752
0.06,0.4,lognorm,lognormal,True,0.709429693630125
0.06,0.4,lognorm,lognormal,True,2.843895649167938e-09
0.06,0.4,lognorm,lognormal,True,0.0001176291946739233
0.06,0.4,lognorm,lognormal,True,0.9500052187804935
0.06,0.4,lognorm,lognormal,True,8.510972725512886e-10
0.06,0.4,lognorm,lognormal,True,0.18794352324805294
0.06,0.4,lognorm,lognormal,True,8.455381271314429e-08
0.06,0.4,lognorm,lognormal,True,4.3804783056130193e-44
0.06,0.4,lognorm,lognormal,True,3.6944158427607353e-07
0.06,0.4,lognorm,lognormal,True,0.026671466880707487
0.06,0.4,lognorm,lognormal,True,0.00013279780825148222
0.06,0.4,lognorm,lognormal,True,2.7874248919879865e-22
0.06,0.4,lognorm,lognormal,True,2.344265203252217e-10
0.06,0.4,lognorm,lognormal,True,1.6235651274780757e-07
0.06,0.4,lognorm,lognormal,True,0.25269557122930925
0.06,0.4,lognorm,lognormal,True,0.08300520421793184
0.06,0.4,lognorm,lognormal,True,1.4549037261063792e-11
0.06,0.4,lognorm,lognormal,True,5.25771935541097e-08
0.06,0.4,lognorm,lognormal,True,1.553524041710584e-27
0.06,0.4,lognorm,lognormal,True,1.3440768784614411e-37
0.06,0.4,lognorm,lognormal,True,1.3097974108030894e-10
