tau,rho,est,dist,obs_conf,pvals
0.12,0.4,mvnorm,lognormal,True,0.27249260066415104
0.12,0.4,mvnorm,lognormal,True,0.016637222867461204
0.12,0.4,mvnorm,lognormal,True,8.760786756344504e-07
0.12,0.4,mvnorm,lognormal,True,1.4829764184111498e-10
0.12,0.4,mvnorm,lognormal,True,0.0006266153777052664
0.12,0.4,mvnorm,lognormal,True,0.9917683006709803
0.12,0.4,mvnorm,lognormal,True,0.26107865743768677
0.12,0.4,mvnorm,lognormal,True,4.7909998619262784e-17
0.12,0.4,mvnorm,lognormal,True,0.5968015010149309
0.12,0.4,mvnorm,lognormal,True,6.033206314066033e-19
0.12,0.4,mvnorm,lognormal,True,0.7939591449729233
0.12,0.4,mvnorm,lognormal,True,0.1898128877250057
0.12,0.4,mvnorm,lognormal,True,0.41825835735237005
0.12,0.4,mvnorm,lognormal,True,0.4192416299284373
0.12,0.4,mvnorm,lognormal,True,2.1369748458575643e-05
0.12,0.4,mvnorm,lognormal,True,0.003069028325521202
0.12,0.4,mvnorm,lognormal,True,0.708858176807541
0.12,0.4,mvnorm,lognormal,True,0.02027662019168228
0.12,0.4,mvnorm,lognormal,True,0.3437367172092216
0.12,0.4,mvnorm,lognormal,True,5.833064322672609e-30
0.12,0.4,mvnorm,lognormal,True,4.452458580407024e-05
0.12,0.4,mvnorm,lognormal,True,0.18642686321441249
0.12,0.4,mvnorm,lognormal,True,6.0116965756378205e-18
0.12,0.4,mvnorm,lognormal,True,0.0037052676905135053
0.12,0.4,mvnorm,lognormal,True,0.23774534664337812
0.12,0.4,mvnorm,lognormal,True,0.024904410245918943
0.12,0.4,mvnorm,lognormal,True,0.4402943876628489
0.12,0.4,mvnorm,lognormal,True,1.3357516966549078e-10
0.12,0.4,mvnorm,lognormal,True,2.7805231888782003e-10
0.12,0.4,mvnorm,lognormal,True,0.9365778491425782
