tau,rho,est,dist,obs_conf,pvals
0.15,0.2,mvnorm,lognormal,True,0.002842373399980188
0.15,0.2,mvnorm,lognormal,True,4.3966336917177566e-05
0.15,0.2,mvnorm,lognormal,True,1.2729996875919562e-05
0.15,0.2,mvnorm,lognormal,True,2.386499637699713e-12
0.15,0.2,mvnorm,lognormal,True,1.201067359943105e-09
0.15,0.2,mvnorm,lognormal,True,0.038749318955842056
0.15,0.2,mvnorm,lognormal,True,0.1382332189439649
0.15,0.2,mvnorm,lognormal,True,5.24059244309866e-13
0.15,0.2,mvnorm,lognormal,True,0.016025651749810223
0.15,0.2,mvnorm,lognormal,True,3.5092993577734174e-15
0.15,0.2,mvnorm,lognormal,True,0.9183090635142597
0.15,0.2,mvnorm,lognormal,True,0.1502549009236426
0.15,0.2,mvnorm,lognormal,True,0.00027024370351646924
0.15,0.2,mvnorm,lognormal,True,0.014992494367952748
0.15,0.2,mvnorm,lognormal,True,0.007766565443999559
0.15,0.2,mvnorm,lognormal,True,2.0183450266049173e-07
0.15,0.2,mvnorm,lognormal,True,0.015452346604568025
0.15,0.2,mvnorm,lognormal,True,0.2567567613146264
0.15,0.2,mvnorm,lognormal,True,0.16640116963079143
0.15,0.2,mvnorm,lognormal,True,3.0224012594942588e-21
0.15,0.2,mvnorm,lognormal,True,4.8155224533345845e-08
0.15,0.2,mvnorm,lognormal,True,0.7929696731351513
0.15,0.2,mvnorm,lognormal,True,1.569185730898996e-08
0.15,0.2,mvnorm,lognormal,True,0.00030410941572393114
0.15,0.2,mvnorm,lognormal,True,0.012908566149598658
0.15,0.2,mvnorm,lognormal,True,0.0028690032020806575
0.15,0.2,mvnorm,lognormal,True,0.0009311941387005274
0.15,0.2,mvnorm,lognormal,True,1.5935394653988649e-09
0.15,0.2,mvnorm,lognormal,True,0.0037565601481722075
0.15,0.2,mvnorm,lognormal,True,0.03372261736108071
