tau,rho,est,dist,obs_conf,pvals
0.15,0.4,lognorm,lognormal,True,1.4200668323427249e-05
0.15,0.4,lognorm,lognormal,True,0.23354919869889074
0.15,0.4,lognorm,lognormal,True,0.031910451030756515
0.15,0.4,lognorm,lognormal,True,0.0020191987915908318
0.15,0.4,lognorm,lognormal,True,6.698138117354332e-14
0.15,0.4,lognorm,lognormal,True,0.2594702825160415
0.15,0.4,lognorm,lognormal,True,0.005147572953591657
0.15,0.4,lognorm,lognormal,True,3.9762088408900865e-14
0.15,0.4,lognorm,lognormal,True,0.7685960924617152
0.15,0.4,lognorm,lognormal,True,0.12297468551100098
0.15,0.4,lognorm,lognormal,True,4.081458369728573e-17
0.15,0.4,lognorm,lognormal,True,9.298410296417942e-08
0.15,0.4,lognorm,lognormal,True,0.0855652139954195
0.15,0.4,lognorm,lognormal,True,1.0542183150828524e-16
0.15,0.4,lognorm,lognormal,True,0.7816306598567765
0.15,0.4,lognorm,lognormal,True,2.6203588836768567e-15
0.15,0.4,lognorm,lognormal,True,3.9722502623330355e-57
0.15,0.4,lognorm,lognormal,True,0.0026832607593788027
0.15,0.4,lognorm,lognormal,True,0.00013324875822241894
0.15,0.4,lognorm,lognormal,True,8.705294394984112e-10
0.15,0.4,lognorm,lognormal,True,4.937614942292455e-31
0.15,0.4,lognorm,lognormal,True,1.974356529574602e-06
0.15,0.4,lognorm,lognormal,True,0.0006682131908689738
0.15,0.4,lognorm,lognormal,True,0.3961110504919909
0.15,0.4,lognorm,lognormal,True,0.8345199071637689
0.15,0.4,lognorm,lognormal,True,2.658592367864577e-20
0.15,0.4,lognorm,lognormal,True,5.901855104031357e-14
0.15,0.4,lognorm,lognormal,True,1.3029167704655814e-38
0.15,0.4,lognorm,lognormal,True,5.329831878101913e-50
0.15,0.4,lognorm,lognormal,True,3.8427987376392155e-16
