tau,rho,est,dist,obs_conf,pvals
0.12,-0.4,mvnorm,lognormal,True,0.014042928073288628
0.12,-0.4,mvnorm,lognormal,True,2.800279176001737e-15
0.12,-0.4,mvnorm,lognormal,True,4.473261807199199e-08
0.12,-0.4,mvnorm,lognormal,True,2.5822740912196767e-06
0.12,-0.4,mvnorm,lognormal,True,0.7618240241297163
0.12,-0.4,mvnorm,lognormal,True,0.0005411202695699834
0.12,-0.4,mvnorm,lognormal,True,7.474840694142083e-13
0.12,-0.4,mvnorm,lognormal,True,1.953765002964703e-08
0.12,-0.4,mvnorm,lognormal,True,0.3393024260840358
0.12,-0.4,mvnorm,lognormal,True,3.994221701118705e-05
0.12,-0.4,mvnorm,lognormal,True,0.728930218052233
0.12,-0.4,mvnorm,lognormal,True,0.08366848959661496
0.12,-0.4,mvnorm,lognormal,True,3.077003990370056e-08
0.12,-0.4,mvnorm,lognormal,True,5.095889130134402e-05
0.12,-0.4,mvnorm,lognormal,True,0.15780152110586038
0.12,-0.4,mvnorm,lognormal,True,0.0036319938220425595
0.12,-0.4,mvnorm,lognormal,True,7.553003778947073e-10
0.12,-0.4,mvnorm,lognormal,True,3.1011991073338765e-05
0.12,-0.4,mvnorm,lognormal,True,0.0010088976884943606
0.12,-0.4,mvnorm,lognormal,True,1.0485481180772038e-08
0.12,-0.4,mvnorm,lognormal,True,8.144544855739389e-10
0.12,-0.4,mvnorm,lognormal,True,0.019233858502263577
0.12,-0.4,mvnorm,lognormal,True,1.4682808258458026e-06
0.12,-0.4,mvnorm,lognormal,True,0.03957957843034385
0.12,-0.4,mvnorm,lognormal,True,1.2995789451436175e-07
0.12,-0.4,mvnorm,lognormal,True,1.0831801361478256e-11
0.12,-0.4,mvnorm,lognormal,True,0.0003115015043382222
0.12,-0.4,mvnorm,lognormal,True,0.0009970633637547042
0.12,-0.4,mvnorm,lognormal,True,4.919102871047053e-07
0.12,-0.4,mvnorm,lognormal,True,0.8467641936047862
