tau,rho,est,dist,obs_conf,pvals
0.06,0.2,mvnorm,lognormal,True,0.6364921042135137
0.06,0.2,mvnorm,lognormal,True,0.22173324247870596
0.06,0.2,mvnorm,lognormal,True,0.16301163665519247
0.06,0.2,mvnorm,lognormal,True,1.3481290394512617e-06
0.06,0.2,mvnorm,lognormal,True,2.2522635599365307e-05
0.06,0.2,mvnorm,lognormal,True,0.5343386935069403
0.06,0.2,mvnorm,lognormal,True,0.7076613913758399
0.06,0.2,mvnorm,lognormal,True,7.578538366549209e-07
0.06,0.2,mvnorm,lognormal,True,5.9343983970240794e-05
0.06,0.2,mvnorm,lognormal,True,7.11739608368407e-08
0.06,0.2,mvnorm,lognormal,True,0.03695116547410998
0.06,0.2,mvnorm,lognormal,True,0.276981086910676
0.06,0.2,mvnorm,lognormal,True,0.14609696164471897
0.06,0.2,mvnorm,lognormal,True,0.21280796382940234
0.06,0.2,mvnorm,lognormal,True,0.1950329171293736
0.06,0.2,mvnorm,lognormal,True,0.018288349132679887
0.06,0.2,mvnorm,lognormal,True,0.3073474540101574
0.06,0.2,mvnorm,lognormal,True,0.4526573216893284
0.06,0.2,mvnorm,lognormal,True,0.7110654236554705
0.06,0.2,mvnorm,lognormal,True,4.538113072343942e-16
0.06,0.2,mvnorm,lognormal,True,0.009090275273800227
0.06,0.2,mvnorm,lognormal,True,0.1426712537519256
0.06,0.2,mvnorm,lognormal,True,0.000642724030647669
0.06,0.2,mvnorm,lognormal,True,0.03468261449748675
0.06,0.2,mvnorm,lognormal,True,0.4624691258592323
0.06,0.2,mvnorm,lognormal,True,0.3144644222058363
0.06,0.2,mvnorm,lognormal,True,0.520844401967099
0.06,0.2,mvnorm,lognormal,True,6.723931074736999e-05
0.06,0.2,mvnorm,lognormal,True,0.5869829580896015
0.06,0.2,mvnorm,lognormal,True,0.6320206347944156
