tau,rho,est,dist,obs_conf,pvals
0.09,0.2,mvnorm,lognormal,True,0.7148251099315165
0.09,0.2,mvnorm,lognormal,True,0.026655326316612483
0.09,0.2,mvnorm,lognormal,True,0.04988231452468605
0.09,0.2,mvnorm,lognormal,True,1.6732450934233082e-07
0.09,0.2,mvnorm,lognormal,True,2.6766597907317596e-07
0.09,0.2,mvnorm,lognormal,True,0.21455071677096746
0.09,0.2,mvnorm,lognormal,True,0.1432368159703549
0.09,0.2,mvnorm,lognormal,True,1.6784836707517315e-08
0.09,0.2,mvnorm,lognormal,True,0.0002989152482915368
0.09,0.2,mvnorm,lognormal,True,2.7424975238946738e-08
0.09,0.2,mvnorm,lognormal,True,0.4469111225786142
0.09,0.2,mvnorm,lognormal,True,0.7102051694933184
0.09,0.2,mvnorm,lognormal,True,0.035460827029546706
0.09,0.2,mvnorm,lognormal,True,0.08944819561474075
0.09,0.2,mvnorm,lognormal,True,0.03740671058515622
0.09,0.2,mvnorm,lognormal,True,0.0031403898366020792
0.09,0.2,mvnorm,lognormal,True,0.11911405406403353
0.09,0.2,mvnorm,lognormal,True,0.26054478602981695
0.09,0.2,mvnorm,lognormal,True,0.46552257651499085
0.09,0.2,mvnorm,lognormal,True,1.7583903432308097e-17
0.09,0.2,mvnorm,lognormal,True,0.0006387913872632168
0.09,0.2,mvnorm,lognormal,True,0.5816382997535772
0.09,0.2,mvnorm,lognormal,True,1.696528074605208e-05
0.09,0.2,mvnorm,lognormal,True,0.014925562641656813
0.09,0.2,mvnorm,lognormal,True,0.20533416214636624
0.09,0.2,mvnorm,lognormal,True,0.013192174626414479
0.09,0.2,mvnorm,lognormal,True,0.20356380280706868
0.09,0.2,mvnorm,lognormal,True,9.118966794938521e-07
0.09,0.2,mvnorm,lognormal,True,0.5139566569030789
0.09,0.2,mvnorm,lognormal,True,0.299796776315316
