tau,rho,est,dist,obs_conf,pvals
0.09,0.4,lognorm,lognormal,True,6.416905571951149e-08
0.09,0.4,lognorm,lognormal,True,0.025539720119616898
0.09,0.4,lognorm,lognormal,True,0.2930506207118134
0.09,0.4,lognorm,lognormal,True,1.5320760752979172e-05
0.09,0.4,lognorm,lognormal,True,1.9427532688979055e-09
0.09,0.4,lognorm,lognormal,True,0.974284719824382
0.09,0.4,lognorm,lognormal,True,0.00014310051357262858
0.09,0.4,lognorm,lognormal,True,1.8765974418650085e-10
0.09,0.4,lognorm,lognormal,True,0.10530257543382754
0.09,0.4,lognorm,lognormal,True,0.6637343127337514
0.09,0.4,lognorm,lognormal,True,1.2178500341688414e-11
0.09,0.4,lognorm,lognormal,True,1.4876820737399593e-05
0.09,0.4,lognorm,lognormal,True,0.4710998404906185
0.09,0.4,lognorm,lognormal,True,3.612109439600445e-12
0.09,0.4,lognorm,lognormal,True,0.4615854962041671
0.09,0.4,lognorm,lognormal,True,3.632048443582468e-10
0.09,0.4,lognorm,lognormal,True,4.889836636901608e-48
0.09,0.4,lognorm,lognormal,True,5.1757776941544784e-05
0.09,0.4,lognorm,lognormal,True,0.003496682099447226
0.09,0.4,lognorm,lognormal,True,1.3161006034868847e-06
0.09,0.4,lognorm,lognormal,True,2.719299859304933e-25
0.09,0.4,lognorm,lognormal,True,4.5582942605227735e-09
0.09,0.4,lognorm,lognormal,True,1.7154631078793978e-05
0.09,0.4,lognorm,lognormal,True,0.465985217017983
0.09,0.4,lognorm,lognormal,True,0.3694563893694581
0.09,0.4,lognorm,lognormal,True,1.3165652237094711e-14
0.09,0.4,lognorm,lognormal,True,1.747289197999424e-10
0.09,0.4,lognorm,lognormal,True,2.0480445261531483e-31
0.09,0.4,lognorm,lognormal,True,1.2530189466919008e-40
0.09,0.4,lognorm,lognormal,True,6.35823122726014e-12
