tau,rho,est,dist,obs_conf,pvals
0.06,-0.2,mvnorm,lognormal,True,0.03995727445911823
0.06,-0.2,mvnorm,lognormal,True,3.7334566052980553e-07
0.06,-0.2,mvnorm,lognormal,True,0.0019807117308113793
0.06,-0.2,mvnorm,lognormal,True,0.21819250755885886
0.06,-0.2,mvnorm,lognormal,True,0.8438272416586977
0.06,-0.2,mvnorm,lognormal,True,0.09089932583979446
0.06,-0.2,mvnorm,lognormal,True,0.0017990761754483621
0.06,-0.2,mvnorm,lognormal,True,0.04532999678494622
0.06,-0.2,mvnorm,lognormal,True,0.41520486834394854
0.06,-0.2,mvnorm,lognormal,True,0.024325541411733227
0.06,-0.2,mvnorm,lognormal,True,0.6327434045394871
0.06,-0.2,mvnorm,lognormal,True,0.008249481505147028
0.06,-0.2,mvnorm,lognormal,True,1.5255904459925e-07
0.06,-0.2,mvnorm,lognormal,True,0.004124435132376968
0.06,-0.2,mvnorm,lognormal,True,0.3585210992368171
0.06,-0.2,mvnorm,lognormal,True,0.2668275764892885
0.06,-0.2,mvnorm,lognormal,True,8.887940507498168e-09
0.06,-0.2,mvnorm,lognormal,True,0.27085041466348403
0.06,-0.2,mvnorm,lognormal,True,0.392731910827521
0.06,-0.2,mvnorm,lognormal,True,5.8823747076057095e-06
0.06,-0.2,mvnorm,lognormal,True,3.2216830118320345e-10
0.06,-0.2,mvnorm,lognormal,True,0.02424676765385325
0.06,-0.2,mvnorm,lognormal,True,0.0019041711011960568
0.06,-0.2,mvnorm,lognormal,True,0.6132829194690799
0.06,-0.2,mvnorm,lognormal,True,0.08458196821247409
0.06,-0.2,mvnorm,lognormal,True,1.4748380134482051e-07
0.06,-0.2,mvnorm,lognormal,True,0.95159238277103
0.06,-0.2,mvnorm,lognormal,True,1.3066335659284484e-05
0.06,-0.2,mvnorm,lognormal,True,0.009441107745265414
0.06,-0.2,mvnorm,lognormal,True,0.272876891616464
