tau,rho,est,dist,obs_conf,pvals
0.0,0.0,lognorm,lognormal,True,0.6621020213925526
0.0,0.0,lognorm,lognormal,True,0.4624690008683947
0.0,0.0,lognorm,lognormal,True,0.2141862916821746
0.0,0.0,lognorm,lognormal,True,0.014511753443978807
0.0,0.0,lognorm,lognormal,True,0.19370741367524247
0.0,0.0,lognorm,lognormal,True,0.05340851288628714
0.0,0.0,lognorm,lognormal,True,0.00037576459674190595
0.0,0.0,lognorm,lognormal,True,0.891876208993396
0.0,0.0,lognorm,lognormal,True,0.49735763601746874
0.0,0.0,lognorm,lognormal,True,0.5369842022366331
0.0,0.0,lognorm,lognormal,True,0.1822420741972278
0.0,0.0,lognorm,lognormal,True,0.0027322227325358136
0.0,0.0,lognorm,lognormal,True,0.4818045544422691
0.0,0.0,lognorm,lognormal,True,0.24113374428215323
0.0,0.0,lognorm,lognormal,True,0.4534523219535427
0.0,0.0,lognorm,lognormal,True,0.2432852024953242
0.0,0.0,lognorm,lognormal,True,0.31962353457030784
0.0,0.0,lognorm,lognormal,True,0.411721030737609
0.0,0.0,lognorm,lognormal,True,0.8900139469711738
0.0,0.0,lognorm,lognormal,True,0.15910662771719974
0.0,0.0,lognorm,lognormal,True,0.15040466817493428
0.0,0.0,lognorm,lognormal,True,0.5298825443815424
0.0,0.0,lognorm,lognormal,True,0.7599307784592827
0.0,0.0,lognorm,lognormal,True,0.0043048672206105
0.0,0.0,lognorm,lognormal,True,0.5191932951481841
0.0,0.0,lognorm,lognormal,True,0.014218789614742131
0.0,0.0,lognorm,lognormal,True,0.08014730228721721
0.0,0.0,lognorm,lognormal,True,0.8367026213199562
0.0,0.0,lognorm,lognormal,True,9.191116997124835e-05
0.0,0.0,lognorm,lognormal,True,0.45060462740907936
