tau,rho,est,dist,obs_conf,pvals
0.0,0.2,mvnorm,lognormal,True,0.3577185722215416
0.0,0.2,mvnorm,lognormal,True,0.9948338704202913
0.0,0.2,mvnorm,lognormal,True,0.7644957679026939
0.0,0.2,mvnorm,lognormal,True,0.0007939084990641452
0.0,0.2,mvnorm,lognormal,True,0.020177247919075506
0.0,0.2,mvnorm,lognormal,True,0.638143706974116
0.0,0.2,mvnorm,lognormal,True,0.13910516628026448
0.0,0.2,mvnorm,lognormal,True,0.0001332671977700777
0.0,0.2,mvnorm,lognormal,True,1.1514945026532319e-06
0.0,0.2,mvnorm,lognormal,True,6.082050470141238e-06
0.0,0.2,mvnorm,lognormal,True,0.0025426544652365286
0.0,0.2,mvnorm,lognormal,True,0.03345055133621368
0.0,0.2,mvnorm,lognormal,True,0.8951544060680381
0.0,0.2,mvnorm,lognormal,True,0.5190775743743189
0.0,0.2,mvnorm,lognormal,True,0.5255852316320477
0.0,0.2,mvnorm,lognormal,True,0.41828823453035724
0.0,0.2,mvnorm,lognormal,True,0.8626444113317834
0.0,0.2,mvnorm,lognormal,True,0.9740824198379827
0.0,0.2,mvnorm,lognormal,True,0.21147650108838847
0.0,0.2,mvnorm,lognormal,True,2.0880372214386782e-11
0.0,0.2,mvnorm,lognormal,True,0.3956733242874646
0.0,0.2,mvnorm,lognormal,True,0.00242455158536066
0.0,0.2,mvnorm,lognormal,True,0.026825205699782497
0.0,0.2,mvnorm,lognormal,True,0.38879574217366575
0.0,0.2,mvnorm,lognormal,True,0.3867927411364259
0.0,0.2,mvnorm,lognormal,True,0.4179869826681667
0.0,0.2,mvnorm,lognormal,True,0.31628145042683237
0.0,0.2,mvnorm,lognormal,True,0.02184077502753969
0.0,0.2,mvnorm,lognormal,True,0.0654815570348643
0.0,0.2,mvnorm,lognormal,True,0.40130190613736827
