tau,rho,est,dist,obs_conf,pvals
0.0,0.2,lognorm,lognormal,True,0.0003541325389319579
0.0,0.2,lognorm,lognormal,True,0.004776399233209253
0.0,0.2,lognorm,lognormal,True,0.7167916953216609
0.0,0.2,lognorm,lognormal,True,0.000931999995307187
0.0,0.2,lognorm,lognormal,True,0.009978101124802793
0.0,0.2,lognorm,lognormal,True,0.0017497340083685638
0.0,0.2,lognorm,lognormal,True,0.36448348142610865
0.0,0.2,lognorm,lognormal,True,0.006200463682564529
0.0,0.2,lognorm,lognormal,True,0.0461443427288852
0.0,0.2,lognorm,lognormal,True,0.0673010365685273
0.0,0.2,lognorm,lognormal,True,0.004857181677532043
0.0,0.2,lognorm,lognormal,True,0.0027287765794258333
0.0,0.2,lognorm,lognormal,True,0.13602107207114697
0.0,0.2,lognorm,lognormal,True,0.028466944391377796
0.0,0.2,lognorm,lognormal,True,0.6516106059590867
0.0,0.2,lognorm,lognormal,True,0.01706270278736054
0.0,0.2,lognorm,lognormal,True,9.238236640471845e-17
0.0,0.2,lognorm,lognormal,True,1.2665107459064197e-06
0.0,0.2,lognorm,lognormal,True,0.2415656723690391
0.0,0.2,lognorm,lognormal,True,0.4113875633759
0.0,0.2,lognorm,lognormal,True,5.775839339864189e-11
0.0,0.2,lognorm,lognormal,True,1.0659428543210888e-07
0.0,0.2,lognorm,lognormal,True,3.817160429240452e-06
0.0,0.2,lognorm,lognormal,True,0.0016330095909280224
0.0,0.2,lognorm,lognormal,True,0.007046893759603036
0.0,0.2,lognorm,lognormal,True,7.60750281179785e-05
0.0,0.2,lognorm,lognormal,True,0.0011254722769159311
0.0,0.2,lognorm,lognormal,True,3.805159769666423e-10
0.0,0.2,lognorm,lognormal,True,3.053811387972574e-14
0.0,0.2,lognorm,lognormal,True,0.0014059279637431497
