tau,rho,est,dist,obs_conf,pvals
0.12,-0.4,lognorm,lognormal,True,0.0005237033843052167
0.12,-0.4,lognorm,lognormal,True,2.636566849793021e-32
0.12,-0.4,lognorm,lognormal,True,5.114292573378437e-19
0.12,-0.4,lognorm,lognormal,True,4.0436511890972834e-13
0.12,-0.4,lognorm,lognormal,True,0.030682964076488708
0.12,-0.4,lognorm,lognormal,True,0.6612072769862559
0.12,-0.4,lognorm,lognormal,True,6.04620864811356e-18
0.12,-0.4,lognorm,lognormal,True,0.0001728861797484066
0.12,-0.4,lognorm,lognormal,True,2.0224631516674108e-10
0.12,-0.4,lognorm,lognormal,True,0.0006660671631453446
0.12,-0.4,lognorm,lognormal,True,1.1237124855343434e-09
0.12,-0.4,lognorm,lognormal,True,0.00034860874440785863
0.12,-0.4,lognorm,lognormal,True,1.070877937087197e-10
0.12,-0.4,lognorm,lognormal,True,4.3226078537390575e-08
0.12,-0.4,lognorm,lognormal,True,0.0005563105056760688
0.12,-0.4,lognorm,lognormal,True,0.0007817402156972107
0.12,-0.4,lognorm,lognormal,True,0.009395556243533712
0.12,-0.4,lognorm,lognormal,True,8.212362643427594e-22
0.12,-0.4,lognorm,lognormal,True,0.08998169466126604
0.12,-0.4,lognorm,lognormal,True,0.29765686229640054
0.12,-0.4,lognorm,lognormal,True,0.2725660545834371
0.12,-0.4,lognorm,lognormal,True,8.724182346310376e-10
0.12,-0.4,lognorm,lognormal,True,2.9833905355813727e-38
0.12,-0.4,lognorm,lognormal,True,0.9421592368173837
0.12,-0.4,lognorm,lognormal,True,4.497789810324312e-08
0.12,-0.4,lognorm,lognormal,True,6.366105926935844e-07
0.12,-0.4,lognorm,lognormal,True,3.8882233041870744e-07
0.12,-0.4,lognorm,lognormal,True,0.0001590117840610698
0.12,-0.4,lognorm,lognormal,True,1.0780820271569102e-08
0.12,-0.4,lognorm,lognormal,True,0.001049530072737707
