tau,rho,est,dist,obs_conf,pvals
0.03,0.2,lognorm,lognormal,True,0.0035894665933416804
0.03,0.2,lognorm,lognormal,True,0.054525175907212835
0.03,0.2,lognorm,lognormal,True,0.768779027021792
0.03,0.2,lognorm,lognormal,True,0.0037859904319263917
0.03,0.2,lognorm,lognormal,True,0.0006479288605531422
0.03,0.2,lognorm,lognormal,True,0.017667790230885043
0.03,0.2,lognorm,lognormal,True,0.6544991681954859
0.03,0.2,lognorm,lognormal,True,0.0004847520333555046
0.03,0.2,lognorm,lognormal,True,0.27977524829612255
0.03,0.2,lognorm,lognormal,True,0.29488844795906444
0.03,0.2,lognorm,lognormal,True,0.00026649174975002416
0.03,0.2,lognorm,lognormal,True,0.0006001206936490185
0.03,0.2,lognorm,lognormal,True,0.5833970717605114
0.03,0.2,lognorm,lognormal,True,0.001668196460887855
0.03,0.2,lognorm,lognormal,True,0.27254011591264743
0.03,0.2,lognorm,lognormal,True,0.0015266867976369285
0.03,0.2,lognorm,lognormal,True,9.685644652503524e-20
0.03,0.2,lognorm,lognormal,True,6.161673128457065e-05
0.03,0.2,lognorm,lognormal,True,0.10421984848102615
0.03,0.2,lognorm,lognormal,True,0.1969390501421685
0.03,0.2,lognorm,lognormal,True,3.654815251271531e-13
0.03,0.2,lognorm,lognormal,True,4.479586927306141e-06
0.03,0.2,lognorm,lognormal,True,2.71741949628021e-05
0.03,0.2,lognorm,lognormal,True,0.007239689419676205
0.03,0.2,lognorm,lognormal,True,0.021012663079342953
0.03,0.2,lognorm,lognormal,True,9.646523333878899e-07
0.03,0.2,lognorm,lognormal,True,0.00010979320546642469
0.03,0.2,lognorm,lognormal,True,7.992805581020303e-12
0.03,0.2,lognorm,lognormal,True,1.686275182742729e-17
0.03,0.2,lognorm,lognormal,True,0.00011466187350145917
