tau,rho,est,dist,obs_conf,pvals
0.0,0.0,mvnorm,lognormal,True,0.06858546788569608
0.0,0.0,mvnorm,lognormal,True,0.15317394950315033
0.0,0.0,mvnorm,lognormal,True,0.19435513824503423
0.0,0.0,mvnorm,lognormal,True,0.00326533368141755
0.0,0.0,mvnorm,lognormal,True,0.44114732846604177
0.0,0.0,mvnorm,lognormal,True,0.8428663959638957
0.0,0.0,mvnorm,lognormal,True,0.29246625490516354
0.0,0.0,mvnorm,lognormal,True,0.00010781404508006332
0.0,0.0,mvnorm,lognormal,True,7.879778972128206e-05
0.0,0.0,mvnorm,lognormal,True,0.007352234428415942
0.0,0.0,mvnorm,lognormal,True,0.012766841055574027
0.0,0.0,mvnorm,lognormal,True,0.004807641551092246
0.0,0.0,mvnorm,lognormal,True,0.08504894671115094
0.0,0.0,mvnorm,lognormal,True,0.08185635362166481
0.0,0.0,mvnorm,lognormal,True,0.331092979363247
0.0,0.0,mvnorm,lognormal,True,0.03279140328588254
0.0,0.0,mvnorm,lognormal,True,0.033508146495280174
0.0,0.0,mvnorm,lognormal,True,0.7026682777988557
0.0,0.0,mvnorm,lognormal,True,0.5389267277735766
0.0,0.0,mvnorm,lognormal,True,5.4453179618237e-07
0.0,0.0,mvnorm,lognormal,True,0.0049134639177722
0.0,0.0,mvnorm,lognormal,True,0.41961706523878406
0.0,0.0,mvnorm,lognormal,True,0.0006413975303959782
0.0,0.0,mvnorm,lognormal,True,0.891448135650807
0.0,0.0,mvnorm,lognormal,True,0.08419628286144139
0.0,0.0,mvnorm,lognormal,True,0.5969347780153824
0.0,0.0,mvnorm,lognormal,True,0.012199012441015514
0.0,0.0,mvnorm,lognormal,True,0.002087660786914384
0.0,0.0,mvnorm,lognormal,True,0.26095141690199675
0.0,0.0,mvnorm,lognormal,True,0.046931309096984425
0.0,0.0,mvnorm,lognormal,True,3.491064176202391e-06
0.0,0.0,mvnorm,lognormal,True,0.786083662093179
0.0,0.0,mvnorm,lognormal,True,0.064286916702938
0.0,0.0,mvnorm,lognormal,True,0.658287318427845
0.0,0.0,mvnorm,lognormal,True,0.2562552079642594
0.0,0.0,mvnorm,lognormal,True,0.9884988958095556
0.0,0.0,mvnorm,lognormal,True,0.7640493964511499
0.0,0.0,mvnorm,lognormal,True,0.36214801251910045
0.0,0.0,mvnorm,lognormal,True,0.0039806892325470805
0.0,0.0,mvnorm,lognormal,True,0.16740037210891523
0.0,0.0,mvnorm,lognormal,True,0.04242741038126397
0.0,0.0,mvnorm,lognormal,True,0.10302029461870037
0.0,0.0,mvnorm,lognormal,True,5.710642647621653e-06
0.0,0.0,mvnorm,lognormal,True,0.7659779176316854
0.0,0.0,mvnorm,lognormal,True,0.2589187593574193
0.0,0.0,mvnorm,lognormal,True,0.3746507495519289
0.0,0.0,mvnorm,lognormal,True,1.4138331511909694e-05
0.0,0.0,mvnorm,lognormal,True,0.43164151665367
0.0,0.0,mvnorm,lognormal,True,0.12417129541003748
0.0,0.0,mvnorm,lognormal,True,0.002257006057758858
0.0,0.0,mvnorm,lognormal,True,0.005540817393970676
0.0,0.0,mvnorm,lognormal,True,0.05929449739909764
0.0,0.0,mvnorm,lognormal,True,0.00016658053503573018
0.0,0.0,mvnorm,lognormal,True,3.573599886533543e-05
0.0,0.0,mvnorm,lognormal,True,0.0024393510067023576
0.0,0.0,mvnorm,lognormal,True,0.9695949823369706
0.0,0.0,mvnorm,lognormal,True,0.2539119716416002
0.0,0.0,mvnorm,lognormal,True,0.025035613695381195
0.0,0.0,mvnorm,lognormal,True,0.017521278363932684
0.0,0.0,mvnorm,lognormal,True,0.9318955542911577
0.0,0.0,mvnorm,lognormal,True,0.402759342156653
0.0,0.0,mvnorm,lognormal,True,3.215183410468898e-05
0.0,0.0,mvnorm,lognormal,True,0.2778605906624119
0.0,0.0,mvnorm,lognormal,True,0.018032962951200562
0.0,0.0,mvnorm,lognormal,True,0.07605879032214713
0.0,0.0,mvnorm,lognormal,True,0.35987958893341365
0.0,0.0,mvnorm,lognormal,True,0.8936514194466199
0.0,0.0,mvnorm,lognormal,True,0.05930685863628396
0.0,0.0,mvnorm,lognormal,True,0.0018370635526437516
0.0,0.0,mvnorm,lognormal,True,0.1397482422957779
0.0,0.0,mvnorm,lognormal,True,0.00021392294829537128
0.0,0.0,mvnorm,lognormal,True,0.03996379636929541
0.0,0.0,mvnorm,lognormal,True,0.12444968502268855
0.0,0.0,mvnorm,lognormal,True,0.008461793933394201
0.0,0.0,mvnorm,lognormal,True,0.03819263839275109
0.0,0.0,mvnorm,lognormal,True,0.004037464637452502
0.0,0.0,mvnorm,lognormal,True,0.008015779837675
0.0,0.0,mvnorm,lognormal,True,0.011229234873008214
0.0,0.0,mvnorm,lognormal,True,0.9557077793566575
0.0,0.0,mvnorm,lognormal,True,3.2122254069459884e-12
0.0,0.0,mvnorm,lognormal,True,0.8982811613095967
0.0,0.0,mvnorm,lognormal,True,0.0009830411511121886
0.0,0.0,mvnorm,lognormal,True,0.44149936788180266
0.0,0.0,mvnorm,lognormal,True,0.9573107362210818
0.0,0.0,mvnorm,lognormal,True,0.029799404033037012
0.0,0.0,mvnorm,lognormal,True,0.06813115143031935
0.0,0.0,mvnorm,lognormal,True,0.10152511804658905
0.0,0.0,mvnorm,lognormal,True,0.5498125901552178
0.0,0.0,mvnorm,lognormal,True,0.4219416528891008
0.0,0.0,mvnorm,lognormal,True,0.08387891634223901
0.0,0.0,mvnorm,lognormal,True,0.005516282401974011
0.0,0.0,mvnorm,lognormal,True,0.33333288759834534
0.0,0.0,mvnorm,lognormal,True,0.0004003139776409368
0.0,0.0,mvnorm,lognormal,True,0.9161319377250712
0.0,0.0,mvnorm,lognormal,True,0.4602521805492923
0.0,0.0,mvnorm,lognormal,True,0.25847898473589975
0.0,0.0,mvnorm,lognormal,True,0.056275565309833846
0.0,0.0,mvnorm,lognormal,True,0.07013180368702022
0.0,0.0,mvnorm,lognormal,True,0.030620948524184722
0.0,0.0,mvnorm,lognormal,True,2.233289449130312e-05
