tau,rho,est,dist,obs_conf,pvals
0.06,-0.2,mvnorm,lognormal,True,0.03995727445911823
0.06,-0.2,mvnorm,lognormal,True,3.7334566052980553e-07
0.06,-0.2,mvnorm,lognormal,True,0.0019807117308113793
0.06,-0.2,mvnorm,lognormal,True,0.21819250755885886
0.06,-0.2,mvnorm,lognormal,True,0.8438272416586977
0.06,-0.2,mvnorm,lognormal,True,0.09089932583979446
0.06,-0.2,mvnorm,lognormal,True,0.0017990761754483621
0.06,-0.2,mvnorm,lognormal,True,0.04532999678494622
0.06,-0.2,mvnorm,lognormal,True,0.41520486834394854
0.06,-0.2,mvnorm,lognormal,True,0.024325541411733227
0.06,-0.2,mvnorm,lognormal,True,0.6327434045394871
0.06,-0.2,mvnorm,lognormal,True,0.008249481505147028
0.06,-0.2,mvnorm,lognormal,True,1.5255904459925e-07
0.06,-0.2,mvnorm,lognormal,True,0.004124435132376968
0.06,-0.2,mvnorm,lognormal,True,0.3585210992368171
0.06,-0.2,mvnorm,lognormal,True,0.2668275764892885
0.06,-0.2,mvnorm,lognormal,True,8.887940507498168e-09
0.06,-0.2,mvnorm,lognormal,True,0.27085041466348403
0.06,-0.2,mvnorm,lognormal,True,0.392731910827521
0.06,-0.2,mvnorm,lognormal,True,5.8823747076057095e-06
0.06,-0.2,mvnorm,lognormal,True,3.2216830118320345e-10
0.06,-0.2,mvnorm,lognormal,True,0.02424676765385325
0.06,-0.2,mvnorm,lognormal,True,0.0019041711011960568
0.06,-0.2,mvnorm,lognormal,True,0.6132829194690799
0.06,-0.2,mvnorm,lognormal,True,0.08458196821247409
0.06,-0.2,mvnorm,lognormal,True,1.4748380134482051e-07
0.06,-0.2,mvnorm,lognormal,True,0.95159238277103
0.06,-0.2,mvnorm,lognormal,True,1.3066335659284484e-05
0.06,-0.2,mvnorm,lognormal,True,0.009441107745265414
0.06,-0.2,mvnorm,lognormal,True,0.272876891616464
0.06,-0.2,mvnorm,lognormal,True,0.04473156758757736
0.06,-0.2,mvnorm,lognormal,True,0.21696594625236104
0.06,-0.2,mvnorm,lognormal,True,0.008805998506424623
0.06,-0.2,mvnorm,lognormal,True,0.0001467340298822636
0.06,-0.2,mvnorm,lognormal,True,0.5965084413064122
0.06,-0.2,mvnorm,lognormal,True,0.027922777255989874
0.06,-0.2,mvnorm,lognormal,True,0.013214584999997774
0.06,-0.2,mvnorm,lognormal,True,0.0003652396173741978
0.06,-0.2,mvnorm,lognormal,True,0.00012500932300257776
0.06,-0.2,mvnorm,lognormal,True,0.0017722121756742085
0.06,-0.2,mvnorm,lognormal,True,0.001986498849343741
0.06,-0.2,mvnorm,lognormal,True,0.11927948612252333
0.06,-0.2,mvnorm,lognormal,True,0.00267371025842676
0.06,-0.2,mvnorm,lognormal,True,0.0009864982942385512
0.06,-0.2,mvnorm,lognormal,True,0.9966772510097233
0.06,-0.2,mvnorm,lognormal,True,0.1691427387407034
0.06,-0.2,mvnorm,lognormal,True,0.062188594591959086
0.06,-0.2,mvnorm,lognormal,True,1.81612337635799e-05
0.06,-0.2,mvnorm,lognormal,True,1.6882691731205805e-05
0.06,-0.2,mvnorm,lognormal,True,2.1313617229188615e-15
0.06,-0.2,mvnorm,lognormal,True,0.4428906382701051
0.06,-0.2,mvnorm,lognormal,True,0.5912403148923682
0.06,-0.2,mvnorm,lognormal,True,0.2828304346877507
0.06,-0.2,mvnorm,lognormal,True,0.0011387945931977373
0.06,-0.2,mvnorm,lognormal,True,0.08819574668079187
0.06,-0.2,mvnorm,lognormal,True,0.5610585220084745
0.06,-0.2,mvnorm,lognormal,True,0.749691714936292
0.06,-0.2,mvnorm,lognormal,True,0.7967606494267269
0.06,-0.2,mvnorm,lognormal,True,8.773728627145296e-07
0.06,-0.2,mvnorm,lognormal,True,0.034904678079766716
0.06,-0.2,mvnorm,lognormal,True,0.032886698842201134
0.06,-0.2,mvnorm,lognormal,True,1.618875679558066e-07
0.06,-0.2,mvnorm,lognormal,True,3.4764447513515887e-07
0.06,-0.2,mvnorm,lognormal,True,9.658862651177763e-07
0.06,-0.2,mvnorm,lognormal,True,0.05973418567677975
0.06,-0.2,mvnorm,lognormal,True,0.031242278036850573
0.06,-0.2,mvnorm,lognormal,True,0.008693798166517675
0.06,-0.2,mvnorm,lognormal,True,6.922462941192256e-06
0.06,-0.2,mvnorm,lognormal,True,9.231957820341375e-06
0.06,-0.2,mvnorm,lognormal,True,0.0005686480113236418
0.06,-0.2,mvnorm,lognormal,True,0.02380829265077268
0.06,-0.2,mvnorm,lognormal,True,1.7566780130593461e-06
0.06,-0.2,mvnorm,lognormal,True,0.5268851064078578
0.06,-0.2,mvnorm,lognormal,True,0.20744901196742718
0.06,-0.2,mvnorm,lognormal,True,0.0005528652840965924
0.06,-0.2,mvnorm,lognormal,True,0.003398902647329397
0.06,-0.2,mvnorm,lognormal,True,0.016580234473790183
0.06,-0.2,mvnorm,lognormal,True,1.0127971400371372e-05
0.06,-0.2,mvnorm,lognormal,True,0.0017796344636702972
0.06,-0.2,mvnorm,lognormal,True,0.3261889463359436
0.06,-0.2,mvnorm,lognormal,True,0.35334394442281003
0.06,-0.2,mvnorm,lognormal,True,0.008885900161653653
0.06,-0.2,mvnorm,lognormal,True,0.046687484613878685
0.06,-0.2,mvnorm,lognormal,True,2.4278283223377343e-08
0.06,-0.2,mvnorm,lognormal,True,0.038363260682062375
0.06,-0.2,mvnorm,lognormal,True,0.09013673819912908
0.06,-0.2,mvnorm,lognormal,True,3.0251680958965e-07
0.06,-0.2,mvnorm,lognormal,True,0.00018828388148251868
0.06,-0.2,mvnorm,lognormal,True,0.4433064227787581
0.06,-0.2,mvnorm,lognormal,True,9.707129376486158e-05
0.06,-0.2,mvnorm,lognormal,True,0.8194338698724875
0.06,-0.2,mvnorm,lognormal,True,0.6349828496917334
0.06,-0.2,mvnorm,lognormal,True,0.008863049976810932
0.06,-0.2,mvnorm,lognormal,True,0.004805351032550376
0.06,-0.2,mvnorm,lognormal,True,0.0008449917373977222
0.06,-0.2,mvnorm,lognormal,True,0.2955642047267168
0.06,-0.2,mvnorm,lognormal,True,9.146766514987827e-12
0.06,-0.2,mvnorm,lognormal,True,0.09277787566731983
0.06,-0.2,mvnorm,lognormal,True,0.9830504350872169
0.06,-0.2,mvnorm,lognormal,True,0.6210096910778621
