tau,rho,est,dist,obs_conf,pvals
0.03,-0.4,mvnorm,lognormal,True,2.7351958816032898e-06
0.03,-0.4,mvnorm,lognormal,True,3.828601530857641e-08
0.03,-0.4,mvnorm,lognormal,True,0.06192779500804552
0.03,-0.4,mvnorm,lognormal,True,0.016457645125822016
0.03,-0.4,mvnorm,lognormal,True,0.16764791634286197
0.03,-0.4,mvnorm,lognormal,True,2.880018918599009e-05
0.03,-0.4,mvnorm,lognormal,True,2.217855148394097e-08
0.03,-0.4,mvnorm,lognormal,True,0.0068319845719562846
0.03,-0.4,mvnorm,lognormal,True,6.665603037826107e-05
0.03,-0.4,mvnorm,lognormal,True,0.28773300675232927
0.03,-0.4,mvnorm,lognormal,True,0.04752365617998968
0.03,-0.4,mvnorm,lognormal,True,8.27205141201306e-06
0.03,-0.4,mvnorm,lognormal,True,0.003709317016118262
0.03,-0.4,mvnorm,lognormal,True,1.8971007353451513e-08
0.03,-0.4,mvnorm,lognormal,True,0.41908239507540623
0.03,-0.4,mvnorm,lognormal,True,0.26949743357830847
0.03,-0.4,mvnorm,lognormal,True,0.00035151899888983645
0.03,-0.4,mvnorm,lognormal,True,0.11069885582161149
0.03,-0.4,mvnorm,lognormal,True,0.007050926922930917
0.03,-0.4,mvnorm,lognormal,True,0.00014237543801233086
0.03,-0.4,mvnorm,lognormal,True,0.0006215564593504379
0.03,-0.4,mvnorm,lognormal,True,0.6023009780061728
0.03,-0.4,mvnorm,lognormal,True,1.9033730029561706e-06
0.03,-0.4,mvnorm,lognormal,True,0.22351470229692022
0.03,-0.4,mvnorm,lognormal,True,0.004493235404287614
0.03,-0.4,mvnorm,lognormal,True,3.612936482323046e-06
0.03,-0.4,mvnorm,lognormal,True,0.631914685787052
0.03,-0.4,mvnorm,lognormal,True,0.3589789740517402
0.03,-0.4,mvnorm,lognormal,True,0.0018144855571867696
0.03,-0.4,mvnorm,lognormal,True,0.00044716963631315736
0.03,-0.4,mvnorm,lognormal,True,2.119207043831884e-08
0.03,-0.4,mvnorm,lognormal,True,0.04657990060220656
0.03,-0.4,mvnorm,lognormal,True,0.2751540235510802
0.03,-0.4,mvnorm,lognormal,True,0.004021800821242913
0.03,-0.4,mvnorm,lognormal,True,0.007775497095533697
0.03,-0.4,mvnorm,lognormal,True,4.6992533782399e-05
0.03,-0.4,mvnorm,lognormal,True,0.10980182347726607
0.03,-0.4,mvnorm,lognormal,True,0.0010353583457955741
0.03,-0.4,mvnorm,lognormal,True,6.050092793852893e-12
0.03,-0.4,mvnorm,lognormal,True,0.07281039435976377
0.03,-0.4,mvnorm,lognormal,True,4.490961725188595e-12
0.03,-0.4,mvnorm,lognormal,True,0.0007236220284480788
0.03,-0.4,mvnorm,lognormal,True,0.6211883490609974
0.03,-0.4,mvnorm,lognormal,True,0.2683640381715384
0.03,-0.4,mvnorm,lognormal,True,0.21903895606751736
0.03,-0.4,mvnorm,lognormal,True,0.0001728805270479868
0.03,-0.4,mvnorm,lognormal,True,0.00642201016661928
0.03,-0.4,mvnorm,lognormal,True,0.022073490681428158
0.03,-0.4,mvnorm,lognormal,True,0.0041866086656927115
0.03,-0.4,mvnorm,lognormal,True,7.101594063323917e-14
0.03,-0.4,mvnorm,lognormal,True,0.5078582190532706
0.03,-0.4,mvnorm,lognormal,True,0.0008521246167849641
0.03,-0.4,mvnorm,lognormal,True,0.11930442017287897
0.03,-0.4,mvnorm,lognormal,True,0.003586367827447691
0.03,-0.4,mvnorm,lognormal,True,0.050357908763777
0.03,-0.4,mvnorm,lognormal,True,1.0557087505973475e-05
0.03,-0.4,mvnorm,lognormal,True,0.014217168591926305
0.03,-0.4,mvnorm,lognormal,True,0.0018992458166310338
0.03,-0.4,mvnorm,lognormal,True,1.9738485743709192e-07
0.03,-0.4,mvnorm,lognormal,True,4.338640715627482e-05
0.03,-0.4,mvnorm,lognormal,True,0.3539445622251972
0.03,-0.4,mvnorm,lognormal,True,0.012667104056830393
0.03,-0.4,mvnorm,lognormal,True,1.5126219913254053e-10
0.03,-0.4,mvnorm,lognormal,True,1.530495563112732e-07
0.03,-0.4,mvnorm,lognormal,True,0.17475229628051897
0.03,-0.4,mvnorm,lognormal,True,2.6288691480485633e-05
0.03,-0.4,mvnorm,lognormal,True,0.32994199128787405
0.03,-0.4,mvnorm,lognormal,True,2.024103123442628e-06
0.03,-0.4,mvnorm,lognormal,True,0.001883418053586137
0.03,-0.4,mvnorm,lognormal,True,0.000184782907756187
0.03,-0.4,mvnorm,lognormal,True,4.775505908689133e-05
0.03,-0.4,mvnorm,lognormal,True,1.0712069665087016e-06
0.03,-0.4,mvnorm,lognormal,True,0.0006801614610525457
0.03,-0.4,mvnorm,lognormal,True,0.00894233476016478
0.03,-0.4,mvnorm,lognormal,True,1.2552525619095273e-11
0.03,-0.4,mvnorm,lognormal,True,0.23795457912861595
0.03,-0.4,mvnorm,lognormal,True,0.012043842446577026
0.03,-0.4,mvnorm,lognormal,True,5.02037352760968e-13
0.03,-0.4,mvnorm,lognormal,True,0.005474347994612462
0.03,-0.4,mvnorm,lognormal,True,0.6392813382047904
0.03,-0.4,mvnorm,lognormal,True,0.17963715185282275
0.03,-0.4,mvnorm,lognormal,True,0.0005258182072718309
0.03,-0.4,mvnorm,lognormal,True,0.0024858652098618517
0.03,-0.4,mvnorm,lognormal,True,0.17146196474829783
0.03,-0.4,mvnorm,lognormal,True,0.0011971518329948953
0.03,-0.4,mvnorm,lognormal,True,0.1206155152144118
0.03,-0.4,mvnorm,lognormal,True,1.3903072154003064e-07
0.03,-0.4,mvnorm,lognormal,True,1.7326665952555368e-08
0.03,-0.4,mvnorm,lognormal,True,0.46729587644800374
0.03,-0.4,mvnorm,lognormal,True,0.06156034777375044
0.03,-0.4,mvnorm,lognormal,True,0.20610103604730118
0.03,-0.4,mvnorm,lognormal,True,0.41638394518369903
0.03,-0.4,mvnorm,lognormal,True,0.2226198801103456
0.03,-0.4,mvnorm,lognormal,True,0.9613232424828088
0.03,-0.4,mvnorm,lognormal,True,0.0033029100447396547
0.03,-0.4,mvnorm,lognormal,True,8.457536762951334e-14
0.03,-0.4,mvnorm,lognormal,True,2.2788655372496112e-17
0.03,-0.4,mvnorm,lognormal,True,0.6960011571790026
0.03,-0.4,mvnorm,lognormal,True,0.8550609338222812
0.03,-0.4,mvnorm,lognormal,True,0.4405575549891315
