tau,rho,est,dist,obs_conf,pvals
0.09,0.0,lognorm,lognormal,True,0.4045019360859965
0.09,0.0,lognorm,lognormal,True,0.0010860659324660358
0.09,0.0,lognorm,lognormal,True,0.36888901448887546
0.09,0.0,lognorm,lognormal,True,0.3490073657581927
0.09,0.0,lognorm,lognormal,True,0.0010983315640411325
0.09,0.0,lognorm,lognormal,True,0.6268137651752252
0.09,0.0,lognorm,lognormal,True,8.056609684722817e-08
0.09,0.0,lognorm,lognormal,True,0.011664821898579062
0.09,0.0,lognorm,lognormal,True,0.14235242500942324
0.09,0.0,lognorm,lognormal,True,0.12644663776031181
0.09,0.0,lognorm,lognormal,True,0.16218630551042584
0.09,0.0,lognorm,lognormal,True,1.147039576676181e-06
0.09,0.0,lognorm,lognormal,True,0.18804972697827546
0.09,0.0,lognorm,lognormal,True,0.0010950266466186894
0.09,0.0,lognorm,lognormal,True,0.0024809861400557414
0.09,0.0,lognorm,lognormal,True,0.0057804817523788585
0.09,0.0,lognorm,lognormal,True,0.0007347985115663708
0.09,0.0,lognorm,lognormal,True,0.30271439070531414
0.09,0.0,lognorm,lognormal,True,0.08087851633223672
0.09,0.0,lognorm,lognormal,True,0.524633346521123
0.09,0.0,lognorm,lognormal,True,0.00048748952107492943
0.09,0.0,lognorm,lognormal,True,0.23964084148914713
0.09,0.0,lognorm,lognormal,True,0.14905277672744324
0.09,0.0,lognorm,lognormal,True,0.3051665070138907
0.09,0.0,lognorm,lognormal,True,0.21189762912296078
0.09,0.0,lognorm,lognormal,True,6.477820103641578e-06
0.09,0.0,lognorm,lognormal,True,0.0005047356622335797
0.09,0.0,lognorm,lognormal,True,0.0320359049718019
0.09,0.0,lognorm,lognormal,True,7.648014252414107e-09
0.09,0.0,lognorm,lognormal,True,0.3419429163256816
0.09,0.0,lognorm,lognormal,True,0.17737861533535337
0.09,0.0,lognorm,lognormal,True,0.019014171308093887
0.09,0.0,lognorm,lognormal,True,0.19246372171227966
0.09,0.0,lognorm,lognormal,True,0.24759006201397754
0.09,0.0,lognorm,lognormal,True,0.1009177644934042
0.09,0.0,lognorm,lognormal,True,0.2569056482856051
0.09,0.0,lognorm,lognormal,True,0.0037942168240642444
0.09,0.0,lognorm,lognormal,True,0.12112777020918238
0.09,0.0,lognorm,lognormal,True,0.23472820547067785
0.09,0.0,lognorm,lognormal,True,0.8240384112408112
0.09,0.0,lognorm,lognormal,True,2.486310749716968e-05
0.09,0.0,lognorm,lognormal,True,0.5927278421167375
0.09,0.0,lognorm,lognormal,True,0.005387274573316237
0.09,0.0,lognorm,lognormal,True,1.967938079100016e-05
0.09,0.0,lognorm,lognormal,True,0.08234401782125005
0.09,0.0,lognorm,lognormal,True,0.00037517625545501523
0.09,0.0,lognorm,lognormal,True,0.0151080793350249
0.09,0.0,lognorm,lognormal,True,0.05140803499502178
0.09,0.0,lognorm,lognormal,True,0.7382681415024424
0.09,0.0,lognorm,lognormal,True,0.00021699072406123582
0.09,0.0,lognorm,lognormal,True,0.032134231731137795
0.09,0.0,lognorm,lognormal,True,3.1517075042585513e-07
0.09,0.0,lognorm,lognormal,True,0.003442256408055415
0.09,0.0,lognorm,lognormal,True,0.3634978338666982
0.09,0.0,lognorm,lognormal,True,0.010378357001870474
0.09,0.0,lognorm,lognormal,True,0.06656707386383119
0.09,0.0,lognorm,lognormal,True,0.0001108381144725746
0.09,0.0,lognorm,lognormal,True,0.0013412153915835748
0.09,0.0,lognorm,lognormal,True,0.14126645589094192
0.09,0.0,lognorm,lognormal,True,0.004564863045129492
0.09,0.0,lognorm,lognormal,True,0.00011356050982283132
0.09,0.0,lognorm,lognormal,True,0.1866451392283547
0.09,0.0,lognorm,lognormal,True,0.17062857389653693
0.09,0.0,lognorm,lognormal,True,5.701973190926044e-06
0.09,0.0,lognorm,lognormal,True,0.0284777300281745
0.09,0.0,lognorm,lognormal,True,0.08488342711467227
0.09,0.0,lognorm,lognormal,True,0.7719967183438546
0.09,0.0,lognorm,lognormal,True,0.4312295657285947
0.09,0.0,lognorm,lognormal,True,0.021299004946803025
0.09,0.0,lognorm,lognormal,True,0.13653364018506478
0.09,0.0,lognorm,lognormal,True,6.8222256034932364e-09
0.09,0.0,lognorm,lognormal,True,0.5576884078009112
0.09,0.0,lognorm,lognormal,True,0.004560177397395961
0.09,0.0,lognorm,lognormal,True,2.8017340335699672e-08
0.09,0.0,lognorm,lognormal,True,0.00023836860592460894
0.09,0.0,lognorm,lognormal,True,0.9741886869091014
0.09,0.0,lognorm,lognormal,True,0.07329318385570015
0.09,0.0,lognorm,lognormal,True,0.005211481166608049
0.09,0.0,lognorm,lognormal,True,0.33468019975777274
0.09,0.0,lognorm,lognormal,True,0.6315498212158799
0.09,0.0,lognorm,lognormal,True,0.8607185867088513
0.09,0.0,lognorm,lognormal,True,0.7375310039003564
0.09,0.0,lognorm,lognormal,True,0.6085736023671854
0.09,0.0,lognorm,lognormal,True,0.0009143585410921686
0.09,0.0,lognorm,lognormal,True,3.914706314089261e-06
0.09,0.0,lognorm,lognormal,True,1.1208767767658277e-05
0.09,0.0,lognorm,lognormal,True,0.6899405257380524
0.09,0.0,lognorm,lognormal,True,0.4755514149933645
0.09,0.0,lognorm,lognormal,True,0.001628407763329346
0.09,0.0,lognorm,lognormal,True,0.6667334125802926
0.09,0.0,lognorm,lognormal,True,1.746620362530661e-06
0.09,0.0,lognorm,lognormal,True,0.5249299011625324
0.09,0.0,lognorm,lognormal,True,0.024044913055512086
0.09,0.0,lognorm,lognormal,True,0.1817331441744771
0.09,0.0,lognorm,lognormal,True,0.004114358751573983
0.09,0.0,lognorm,lognormal,True,0.1933354605098985
0.09,0.0,lognorm,lognormal,True,0.5929873613468561
0.09,0.0,lognorm,lognormal,True,0.009838729914019129
0.09,0.0,lognorm,lognormal,True,0.9083266175342337
0.09,0.0,lognorm,lognormal,True,0.047771558839339666
