tau,rho,est,dist,obs_conf,pvals
0.0,-0.2,lognorm,lognormal,True,0.9171753363723367
0.0,-0.2,lognorm,lognormal,True,2.6885847477690473e-06
0.0,-0.2,lognorm,lognormal,True,0.031292323643108834
0.0,-0.2,lognorm,lognormal,True,0.8786233060013202
0.0,-0.2,lognorm,lognormal,True,0.08029600963685828
0.0,-0.2,lognorm,lognormal,True,0.062131066198450394
0.0,-0.2,lognorm,lognormal,True,1.3957174815714362e-06
0.0,-0.2,lognorm,lognormal,True,0.0672125198999412
0.0,-0.2,lognorm,lognormal,True,0.07246802083271751
0.0,-0.2,lognorm,lognormal,True,0.5223398304330311
0.0,-0.2,lognorm,lognormal,True,9.517808462973197e-09
0.0,-0.2,lognorm,lognormal,True,0.02809773964017435
0.0,-0.2,lognorm,lognormal,True,0.011020132262088415
0.0,-0.2,lognorm,lognormal,True,0.16473382974152173
0.0,-0.2,lognorm,lognormal,True,0.06631344315661648
0.0,-0.2,lognorm,lognormal,True,0.00936435756130991
0.0,-0.2,lognorm,lognormal,True,0.11602249039789146
0.0,-0.2,lognorm,lognormal,True,0.0013425401600893232
0.0,-0.2,lognorm,lognormal,True,0.42835574607768934
0.0,-0.2,lognorm,lognormal,True,0.07093554288568715
0.0,-0.2,lognorm,lognormal,True,0.06732506679824818
0.0,-0.2,lognorm,lognormal,True,0.003910109531285837
0.0,-0.2,lognorm,lognormal,True,7.627666924458824e-09
0.0,-0.2,lognorm,lognormal,True,0.002129362412791885
0.0,-0.2,lognorm,lognormal,True,0.03476016825245661
0.0,-0.2,lognorm,lognormal,True,0.0012223665261033333
0.0,-0.2,lognorm,lognormal,True,0.007676041621238735
0.0,-0.2,lognorm,lognormal,True,0.004197454251034492
0.0,-0.2,lognorm,lognormal,True,0.000935173704578967
0.0,-0.2,lognorm,lognormal,True,0.0002724081161149553
0.0,-0.2,lognorm,lognormal,True,0.07110935503943835
0.0,-0.2,lognorm,lognormal,True,0.009940324258091826
0.0,-0.2,lognorm,lognormal,True,0.008165320802439565
0.0,-0.2,lognorm,lognormal,True,3.453711570002393e-06
0.0,-0.2,lognorm,lognormal,True,0.5748054260185906
0.0,-0.2,lognorm,lognormal,True,3.034254579830513e-07
0.0,-0.2,lognorm,lognormal,True,0.6246131470266183
0.0,-0.2,lognorm,lognormal,True,0.011879844614270085
0.0,-0.2,lognorm,lognormal,True,0.31831862740995837
0.0,-0.2,lognorm,lognormal,True,0.33575617420542214
0.0,-0.2,lognorm,lognormal,True,0.028439968679329315
0.0,-0.2,lognorm,lognormal,True,6.503817180542612e-07
0.0,-0.2,lognorm,lognormal,True,0.008177129532793415
0.0,-0.2,lognorm,lognormal,True,0.8545739728595532
0.0,-0.2,lognorm,lognormal,True,1.2966439071178129e-06
0.0,-0.2,lognorm,lognormal,True,0.7987454998556089
0.0,-0.2,lognorm,lognormal,True,0.1939725861421394
0.0,-0.2,lognorm,lognormal,True,0.23251436389630828
0.0,-0.2,lognorm,lognormal,True,0.44326467916670687
0.0,-0.2,lognorm,lognormal,True,0.0005737300860752325
0.0,-0.2,lognorm,lognormal,True,4.2173425066378195e-11
0.0,-0.2,lognorm,lognormal,True,0.33792150580864566
0.0,-0.2,lognorm,lognormal,True,0.0037183565969524574
0.0,-0.2,lognorm,lognormal,True,0.0002421066069260485
0.0,-0.2,lognorm,lognormal,True,1.2611907883183094e-07
0.0,-0.2,lognorm,lognormal,True,0.005952791501703629
0.0,-0.2,lognorm,lognormal,True,0.6811370165014599
0.0,-0.2,lognorm,lognormal,True,0.14048992311185163
0.0,-0.2,lognorm,lognormal,True,0.5118102931537013
0.0,-0.2,lognorm,lognormal,True,5.365545466039684e-05
0.0,-0.2,lognorm,lognormal,True,0.08227940190642997
0.0,-0.2,lognorm,lognormal,True,0.0012842348840374283
0.0,-0.2,lognorm,lognormal,True,0.3826945290096171
0.0,-0.2,lognorm,lognormal,True,2.530851399882633e-07
0.0,-0.2,lognorm,lognormal,True,0.001233806344052846
0.0,-0.2,lognorm,lognormal,True,0.28558189968232306
0.0,-0.2,lognorm,lognormal,True,0.07221080191195296
0.0,-0.2,lognorm,lognormal,True,2.431718639313481e-05
0.0,-0.2,lognorm,lognormal,True,0.38823229402002835
0.0,-0.2,lognorm,lognormal,True,0.003594139021700395
0.0,-0.2,lognorm,lognormal,True,2.541806367784068e-09
0.0,-0.2,lognorm,lognormal,True,0.4440555571809812
0.0,-0.2,lognorm,lognormal,True,2.0507997457428802e-06
0.0,-0.2,lognorm,lognormal,True,0.12197117075247564
0.0,-0.2,lognorm,lognormal,True,0.5081477779597149
0.0,-0.2,lognorm,lognormal,True,1.4359275347285583e-05
0.0,-0.2,lognorm,lognormal,True,0.09709551675709494
0.0,-0.2,lognorm,lognormal,True,5.158734225337202e-05
0.0,-0.2,lognorm,lognormal,True,0.8192200817206274
0.0,-0.2,lognorm,lognormal,True,0.0005476330123271427
0.0,-0.2,lognorm,lognormal,True,0.05190604529868968
0.0,-0.2,lognorm,lognormal,True,0.031032439780017237
0.0,-0.2,lognorm,lognormal,True,1.4272890663588948e-08
0.0,-0.2,lognorm,lognormal,True,0.07616475132194786
0.0,-0.2,lognorm,lognormal,True,2.7422832667803024e-07
0.0,-0.2,lognorm,lognormal,True,2.872409132667206e-06
0.0,-0.2,lognorm,lognormal,True,6.095869523361309e-06
0.0,-0.2,lognorm,lognormal,True,4.566362892236838e-10
0.0,-0.2,lognorm,lognormal,True,0.004323422078300502
0.0,-0.2,lognorm,lognormal,True,1.20294534510258e-05
0.0,-0.2,lognorm,lognormal,True,1.6158098168464013e-09
0.0,-0.2,lognorm,lognormal,True,0.0008275653190119461
0.0,-0.2,lognorm,lognormal,True,0.523677845442746
0.0,-0.2,lognorm,lognormal,True,7.943635757264901e-08
0.0,-0.2,lognorm,lognormal,True,0.01675350044656739
0.0,-0.2,lognorm,lognormal,True,8.982615182741147e-08
0.0,-0.2,lognorm,lognormal,True,0.3996033398168777
0.0,-0.2,lognorm,lognormal,True,0.47172115692078775
0.0,-0.2,lognorm,lognormal,True,0.12982476499182105
0.0,-0.2,lognorm,lognormal,True,0.48572439428470426
