tau,rho,est,dist,obs_conf,pvals
0.15,0.2,mvnorm,lognormal,True,0.002842373399980188
0.15,0.2,mvnorm,lognormal,True,4.3966336917177566e-05
0.15,0.2,mvnorm,lognormal,True,1.2729996875919562e-05
0.15,0.2,mvnorm,lognormal,True,2.386499637699713e-12
0.15,0.2,mvnorm,lognormal,True,1.201067359943105e-09
0.15,0.2,mvnorm,lognormal,True,0.038749318955842056
0.15,0.2,mvnorm,lognormal,True,0.1382332189439649
0.15,0.2,mvnorm,lognormal,True,5.24059244309866e-13
0.15,0.2,mvnorm,lognormal,True,0.016025651749810223
0.15,0.2,mvnorm,lognormal,True,3.5092993577734174e-15
0.15,0.2,mvnorm,lognormal,True,0.9183090635142597
0.15,0.2,mvnorm,lognormal,True,0.1502549009236426
0.15,0.2,mvnorm,lognormal,True,0.00027024370351646924
0.15,0.2,mvnorm,lognormal,True,0.014992494367952748
0.15,0.2,mvnorm,lognormal,True,0.007766565443999559
0.15,0.2,mvnorm,lognormal,True,2.0183450266049173e-07
0.15,0.2,mvnorm,lognormal,True,0.015452346604568025
0.15,0.2,mvnorm,lognormal,True,0.2567567613146264
0.15,0.2,mvnorm,lognormal,True,0.16640116963079143
0.15,0.2,mvnorm,lognormal,True,3.0224012594942588e-21
0.15,0.2,mvnorm,lognormal,True,4.8155224533345845e-08
0.15,0.2,mvnorm,lognormal,True,0.7929696731351513
0.15,0.2,mvnorm,lognormal,True,1.569185730898996e-08
0.15,0.2,mvnorm,lognormal,True,0.00030410941572393114
0.15,0.2,mvnorm,lognormal,True,0.012908566149598658
0.15,0.2,mvnorm,lognormal,True,0.0028690032020806575
0.15,0.2,mvnorm,lognormal,True,0.0009311941387005274
0.15,0.2,mvnorm,lognormal,True,1.5935394653988649e-09
0.15,0.2,mvnorm,lognormal,True,0.0037565601481722075
0.15,0.2,mvnorm,lognormal,True,0.03372261736108071
0.15,0.2,mvnorm,lognormal,True,0.0023389513106451825
0.15,0.2,mvnorm,lognormal,True,0.8661206470751956
0.15,0.2,mvnorm,lognormal,True,0.06962222958573097
0.15,0.2,mvnorm,lognormal,True,0.18661347432010802
0.15,0.2,mvnorm,lognormal,True,6.321015155044218e-05
0.15,0.2,mvnorm,lognormal,True,0.03125254163978862
0.15,0.2,mvnorm,lognormal,True,0.04043981076955833
0.15,0.2,mvnorm,lognormal,True,5.501935683347086e-05
0.15,0.2,mvnorm,lognormal,True,4.040457314291701e-05
0.15,0.2,mvnorm,lognormal,True,0.5010909724652186
0.15,0.2,mvnorm,lognormal,True,0.0001722655146704998
0.15,0.2,mvnorm,lognormal,True,0.02353332698132659
0.15,0.2,mvnorm,lognormal,True,5.882915690222329e-16
0.15,0.2,mvnorm,lognormal,True,0.00047445708016899136
0.15,0.2,mvnorm,lognormal,True,3.2256864877300255e-09
0.15,0.2,mvnorm,lognormal,True,8.243670351016183e-06
0.15,0.2,mvnorm,lognormal,True,0.5703357702716774
0.15,0.2,mvnorm,lognormal,True,1.2034651643258876e-07
0.15,0.2,mvnorm,lognormal,True,5.59207010923385e-07
0.15,0.2,mvnorm,lognormal,True,4.207744592993815e-05
0.15,0.2,mvnorm,lognormal,True,5.697401271671515e-07
0.15,0.2,mvnorm,lognormal,True,6.841098748531564e-06
0.15,0.2,mvnorm,lognormal,True,3.635783439776201e-08
0.15,0.2,mvnorm,lognormal,True,1.905620413903092e-08
0.15,0.2,mvnorm,lognormal,True,0.10345990893606363
0.15,0.2,mvnorm,lognormal,True,0.023042939159481905
0.15,0.2,mvnorm,lognormal,True,5.086505511715546e-05
0.15,0.2,mvnorm,lognormal,True,0.003318860368669179
0.15,0.2,mvnorm,lognormal,True,0.24631475500716463
0.15,0.2,mvnorm,lognormal,True,8.474725692230297e-12
0.15,0.2,mvnorm,lognormal,True,0.38518810397216163
0.15,0.2,mvnorm,lognormal,True,1.062128152911917e-12
0.15,0.2,mvnorm,lognormal,True,0.06777018684883805
0.15,0.2,mvnorm,lognormal,True,0.035300616784743034
0.15,0.2,mvnorm,lognormal,True,1.1407503979098867e-05
0.15,0.2,mvnorm,lognormal,True,3.937031236167607e-05
0.15,0.2,mvnorm,lognormal,True,0.0578906628526306
0.15,0.2,mvnorm,lognormal,True,4.307040899305111e-05
0.15,0.2,mvnorm,lognormal,True,0.0910534998509926
0.15,0.2,mvnorm,lognormal,True,0.005552068684480455
0.15,0.2,mvnorm,lognormal,True,0.41247337092450875
0.15,0.2,mvnorm,lognormal,True,0.0002544311135866439
0.15,0.2,mvnorm,lognormal,True,0.08462787970508807
0.15,0.2,mvnorm,lognormal,True,1.3320924974892423e-10
0.15,0.2,mvnorm,lognormal,True,0.02068297775765849
0.15,0.2,mvnorm,lognormal,True,6.034505535888233e-12
0.15,0.2,mvnorm,lognormal,True,3.279721402032516e-11
0.15,0.2,mvnorm,lognormal,True,1.863166135488691e-12
0.15,0.2,mvnorm,lognormal,True,0.35917046675729625
0.15,0.2,mvnorm,lognormal,True,9.765202264776641e-06
0.15,0.2,mvnorm,lognormal,True,0.00013836476270612125
0.15,0.2,mvnorm,lognormal,True,0.1893561202719728
0.15,0.2,mvnorm,lognormal,True,0.014422050749044256
0.15,0.2,mvnorm,lognormal,True,0.8686310007032985
0.15,0.2,mvnorm,lognormal,True,0.0032682895137643385
0.15,0.2,mvnorm,lognormal,True,0.3465375570794328
0.15,0.2,mvnorm,lognormal,True,3.919071041130218e-06
0.15,0.2,mvnorm,lognormal,True,0.015978581561824464
0.15,0.2,mvnorm,lognormal,True,0.0036292104276590387
0.15,0.2,mvnorm,lognormal,True,0.0018781355249400094
0.15,0.2,mvnorm,lognormal,True,0.011267102748915823
0.15,0.2,mvnorm,lognormal,True,3.74150440411468e-06
0.15,0.2,mvnorm,lognormal,True,2.537689351758807e-09
0.15,0.2,mvnorm,lognormal,True,2.6441299270635552e-05
0.15,0.2,mvnorm,lognormal,True,4.231139241918712e-07
0.15,0.2,mvnorm,lognormal,True,3.0483614753703834e-06
0.15,0.2,mvnorm,lognormal,True,0.0001915947887869222
0.15,0.2,mvnorm,lognormal,True,0.19399810427016786
0.15,0.2,mvnorm,lognormal,True,0.24921526307059233
0.15,0.2,mvnorm,lognormal,True,1.0408849615542665e-05
