tau,rho,est,dist,obs_conf,pvals
0.09,0.0,mvnorm,lognormal,True,0.9656215153623791
0.09,0.0,mvnorm,lognormal,True,0.0003952532236815731
0.09,0.0,mvnorm,lognormal,True,0.4649505776476145
0.09,0.0,mvnorm,lognormal,True,5.311055187838748e-09
0.09,0.0,mvnorm,lognormal,True,0.00863894639670891
0.09,0.0,mvnorm,lognormal,True,0.00549357185123877
0.09,0.0,mvnorm,lognormal,True,0.4792210025052567
0.09,0.0,mvnorm,lognormal,True,7.802253818209182e-08
0.09,0.0,mvnorm,lognormal,True,0.007246172728426501
0.09,0.0,mvnorm,lognormal,True,8.042779168962558e-05
0.09,0.0,mvnorm,lognormal,True,0.2962554319393736
0.09,0.0,mvnorm,lognormal,True,0.09779275937332928
0.09,0.0,mvnorm,lognormal,True,0.000570617387517995
0.09,0.0,mvnorm,lognormal,True,0.7254059175425209
0.09,0.0,mvnorm,lognormal,True,0.6105677966170682
0.09,0.0,mvnorm,lognormal,True,0.5780653031858201
0.09,0.0,mvnorm,lognormal,True,3.317966063704347e-05
0.09,0.0,mvnorm,lognormal,True,0.020307066817006666
0.09,0.0,mvnorm,lognormal,True,0.02995316729543733
0.09,0.0,mvnorm,lognormal,True,3.2577672052837046e-09
0.09,0.0,mvnorm,lognormal,True,8.352260132891467e-08
0.09,0.0,mvnorm,lognormal,True,0.3278295272900406
0.09,0.0,mvnorm,lognormal,True,3.678853000302203e-08
0.09,0.0,mvnorm,lognormal,True,0.09966491954264346
0.09,0.0,mvnorm,lognormal,True,0.5207186740214061
0.09,0.0,mvnorm,lognormal,True,0.0042399510060154525
0.09,0.0,mvnorm,lognormal,True,0.26854645531659493
0.09,0.0,mvnorm,lognormal,True,4.101648126850991e-06
0.09,0.0,mvnorm,lognormal,True,0.006181686561350837
0.09,0.0,mvnorm,lognormal,True,0.3234344075013659
0.09,0.0,mvnorm,lognormal,True,0.0031213163289057788
0.09,0.0,mvnorm,lognormal,True,0.0024981211978770657
0.09,0.0,mvnorm,lognormal,True,0.5278900157893648
0.09,0.0,mvnorm,lognormal,True,0.0018574897041571995
0.09,0.0,mvnorm,lognormal,True,0.4441561453441264
0.09,0.0,mvnorm,lognormal,True,0.2791245450857878
0.09,0.0,mvnorm,lognormal,True,0.052441395014254086
0.09,0.0,mvnorm,lognormal,True,0.022405414060483242
0.09,0.0,mvnorm,lognormal,True,0.24997371181547612
0.09,0.0,mvnorm,lognormal,True,0.043523194063494655
0.09,0.0,mvnorm,lognormal,True,0.7207310197461665
0.09,0.0,mvnorm,lognormal,True,0.916781152887768
0.09,0.0,mvnorm,lognormal,True,1.7337581465541387e-09
0.09,0.0,mvnorm,lognormal,True,0.12745360256360352
0.09,0.0,mvnorm,lognormal,True,0.000633076394992099
0.09,0.0,mvnorm,lognormal,True,0.0037898869265815256
0.09,0.0,mvnorm,lognormal,True,0.06221347730543709
0.09,0.0,mvnorm,lognormal,True,0.012930985399052155
0.09,0.0,mvnorm,lognormal,True,0.00014889901584232238
0.09,0.0,mvnorm,lognormal,True,3.082244099332556e-07
0.09,0.0,mvnorm,lognormal,True,6.178700498497449e-05
0.09,0.0,mvnorm,lognormal,True,0.0014141733661643715
0.09,0.0,mvnorm,lognormal,True,8.011052079860037e-07
0.09,0.0,mvnorm,lognormal,True,5.98856265482106e-10
0.09,0.0,mvnorm,lognormal,True,0.7902342130383077
0.09,0.0,mvnorm,lognormal,True,0.07129999949429194
0.09,0.0,mvnorm,lognormal,True,0.008153914926297384
0.09,0.0,mvnorm,lognormal,True,0.9326389705170182
0.09,0.0,mvnorm,lognormal,True,0.5645797360975404
0.09,0.0,mvnorm,lognormal,True,9.802635179674394e-05
0.09,0.0,mvnorm,lognormal,True,0.2928144307866845
0.09,0.0,mvnorm,lognormal,True,1.159268793948202e-09
0.09,0.0,mvnorm,lognormal,True,0.6619230144415271
0.09,0.0,mvnorm,lognormal,True,0.811541184095772
0.09,0.0,mvnorm,lognormal,True,0.00038037063092278477
0.09,0.0,mvnorm,lognormal,True,0.008269978276133436
0.09,0.0,mvnorm,lognormal,True,0.13218307041505303
0.09,0.0,mvnorm,lognormal,True,0.9764455045261096
0.09,0.0,mvnorm,lognormal,True,9.328633271956971e-07
0.09,0.0,mvnorm,lognormal,True,0.5830872605730917
0.09,0.0,mvnorm,lognormal,True,0.05404453612861752
0.09,0.0,mvnorm,lognormal,True,0.29629586832869553
0.09,0.0,mvnorm,lognormal,True,0.923082382781336
0.09,0.0,mvnorm,lognormal,True,4.564059907982343e-06
0.09,0.0,mvnorm,lognormal,True,0.6580858285723987
0.09,0.0,mvnorm,lognormal,True,1.2151289074071245e-07
0.09,0.0,mvnorm,lognormal,True,0.00013686474641496266
0.09,0.0,mvnorm,lognormal,True,2.708803808047598e-05
0.09,0.0,mvnorm,lognormal,True,0.033816489264040225
0.09,0.0,mvnorm,lognormal,True,2.5986810201361244e-08
0.09,0.0,mvnorm,lognormal,True,0.021212326901405
0.09,0.0,mvnorm,lognormal,True,0.0673572782246696
0.09,0.0,mvnorm,lognormal,True,0.001789174748360083
0.09,0.0,mvnorm,lognormal,True,0.0538974462245427
0.09,0.0,mvnorm,lognormal,True,4.9899785243907005e-05
0.09,0.0,mvnorm,lognormal,True,0.6824691554920845
0.09,0.0,mvnorm,lognormal,True,0.0004189013272046328
0.09,0.0,mvnorm,lognormal,True,0.02193272887426246
0.09,0.0,mvnorm,lognormal,True,0.48419181677973977
0.09,0.0,mvnorm,lognormal,True,0.349820159211501
0.09,0.0,mvnorm,lognormal,True,0.09394623887071
0.09,0.0,mvnorm,lognormal,True,0.032292003238952205
0.09,0.0,mvnorm,lognormal,True,3.449503287079107e-07
0.09,0.0,mvnorm,lognormal,True,0.0033776374228947172
0.09,0.0,mvnorm,lognormal,True,0.005838903549317119
0.09,0.0,mvnorm,lognormal,True,0.5406283317252888
0.09,0.0,mvnorm,lognormal,True,0.0010108204134878394
0.09,0.0,mvnorm,lognormal,True,0.0011155534572399484
0.09,0.0,mvnorm,lognormal,True,0.5843118100484004
0.09,0.0,mvnorm,lognormal,True,0.032958348136630664
