tau,rho,est,dist,obs_conf,pvals
0.06,0.0,mvnorm,lognormal,True,0.5366894285136613
0.06,0.0,mvnorm,lognormal,True,0.007360149894117463
0.06,0.0,mvnorm,lognormal,True,0.8920159311897635
0.06,0.0,mvnorm,lognormal,True,1.693352198320354e-05
0.06,0.0,mvnorm,lognormal,True,0.22368805228931446
0.06,0.0,mvnorm,lognormal,True,0.04140586003392122
0.06,0.0,mvnorm,lognormal,True,0.721000240185551
0.06,0.0,mvnorm,lognormal,True,4.2561555632091394e-07
0.06,0.0,mvnorm,lognormal,True,0.002334296838256376
0.06,0.0,mvnorm,lognormal,True,0.00037516513572171127
0.06,0.0,mvnorm,lognormal,True,0.049652365564058235
0.06,0.0,mvnorm,lognormal,True,0.07393128092117875
0.06,0.0,mvnorm,lognormal,True,0.007777988410483539
0.06,0.0,mvnorm,lognormal,True,0.45769219758572743
0.06,0.0,mvnorm,lognormal,True,0.9850357370766052
0.06,0.0,mvnorm,lognormal,True,0.2342796099087574
0.06,0.0,mvnorm,lognormal,True,9.161055880596214e-05
0.06,0.0,mvnorm,lognormal,True,0.009020869184488125
0.06,0.0,mvnorm,lognormal,True,0.25292864771856616
0.06,0.0,mvnorm,lognormal,True,3.1687316157382475e-09
0.06,0.0,mvnorm,lognormal,True,2.0299599508326302e-06
0.06,0.0,mvnorm,lognormal,True,0.7762208547117685
0.06,0.0,mvnorm,lognormal,True,4.512848053925496e-06
0.06,0.0,mvnorm,lognormal,True,0.4860535008211858
0.06,0.0,mvnorm,lognormal,True,0.9214596877503773
0.06,0.0,mvnorm,lognormal,True,0.027309222132157723
0.06,0.0,mvnorm,lognormal,True,0.07629782583972664
0.06,0.0,mvnorm,lognormal,True,4.0142803132267054e-05
0.06,0.0,mvnorm,lognormal,True,0.04242236122178675
0.06,0.0,mvnorm,lognormal,True,0.8774508547824716
0.06,0.0,mvnorm,lognormal,True,0.0001370702932513325
0.06,0.0,mvnorm,lognormal,True,0.012718432186022349
0.06,0.0,mvnorm,lognormal,True,0.5785407409385701
0.06,0.0,mvnorm,lognormal,True,0.020226589186474287
0.06,0.0,mvnorm,lognormal,True,0.7470922288028878
0.06,0.0,mvnorm,lognormal,True,0.5108594691974813
0.06,0.0,mvnorm,lognormal,True,0.10720846718861729
0.06,0.0,mvnorm,lognormal,True,0.6831966813206989
0.06,0.0,mvnorm,lognormal,True,0.03598738354820546
0.06,0.0,mvnorm,lognormal,True,0.14218710091942327
0.06,0.0,mvnorm,lognormal,True,0.3036179534496084
0.06,0.0,mvnorm,lognormal,True,0.5235748711116475
0.06,0.0,mvnorm,lognormal,True,2.7320824292725587e-08
0.06,0.0,mvnorm,lognormal,True,0.4746494938947119
0.06,0.0,mvnorm,lognormal,True,0.010942570630636661
0.06,0.0,mvnorm,lognormal,True,0.04355167702578542
0.06,0.0,mvnorm,lognormal,True,0.028321088469834707
0.06,0.0,mvnorm,lognormal,True,0.13723993135185453
0.06,0.0,mvnorm,lognormal,True,0.002940576710655467
0.06,0.0,mvnorm,lognormal,True,9.265250724374448e-05
0.06,0.0,mvnorm,lognormal,True,0.0002969071483017305
0.06,0.0,mvnorm,lognormal,True,0.0016214503892779378
0.06,0.0,mvnorm,lognormal,True,1.723262529420744e-05
0.06,0.0,mvnorm,lognormal,True,1.0052444332873678e-07
0.06,0.0,mvnorm,lognormal,True,0.4860975876808362
0.06,0.0,mvnorm,lognormal,True,0.28932120863455446
0.06,0.0,mvnorm,lognormal,True,0.06678406042799695
0.06,0.0,mvnorm,lognormal,True,0.6175353899704592
0.06,0.0,mvnorm,lognormal,True,0.34446652594358707
0.06,0.0,mvnorm,lognormal,True,0.04648995192166008
0.06,0.0,mvnorm,lognormal,True,0.7105241090342616
0.06,0.0,mvnorm,lognormal,True,1.0794218717035043e-07
0.06,0.0,mvnorm,lognormal,True,0.8343516348559147
0.06,0.0,mvnorm,lognormal,True,0.33366228050817737
0.06,0.0,mvnorm,lognormal,True,0.012866199027963644
0.06,0.0,mvnorm,lognormal,True,0.10756259198434343
0.06,0.0,mvnorm,lognormal,True,0.31789769180084465
0.06,0.0,mvnorm,lognormal,True,0.7431314281279677
0.06,0.0,mvnorm,lognormal,True,2.9991568918136493e-05
0.06,0.0,mvnorm,lognormal,True,0.28442643211280266
0.06,0.0,mvnorm,lognormal,True,0.01886893427509721
0.06,0.0,mvnorm,lognormal,True,0.14376187343123348
0.06,0.0,mvnorm,lognormal,True,0.6893813208462035
0.06,0.0,mvnorm,lognormal,True,8.349602023705372e-05
0.06,0.0,mvnorm,lognormal,True,0.3783799973869101
0.06,0.0,mvnorm,lognormal,True,2.2844025494909742e-05
0.06,0.0,mvnorm,lognormal,True,0.0003003230367484096
0.06,0.0,mvnorm,lognormal,True,0.0001473739751928041
0.06,0.0,mvnorm,lognormal,True,0.09073806283877482
0.06,0.0,mvnorm,lognormal,True,1.3129905232639247e-09
0.06,0.0,mvnorm,lognormal,True,0.18117710196939646
0.06,0.0,mvnorm,lognormal,True,0.019112407118028352
0.06,0.0,mvnorm,lognormal,True,0.020554468377664153
0.06,0.0,mvnorm,lognormal,True,0.3029859150043454
0.06,0.0,mvnorm,lognormal,True,0.0003472476364480756
0.06,0.0,mvnorm,lognormal,True,0.8839198688494251
0.06,0.0,mvnorm,lognormal,True,0.00822845495423519
0.06,0.0,mvnorm,lognormal,True,0.06982740544507224
0.06,0.0,mvnorm,lognormal,True,0.2643418787425208
0.06,0.0,mvnorm,lognormal,True,0.8060602396968669
0.06,0.0,mvnorm,lognormal,True,0.03646460289060182
0.06,0.0,mvnorm,lognormal,True,0.09825869655065789
0.06,0.0,mvnorm,lognormal,True,6.709270571493927e-06
0.06,0.0,mvnorm,lognormal,True,0.11209711188472829
0.06,0.0,mvnorm,lognormal,True,0.01728509920921041
0.06,0.0,mvnorm,lognormal,True,0.6348582437966986
0.06,0.0,mvnorm,lognormal,True,0.0054671904506870235
0.06,0.0,mvnorm,lognormal,True,0.014576976189896373
0.06,0.0,mvnorm,lognormal,True,0.29090994857801933
0.06,0.0,mvnorm,lognormal,True,0.00814751049188007
