tau,rho,est,dist,obs_conf,pvals
0.09,-0.2,mvnorm,lognormal,True,0.1682420050053125
0.09,-0.2,mvnorm,lognormal,True,1.2216872033397817e-09
0.09,-0.2,mvnorm,lognormal,True,6.005536294520018e-05
0.09,-0.2,mvnorm,lognormal,True,0.0998755255677079
0.09,-0.2,mvnorm,lognormal,True,0.4957316698832037
0.09,-0.2,mvnorm,lognormal,True,0.006106919897955704
0.09,-0.2,mvnorm,lognormal,True,0.00014196732148264143
0.09,-0.2,mvnorm,lognormal,True,0.00024183323644997443
0.09,-0.2,mvnorm,lognormal,True,0.7395696427122987
0.09,-0.2,mvnorm,lognormal,True,0.0022471869349726865
0.09,-0.2,mvnorm,lognormal,True,0.9375126012254419
0.09,-0.2,mvnorm,lognormal,True,0.1242684977489285
0.09,-0.2,mvnorm,lognormal,True,2.3397478345425483e-08
0.09,-0.2,mvnorm,lognormal,True,0.08454786765487829
0.09,-0.2,mvnorm,lognormal,True,0.7528388061745473
0.09,-0.2,mvnorm,lognormal,True,0.8964905714715269
0.09,-0.2,mvnorm,lognormal,True,1.666263146187021e-10
0.09,-0.2,mvnorm,lognormal,True,0.03981561988873983
0.09,-0.2,mvnorm,lognormal,True,0.009884646159766423
0.09,-0.2,mvnorm,lognormal,True,4.401861861930143e-08
0.09,-0.2,mvnorm,lognormal,True,1.7688536723175563e-09
0.09,-0.2,mvnorm,lognormal,True,0.0749178501744179
0.09,-0.2,mvnorm,lognormal,True,0.00011742524858809227
0.09,-0.2,mvnorm,lognormal,True,0.16565823140595898
0.09,-0.2,mvnorm,lognormal,True,0.0019683798462141805
0.09,-0.2,mvnorm,lognormal,True,5.793609175416787e-12
0.09,-0.2,mvnorm,lognormal,True,0.5797381230435885
0.09,-0.2,mvnorm,lognormal,True,1.8686762586464067e-06
0.09,-0.2,mvnorm,lognormal,True,0.003245788846505556
0.09,-0.2,mvnorm,lognormal,True,0.9261719590964297
0.09,-0.2,mvnorm,lognormal,True,0.10563383984182761
0.09,-0.2,mvnorm,lognormal,True,0.017776771805141686
0.09,-0.2,mvnorm,lognormal,True,0.0011043378988141513
0.09,-0.2,mvnorm,lognormal,True,5.432945397380771e-05
0.09,-0.2,mvnorm,lognormal,True,0.7509639539339926
0.09,-0.2,mvnorm,lognormal,True,0.026672788355314423
0.09,-0.2,mvnorm,lognormal,True,0.0008752821655026893
0.09,-0.2,mvnorm,lognormal,True,6.370438594169875e-05
0.09,-0.2,mvnorm,lognormal,True,0.0005353847016616975
0.09,-0.2,mvnorm,lognormal,True,0.0001295658035262383
0.09,-0.2,mvnorm,lognormal,True,0.007291395467610797
0.09,-0.2,mvnorm,lognormal,True,0.3960682367390309
0.09,-0.2,mvnorm,lognormal,True,2.299249202200211e-05
0.09,-0.2,mvnorm,lognormal,True,0.00019048519583142492
0.09,-0.2,mvnorm,lognormal,True,0.3465515592855244
0.09,-0.2,mvnorm,lognormal,True,0.03294594857914846
0.09,-0.2,mvnorm,lognormal,True,0.4959573866632384
0.09,-0.2,mvnorm,lognormal,True,5.968463605153157e-06
0.09,-0.2,mvnorm,lognormal,True,8.508726905037719e-10
0.09,-0.2,mvnorm,lognormal,True,2.4620428206108074e-17
0.09,-0.2,mvnorm,lognormal,True,0.7936219263352475
0.09,-0.2,mvnorm,lognormal,True,0.33550645727670964
0.09,-0.2,mvnorm,lognormal,True,0.04417954395336189
0.09,-0.2,mvnorm,lognormal,True,2.3004347831332224e-05
0.09,-0.2,mvnorm,lognormal,True,0.026832725270734298
0.09,-0.2,mvnorm,lognormal,True,0.35032557732999536
0.09,-0.2,mvnorm,lognormal,True,0.5436762430770713
0.09,-0.2,mvnorm,lognormal,True,0.40511300674049167
0.09,-0.2,mvnorm,lognormal,True,3.644559550568007e-07
0.09,-0.2,mvnorm,lognormal,True,0.001786182908365971
0.09,-0.2,mvnorm,lognormal,True,0.01700290085848631
0.09,-0.2,mvnorm,lognormal,True,6.122883430891145e-09
0.09,-0.2,mvnorm,lognormal,True,1.8741825860097345e-09
0.09,-0.2,mvnorm,lognormal,True,2.709587599221094e-07
0.09,-0.2,mvnorm,lognormal,True,0.015328368498749544
0.09,-0.2,mvnorm,lognormal,True,0.001929341916695743
0.09,-0.2,mvnorm,lognormal,True,0.0027125179994422557
0.09,-0.2,mvnorm,lognormal,True,6.692513429424815e-07
0.09,-0.2,mvnorm,lognormal,True,8.636344858334882e-06
0.09,-0.2,mvnorm,lognormal,True,0.006406896244613882
0.09,-0.2,mvnorm,lognormal,True,0.0045867996211583295
0.09,-0.2,mvnorm,lognormal,True,3.9808130662283106e-05
0.09,-0.2,mvnorm,lognormal,True,0.6864516418998732
0.09,-0.2,mvnorm,lognormal,True,0.04472928310597192
0.09,-0.2,mvnorm,lognormal,True,0.0014743911629245643
0.09,-0.2,mvnorm,lognormal,True,0.00025401923065582584
0.09,-0.2,mvnorm,lognormal,True,0.0022808741204704227
0.09,-0.2,mvnorm,lognormal,True,2.1725060694247125e-09
0.09,-0.2,mvnorm,lognormal,True,0.0005053820699037931
0.09,-0.2,mvnorm,lognormal,True,0.4735180636366264
0.09,-0.2,mvnorm,lognormal,True,0.8570031822876731
0.09,-0.2,mvnorm,lognormal,True,0.0020117672545106823
0.09,-0.2,mvnorm,lognormal,True,0.003804195752113766
0.09,-0.2,mvnorm,lognormal,True,9.458534191618401e-10
0.09,-0.2,mvnorm,lognormal,True,0.00019038096056933257
0.09,-0.2,mvnorm,lognormal,True,0.08082015083954826
0.09,-0.2,mvnorm,lognormal,True,7.995341967947421e-09
0.09,-0.2,mvnorm,lognormal,True,1.805097278107334e-05
0.09,-0.2,mvnorm,lognormal,True,0.35648369524665957
0.09,-0.2,mvnorm,lognormal,True,3.16184513072653e-06
0.09,-0.2,mvnorm,lognormal,True,0.3956970283942626
0.09,-0.2,mvnorm,lognormal,True,0.16892502766749773
0.09,-0.2,mvnorm,lognormal,True,0.007329541359335045
0.09,-0.2,mvnorm,lognormal,True,0.0019903376052059114
0.09,-0.2,mvnorm,lognormal,True,5.905312692997933e-06
0.09,-0.2,mvnorm,lognormal,True,0.8513232624738539
0.09,-0.2,mvnorm,lognormal,True,8.145438953213064e-14
0.09,-0.2,mvnorm,lognormal,True,0.004557152649719504
0.09,-0.2,mvnorm,lognormal,True,0.18646553669347896
0.09,-0.2,mvnorm,lognormal,True,0.07554116104468078
