tau,rho,est,dist,obs_conf,pvals
0.06,-0.4,mvnorm,lognormal,True,4.65996772083037e-05
0.06,-0.4,mvnorm,lognormal,True,1.6842714078905277e-10
0.06,-0.4,mvnorm,lognormal,True,0.011899694750526782
0.06,-0.4,mvnorm,lognormal,True,0.004200737296864545
0.06,-0.4,mvnorm,lognormal,True,0.412220867322598
0.06,-0.4,mvnorm,lognormal,True,3.0488549238752305e-06
0.06,-0.4,mvnorm,lognormal,True,4.2171723830585416e-10
0.06,-0.4,mvnorm,lognormal,True,0.00011535932482854016
0.06,-0.4,mvnorm,lognormal,True,0.002656796651540754
0.06,-0.4,mvnorm,lognormal,True,0.017617055001166258
0.06,-0.4,mvnorm,lognormal,True,0.17422197224204689
0.06,-0.4,mvnorm,lognormal,True,0.007953480375415847
0.06,-0.4,mvnorm,lognormal,True,0.00022869590083691532
0.06,-0.4,mvnorm,lognormal,True,1.1670653997081156e-07
0.06,-0.4,mvnorm,lognormal,True,0.8943020624720648
0.06,-0.4,mvnorm,lognormal,True,0.19357080415812233
0.06,-0.4,mvnorm,lognormal,True,4.6569236496187344e-07
0.06,-0.4,mvnorm,lognormal,True,0.0053993576263868534
0.06,-0.4,mvnorm,lognormal,True,0.00659317529974781
0.06,-0.4,mvnorm,lognormal,True,9.451227702559563e-06
0.06,-0.4,mvnorm,lognormal,True,3.442808638276157e-05
0.06,-0.4,mvnorm,lognormal,True,0.5863523359245225
0.06,-0.4,mvnorm,lognormal,True,1.4697425970032165e-06
0.06,-0.4,mvnorm,lognormal,True,0.09146681636630392
0.06,-0.4,mvnorm,lognormal,True,0.0006599881086347911
0.06,-0.4,mvnorm,lognormal,True,4.607328920074545e-09
0.06,-0.4,mvnorm,lognormal,True,0.21241329651839333
0.06,-0.4,mvnorm,lognormal,True,0.08353671104425361
0.06,-0.4,mvnorm,lognormal,True,0.00036566713420428405
0.06,-0.4,mvnorm,lognormal,True,0.018921889988943626
0.06,-0.4,mvnorm,lognormal,True,2.7407174243423114e-06
0.06,-0.4,mvnorm,lognormal,True,0.2074411712819234
0.06,-0.4,mvnorm,lognormal,True,0.5835018422494189
0.06,-0.4,mvnorm,lognormal,True,0.0011621527942302125
0.06,-0.4,mvnorm,lognormal,True,0.027990510417295982
0.06,-0.4,mvnorm,lognormal,True,3.9483415875969746e-06
0.06,-0.4,mvnorm,lognormal,True,0.05523112128839376
0.06,-0.4,mvnorm,lognormal,True,0.00015953525899317877
0.06,-0.4,mvnorm,lognormal,True,5.773936144740318e-11
0.06,-0.4,mvnorm,lognormal,True,0.00470682843795458
0.06,-0.4,mvnorm,lognormal,True,1.186451954918749e-10
0.06,-0.4,mvnorm,lognormal,True,0.0033440246979358967
0.06,-0.4,mvnorm,lognormal,True,0.22997396778395923
0.06,-0.4,mvnorm,lognormal,True,0.4531522931254234
0.06,-0.4,mvnorm,lognormal,True,0.08754672828373472
0.06,-0.4,mvnorm,lognormal,True,0.0006496149874480432
0.06,-0.4,mvnorm,lognormal,True,0.03209308144717527
0.06,-0.4,mvnorm,lognormal,True,0.005600062492964508
0.06,-0.4,mvnorm,lognormal,True,3.297049306835143e-05
0.06,-0.4,mvnorm,lognormal,True,2.326955156150541e-16
0.06,-0.4,mvnorm,lognormal,True,0.9821938990869001
0.06,-0.4,mvnorm,lognormal,True,0.008951320773806486
0.06,-0.4,mvnorm,lognormal,True,0.041683836977528456
0.06,-0.4,mvnorm,lognormal,True,0.000932916221698919
0.06,-0.4,mvnorm,lognormal,True,0.004983400821358752
0.06,-0.4,mvnorm,lognormal,True,6.986982205898816e-06
0.06,-0.4,mvnorm,lognormal,True,0.0018668067698560723
0.06,-0.4,mvnorm,lognormal,True,0.026227919162401175
0.06,-0.4,mvnorm,lognormal,True,3.221298485261589e-07
0.06,-0.4,mvnorm,lognormal,True,6.923887921920585e-07
0.06,-0.4,mvnorm,lognormal,True,0.12002747924817056
0.06,-0.4,mvnorm,lognormal,True,0.014414768934328534
0.06,-0.4,mvnorm,lognormal,True,1.021588581008894e-14
0.06,-0.4,mvnorm,lognormal,True,4.4425392168623134e-10
0.06,-0.4,mvnorm,lognormal,True,0.03663588879975825
0.06,-0.4,mvnorm,lognormal,True,2.3867610062079552e-05
0.06,-0.4,mvnorm,lognormal,True,0.08475506674382689
0.06,-0.4,mvnorm,lognormal,True,5.508350670725757e-08
0.06,-0.4,mvnorm,lognormal,True,0.10225412339654862
0.06,-0.4,mvnorm,lognormal,True,0.0017665346293399854
0.06,-0.4,mvnorm,lognormal,True,2.0338207965899365e-05
0.06,-0.4,mvnorm,lognormal,True,0.0022695738421696365
0.06,-0.4,mvnorm,lognormal,True,7.441919089136324e-05
0.06,-0.4,mvnorm,lognormal,True,0.0002041693016767126
0.06,-0.4,mvnorm,lognormal,True,2.2392364696204228e-11
0.06,-0.4,mvnorm,lognormal,True,0.05220440845019307
0.06,-0.4,mvnorm,lognormal,True,0.003530286013853153
0.06,-0.4,mvnorm,lognormal,True,5.694341273606241e-13
0.06,-0.4,mvnorm,lognormal,True,0.0004849714555032237
0.06,-0.4,mvnorm,lognormal,True,0.5500840085408367
0.06,-0.4,mvnorm,lognormal,True,0.9155496291062719
0.06,-0.4,mvnorm,lognormal,True,3.79289423018348e-05
0.06,-0.4,mvnorm,lognormal,True,0.00010837739275268516
0.06,-0.4,mvnorm,lognormal,True,0.052195779868266665
0.06,-0.4,mvnorm,lognormal,True,0.000316325478129473
0.06,-0.4,mvnorm,lognormal,True,0.4874831763752667
0.06,-0.4,mvnorm,lognormal,True,8.647581171359423e-09
0.06,-0.4,mvnorm,lognormal,True,6.114383884272374e-11
0.06,-0.4,mvnorm,lognormal,True,0.3601515435111493
0.06,-0.4,mvnorm,lognormal,True,0.0029651285958138185
0.06,-0.4,mvnorm,lognormal,True,0.5397860656031246
0.06,-0.4,mvnorm,lognormal,True,0.07129418690763538
0.06,-0.4,mvnorm,lognormal,True,0.9257479524886414
0.06,-0.4,mvnorm,lognormal,True,0.18527761926816952
0.06,-0.4,mvnorm,lognormal,True,8.523878336657574e-05
0.06,-0.4,mvnorm,lognormal,True,1.213936656658374e-13
0.06,-0.4,mvnorm,lognormal,True,3.366261404194115e-20
0.06,-0.4,mvnorm,lognormal,True,0.0020636883870634856
0.06,-0.4,mvnorm,lognormal,True,0.18820500648445077
0.06,-0.4,mvnorm,lognormal,True,0.11436383858091911
