tau,rho,est,dist,obs_conf,pvals
0.15,-0.2,lognorm,lognormal,True,0.0026319940364839967
0.15,-0.2,lognorm,lognormal,True,2.726550005286147e-15
0.15,-0.2,lognorm,lognormal,True,1.9253732171815802e-11
0.15,-0.2,lognorm,lognormal,True,0.000252959565918256
0.15,-0.2,lognorm,lognormal,True,3.0339718068754397e-07
0.15,-0.2,lognorm,lognormal,True,0.2677008888017777
0.15,-0.2,lognorm,lognormal,True,8.065645201791059e-15
0.15,-0.2,lognorm,lognormal,True,0.07934126518077944
0.15,-0.2,lognorm,lognormal,True,6.050256514815737e-08
0.15,-0.2,lognorm,lognormal,True,2.994572904308265e-05
0.15,-0.2,lognorm,lognormal,True,0.0009365777518213287
0.15,-0.2,lognorm,lognormal,True,1.3771727238794567e-08
0.15,-0.2,lognorm,lognormal,True,3.666221664989063e-07
0.15,-0.2,lognorm,lognormal,True,0.06579155711769906
0.15,-0.2,lognorm,lognormal,True,5.06658579292021e-07
0.15,-0.2,lognorm,lognormal,True,0.7274086770040484
0.15,-0.2,lognorm,lognormal,True,0.6930802081904841
0.15,-0.2,lognorm,lognormal,True,6.753164604779198e-12
0.15,-0.2,lognorm,lognormal,True,0.049715373623593594
0.15,-0.2,lognorm,lognormal,True,0.08911629353562392
0.15,-0.2,lognorm,lognormal,True,0.3898023837937604
0.15,-0.2,lognorm,lognormal,True,2.0010295124594966e-08
0.15,-0.2,lognorm,lognormal,True,3.9040869642028346e-20
0.15,-0.2,lognorm,lognormal,True,0.8156360332265687
0.15,-0.2,lognorm,lognormal,True,1.3352901834789572e-07
0.15,-0.2,lognorm,lognormal,True,0.8584531167050503
0.15,-0.2,lognorm,lognormal,True,0.647124009473844
0.15,-0.2,lognorm,lognormal,True,0.9939921689586766
0.15,-0.2,lognorm,lognormal,True,0.32372164604373144
0.15,-0.2,lognorm,lognormal,True,0.6631377564916204
0.15,-0.2,lognorm,lognormal,True,5.7696697331248565e-11
0.15,-0.2,lognorm,lognormal,True,0.9268936937958898
0.15,-0.2,lognorm,lognormal,True,1.6516269880573483e-08
0.15,-0.2,lognorm,lognormal,True,0.26240583645559273
0.15,-0.2,lognorm,lognormal,True,0.029825302330468824
0.15,-0.2,lognorm,lognormal,True,1.0320867446725512e-20
0.15,-0.2,lognorm,lognormal,True,0.0020482205625959125
0.15,-0.2,lognorm,lognormal,True,0.5263641119471802
0.15,-0.2,lognorm,lognormal,True,0.008426289551458695
0.15,-0.2,lognorm,lognormal,True,0.00041944992427870746
0.15,-0.2,lognorm,lognormal,True,1.280747366964667e-11
0.15,-0.2,lognorm,lognormal,True,0.036145994979773624
0.15,-0.2,lognorm,lognormal,True,3.9550462378817025e-08
0.15,-0.2,lognorm,lognormal,True,0.004989082169950431
0.15,-0.2,lognorm,lognormal,True,0.05170797403228628
0.15,-0.2,lognorm,lognormal,True,0.0014034787757624078
0.15,-0.2,lognorm,lognormal,True,0.22865068100436148
0.15,-0.2,lognorm,lognormal,True,4.1848431475706804e-05
0.15,-0.2,lognorm,lognormal,True,0.011872693081139314
0.15,-0.2,lognorm,lognormal,True,1.0646384437562659e-10
0.15,-0.2,lognorm,lognormal,True,4.4129990211826896e-26
0.15,-0.2,lognorm,lognormal,True,0.0003150865608981039
0.15,-0.2,lognorm,lognormal,True,0.8465224338588324
0.15,-0.2,lognorm,lognormal,True,7.860309348399938e-13
0.15,-0.2,lognorm,lognormal,True,9.770328188903908e-18
0.15,-0.2,lognorm,lognormal,True,0.922184192186621
0.15,-0.2,lognorm,lognormal,True,0.010507588344078892
0.15,-0.2,lognorm,lognormal,True,1.953523509397777e-06
0.15,-0.2,lognorm,lognormal,True,0.007044324318221684
0.15,-0.2,lognorm,lognormal,True,8.077461337762748e-12
0.15,-0.2,lognorm,lognormal,True,1.270185305258183e-06
0.15,-0.2,lognorm,lognormal,True,2.4216028717516302e-14
0.15,-0.2,lognorm,lognormal,True,9.408951632499975e-06
0.15,-0.2,lognorm,lognormal,True,0.07389231722623317
0.15,-0.2,lognorm,lognormal,True,0.9869173732651937
0.15,-0.2,lognorm,lognormal,True,0.00010443877913615481
0.15,-0.2,lognorm,lognormal,True,0.4971944117423559
0.15,-0.2,lognorm,lognormal,True,0.4495810521140383
0.15,-0.2,lognorm,lognormal,True,0.00019922884927183179
0.15,-0.2,lognorm,lognormal,True,0.8091522903181727
0.15,-0.2,lognorm,lognormal,True,1.975904769381368e-20
0.15,-0.2,lognorm,lognormal,True,0.02171845635243449
0.15,-0.2,lognorm,lognormal,True,0.04760224363945383
0.15,-0.2,lognorm,lognormal,True,8.876786553468475e-06
0.15,-0.2,lognorm,lognormal,True,0.10722603489247945
0.15,-0.2,lognorm,lognormal,True,0.2502588612058797
0.15,-0.2,lognorm,lognormal,True,0.04028045602084043
0.15,-0.2,lognorm,lognormal,True,0.02113164571493115
0.15,-0.2,lognorm,lognormal,True,0.007179776064520015
0.15,-0.2,lognorm,lognormal,True,0.7852125047626943
0.15,-0.2,lognorm,lognormal,True,0.12263459531917235
0.15,-0.2,lognorm,lognormal,True,0.4403187523180847
0.15,-0.2,lognorm,lognormal,True,0.001378456588956641
0.15,-0.2,lognorm,lognormal,True,0.6421585052173238
0.15,-0.2,lognorm,lognormal,True,4.348865814569712e-17
0.15,-0.2,lognorm,lognormal,True,4.056578454569345e-14
0.15,-0.2,lognorm,lognormal,True,0.19994158194696618
0.15,-0.2,lognorm,lognormal,True,9.900991255000763e-05
0.15,-0.2,lognorm,lognormal,True,1.424980645248558e-08
0.15,-0.2,lognorm,lognormal,True,0.3412347294339936
0.15,-0.2,lognorm,lognormal,True,7.141486893065567e-20
0.15,-0.2,lognorm,lognormal,True,6.36307432928581e-11
0.15,-0.2,lognorm,lognormal,True,0.003547077503645927
0.15,-0.2,lognorm,lognormal,True,3.6415085040728975e-19
0.15,-0.2,lognorm,lognormal,True,6.516172887488599e-09
0.15,-0.2,lognorm,lognormal,True,1.5636434264446196e-17
0.15,-0.2,lognorm,lognormal,True,1.1231064040619973e-05
0.15,-0.2,lognorm,lognormal,True,0.08346672970448846
0.15,-0.2,lognorm,lognormal,True,0.41699889429130055
0.15,-0.2,lognorm,lognormal,True,0.00017270982000949043
