tau,rho,est,dist,obs_conf,pvals
0.03,0.0,lognorm,lognormal,True,0.9536890336715728
0.03,0.0,lognorm,lognormal,True,0.17631162709437553
0.03,0.0,lognorm,lognormal,True,0.43087420149913036
0.03,0.0,lognorm,lognormal,True,0.05876613889640551
0.03,0.0,lognorm,lognormal,True,0.06455070835773861
0.03,0.0,lognorm,lognormal,True,0.09924622239039047
0.03,0.0,lognorm,lognormal,True,3.91045384906572e-05
0.03,0.0,lognorm,lognormal,True,0.5721610767226278
0.03,0.0,lognorm,lognormal,True,0.7144675187536921
0.03,0.0,lognorm,lognormal,True,0.794247106758448
0.03,0.0,lognorm,lognormal,True,0.7341903516775554
0.03,0.0,lognorm,lognormal,True,0.00028751780281126093
0.03,0.0,lognorm,lognormal,True,0.8489083819758748
0.03,0.0,lognorm,lognormal,True,0.05894533554954822
0.03,0.0,lognorm,lognormal,True,0.30999658514107065
0.03,0.0,lognorm,lognormal,True,0.11729724880774618
0.03,0.0,lognorm,lognormal,True,0.06600672873691593
0.03,0.0,lognorm,lognormal,True,0.9845646184525393
0.03,0.0,lognorm,lognormal,True,0.45655911127098503
0.03,0.0,lognorm,lognormal,True,0.3560362523088709
0.03,0.0,lognorm,lognormal,True,0.08809385217609497
0.03,0.0,lognorm,lognormal,True,0.8568863301453524
0.03,0.0,lognorm,lognormal,True,0.8160272692787768
0.03,0.0,lognorm,lognormal,True,0.027633464585396034
0.03,0.0,lognorm,lognormal,True,0.7174277727182047
0.03,0.0,lognorm,lognormal,True,0.00208449616022724
0.03,0.0,lognorm,lognormal,True,0.026808268197509373
0.03,0.0,lognorm,lognormal,True,0.331714192025938
0.03,0.0,lognorm,lognormal,True,1.4652183208443238e-05
0.03,0.0,lognorm,lognormal,True,0.7908011712093623
0.03,0.0,lognorm,lognormal,True,0.020185192524998705
0.03,0.0,lognorm,lognormal,True,0.24956465185609017
0.03,0.0,lognorm,lognormal,True,0.9243301603031695
0.03,0.0,lognorm,lognormal,True,0.8257415569741906
0.03,0.0,lognorm,lognormal,True,0.9775947483744406
0.03,0.0,lognorm,lognormal,True,0.027326803673702837
0.03,0.0,lognorm,lognormal,True,0.05420429535508378
0.03,0.0,lognorm,lognormal,True,0.7756567661553271
0.03,0.0,lognorm,lognormal,True,0.9881279276742896
0.03,0.0,lognorm,lognormal,True,0.4450066018256229
0.03,0.0,lognorm,lognormal,True,0.025767591651554626
0.03,0.0,lognorm,lognormal,True,0.08116685915153007
0.03,0.0,lognorm,lognormal,True,0.28074711112926787
0.03,0.0,lognorm,lognormal,True,0.0035929792705640716
0.03,0.0,lognorm,lognormal,True,0.003477220908123083
0.03,0.0,lognorm,lognormal,True,0.04824992260439027
0.03,0.0,lognorm,lognormal,True,0.18439224658284964
0.03,0.0,lognorm,lognormal,True,0.5163795398702888
0.03,0.0,lognorm,lognormal,True,0.1625336602956466
0.03,0.0,lognorm,lognormal,True,0.009209149721622881
0.03,0.0,lognorm,lognormal,True,0.3824789060083197
0.03,0.0,lognorm,lognormal,True,0.00033752505153261274
0.03,0.0,lognorm,lognormal,True,0.0658321219221588
0.03,0.0,lognorm,lognormal,True,0.9053377965783815
0.03,0.0,lognorm,lognormal,True,0.1392331342254524
0.03,0.0,lognorm,lognormal,True,0.2737738864806232
0.03,0.0,lognorm,lognormal,True,0.02324056026276502
0.03,0.0,lognorm,lognormal,True,0.027498520535301198
0.03,0.0,lognorm,lognormal,True,0.8312906859854341
0.03,0.0,lognorm,lognormal,True,0.08434612956070331
0.03,0.0,lognorm,lognormal,True,0.053316894128400114
0.03,0.0,lognorm,lognormal,True,0.9334693255014332
0.03,0.0,lognorm,lognormal,True,0.013188296161738116
0.03,0.0,lognorm,lognormal,True,0.0008108352867138831
0.03,0.0,lognorm,lognormal,True,0.7112149691368699
0.03,0.0,lognorm,lognormal,True,0.3757328087263029
0.03,0.0,lognorm,lognormal,True,0.3915923053208421
0.03,0.0,lognorm,lognormal,True,0.8362656074544801
0.03,0.0,lognorm,lognormal,True,0.25973208205048554
0.03,0.0,lognorm,lognormal,True,0.004819837776682328
0.03,0.0,lognorm,lognormal,True,2.1822496561919853e-06
0.03,0.0,lognorm,lognormal,True,0.049898702231152246
0.03,0.0,lognorm,lognormal,True,0.0002810484756284893
0.03,0.0,lognorm,lognormal,True,1.0256509109620582e-05
0.03,0.0,lognorm,lognormal,True,0.02073069072828854
0.03,0.0,lognorm,lognormal,True,0.1513071781464865
0.03,0.0,lognorm,lognormal,True,0.6080501462372456
0.03,0.0,lognorm,lognormal,True,0.026402061910321042
0.03,0.0,lognorm,lognormal,True,0.02477500537720488
0.03,0.0,lognorm,lognormal,True,0.07360864531696303
0.03,0.0,lognorm,lognormal,True,0.24818237010316244
0.03,0.0,lognorm,lognormal,True,0.42302554588415187
0.03,0.0,lognorm,lognormal,True,0.4231685488654239
0.03,0.0,lognorm,lognormal,True,0.07360717045201924
0.03,0.0,lognorm,lognormal,True,0.0012662938632638464
0.03,0.0,lognorm,lognormal,True,0.004843724141038154
0.03,0.0,lognorm,lognormal,True,0.49458074950187936
0.03,0.0,lognorm,lognormal,True,0.8545578147296244
0.03,0.0,lognorm,lognormal,True,0.025515364907029586
0.03,0.0,lognorm,lognormal,True,0.49401209232107146
0.03,0.0,lognorm,lognormal,True,0.0013861658811808453
0.03,0.0,lognorm,lognormal,True,0.6224943825545336
0.03,0.0,lognorm,lognormal,True,0.46722132289419094
0.03,0.0,lognorm,lognormal,True,0.8421597473816532
0.03,0.0,lognorm,lognormal,True,0.04058153396252227
0.03,0.0,lognorm,lognormal,True,0.8709604645873317
0.03,0.0,lognorm,lognormal,True,0.07790761478323996
0.03,0.0,lognorm,lognormal,True,0.19374406416034476
0.03,0.0,lognorm,lognormal,True,0.09593340005107404
0.03,0.0,lognorm,lognormal,True,0.410194171848857
