tau,rho,est,dist,obs_conf,pvals
0.12,-0.2,lognorm,lognormal,True,0.012270865404390189
0.12,-0.2,lognorm,lognormal,True,5.664264836293334e-13
0.12,-0.2,lognorm,lognormal,True,1.9067233356043162e-08
0.12,-0.2,lognorm,lognormal,True,0.012264392156917945
0.12,-0.2,lognorm,lognormal,True,2.362299300573636e-05
0.12,-0.2,lognorm,lognormal,True,0.5044821723806392
0.12,-0.2,lognorm,lognormal,True,2.9693024381934546e-13
0.12,-0.2,lognorm,lognormal,True,0.5352559472603546
0.12,-0.2,lognorm,lognormal,True,1.672208418983246e-06
0.12,-0.2,lognorm,lognormal,True,0.0003808916714670561
0.12,-0.2,lognorm,lognormal,True,8.05592424291725e-05
0.12,-0.2,lognorm,lognormal,True,6.952648789402138e-07
0.12,-0.2,lognorm,lognormal,True,5.744396660892221e-06
0.12,-0.2,lognorm,lognormal,True,0.4067294864218939
0.12,-0.2,lognorm,lognormal,True,5.837531527933254e-06
0.12,-0.2,lognorm,lognormal,True,0.9856022385527239
0.12,-0.2,lognorm,lognormal,True,0.9085762330746765
0.12,-0.2,lognorm,lognormal,True,1.9281323215454144e-10
0.12,-0.2,lognorm,lognormal,True,0.1378049426881083
0.12,-0.2,lognorm,lognormal,True,0.5091951801421994
0.12,-0.2,lognorm,lognormal,True,0.8610922823161258
0.12,-0.2,lognorm,lognormal,True,2.2668686250249827e-07
0.12,-0.2,lognorm,lognormal,True,2.5351820181975463e-17
0.12,-0.2,lognorm,lognormal,True,0.43878147460750505
0.12,-0.2,lognorm,lognormal,True,9.165324576921082e-07
0.12,-0.2,lognorm,lognormal,True,0.46573201573661827
0.12,-0.2,lognorm,lognormal,True,0.8957998772298535
0.12,-0.2,lognorm,lognormal,True,0.6783266978513065
0.12,-0.2,lognorm,lognormal,True,0.17586643270324287
0.12,-0.2,lognorm,lognormal,True,0.8270822500061521
0.12,-0.2,lognorm,lognormal,True,8.825598793193936e-08
0.12,-0.2,lognorm,lognormal,True,0.7327045355765376
0.12,-0.2,lognorm,lognormal,True,8.504978471902992e-07
0.12,-0.2,lognorm,lognormal,True,0.1063143585724847
0.12,-0.2,lognorm,lognormal,True,0.13382654458827145
0.12,-0.2,lognorm,lognormal,True,3.565357721884221e-18
0.12,-0.2,lognorm,lognormal,True,0.010635424454055359
0.12,-0.2,lognorm,lognormal,True,0.811309816450693
0.12,-0.2,lognorm,lognormal,True,0.05400567787343712
0.12,-0.2,lognorm,lognormal,True,0.004384483744151787
0.12,-0.2,lognorm,lognormal,True,4.981461557904206e-10
0.12,-0.2,lognorm,lognormal,True,0.01169002967858718
0.12,-0.2,lognorm,lognormal,True,9.409920020339652e-07
0.12,-0.2,lognorm,lognormal,True,0.02005917401084124
0.12,-0.2,lognorm,lognormal,True,0.004657074820050784
0.12,-0.2,lognorm,lognormal,True,0.004048866960446938
0.12,-0.2,lognorm,lognormal,True,0.45715296746619727
0.12,-0.2,lognorm,lognormal,True,0.0009487793590057915
0.12,-0.2,lognorm,lognormal,True,0.03445541507632593
0.12,-0.2,lognorm,lognormal,True,1.8755145020426277e-08
0.12,-0.2,lognorm,lognormal,True,1.6697514951275051e-23
0.12,-0.2,lognorm,lognormal,True,0.0029162769360378056
0.12,-0.2,lognorm,lognormal,True,0.3436729861436729
0.12,-0.2,lognorm,lognormal,True,2.768371036768296e-10
0.12,-0.2,lognorm,lognormal,True,2.52502512920867e-15
0.12,-0.2,lognorm,lognormal,True,0.5644029592701978
0.12,-0.2,lognorm,lognormal,True,0.05713924702298193
0.12,-0.2,lognorm,lognormal,True,7.191954331578054e-05
0.12,-0.2,lognorm,lognormal,True,0.04162731872603873
0.12,-0.2,lognorm,lognormal,True,3.34322279383912e-10
0.12,-0.2,lognorm,lognormal,True,9.035372864589304e-06
0.12,-0.2,lognorm,lognormal,True,2.2156581559829643e-11
0.12,-0.2,lognorm,lognormal,True,0.0005696036059715573
0.12,-0.2,lognorm,lognormal,True,0.008457802746049556
0.12,-0.2,lognorm,lognormal,True,0.5376885758711201
0.12,-0.2,lognorm,lognormal,True,0.0005105369203141317
0.12,-0.2,lognorm,lognormal,True,0.9992535800214846
0.12,-0.2,lognorm,lognormal,True,0.17443892488134177
0.12,-0.2,lognorm,lognormal,True,0.0014166634323061875
0.12,-0.2,lognorm,lognormal,True,0.5033393413061931
0.12,-0.2,lognorm,lognormal,True,9.765092648229913e-19
0.12,-0.2,lognorm,lognormal,True,0.08367476429539933
0.12,-0.2,lognorm,lognormal,True,0.006873670334305557
0.12,-0.2,lognorm,lognormal,True,4.214751938628793e-05
0.12,-0.2,lognorm,lognormal,True,0.1640961239127839
0.12,-0.2,lognorm,lognormal,True,0.10431211075326274
0.12,-0.2,lognorm,lognormal,True,0.21055013849870427
0.12,-0.2,lognorm,lognormal,True,0.006214290819404999
0.12,-0.2,lognorm,lognormal,True,0.045707495887094045
0.12,-0.2,lognorm,lognormal,True,0.36062634545443495
0.12,-0.2,lognorm,lognormal,True,0.2908543310907732
0.12,-0.2,lognorm,lognormal,True,0.9015682245448338
0.12,-0.2,lognorm,lognormal,True,0.00020571915569534696
0.12,-0.2,lognorm,lognormal,True,0.922311560114603
0.12,-0.2,lognorm,lognormal,True,2.0142877820858585e-15
0.12,-0.2,lognorm,lognormal,True,1.5271684134977474e-12
0.12,-0.2,lognorm,lognormal,True,0.12574211305138097
0.12,-0.2,lognorm,lognormal,True,1.3915806668121203e-05
0.12,-0.2,lognorm,lognormal,True,2.3054169306381856e-07
0.12,-0.2,lognorm,lognormal,True,0.07533439378058335
0.12,-0.2,lognorm,lognormal,True,9.605873738219209e-18
0.12,-0.2,lognorm,lognormal,True,3.379472814509786e-09
0.12,-0.2,lognorm,lognormal,True,0.02006330552407074
0.12,-0.2,lognorm,lognormal,True,3.8776571175209796e-16
0.12,-0.2,lognorm,lognormal,True,3.155467565632797e-07
0.12,-0.2,lognorm,lognormal,True,2.70548387500528e-15
0.12,-0.2,lognorm,lognormal,True,0.00035574505017604824
0.12,-0.2,lognorm,lognormal,True,0.23626096474777675
0.12,-0.2,lognorm,lognormal,True,0.7771352266430307
0.12,-0.2,lognorm,lognormal,True,0.0011401810762397017
