tau,rho,est,dist,obs_conf,pvals
0.06,0.0,lognorm,lognormal,True,0.6305499953668765
0.06,0.0,lognorm,lognormal,True,0.021163205843255446
0.06,0.0,lognorm,lognormal,True,0.701165766274165
0.06,0.0,lognorm,lognormal,True,0.12182271598512018
0.06,0.0,lognorm,lognormal,True,0.009277845534254345
0.06,0.0,lognorm,lognormal,True,0.29967554948213293
0.06,0.0,lognorm,lognormal,True,1.4224252736564378e-06
0.06,0.0,lognorm,lognormal,True,0.08308721439360496
0.06,0.0,lognorm,lognormal,True,0.36467350995899583
0.06,0.0,lognorm,lognormal,True,0.6319928399013256
0.06,0.0,lognorm,lognormal,True,0.43676315048061143
0.06,0.0,lognorm,lognormal,True,4.181449682148495e-05
0.06,0.0,lognorm,lognormal,True,0.4791914787358994
0.06,0.0,lognorm,lognormal,True,0.00485580891743608
0.06,0.0,lognorm,lognormal,True,0.04411709727268542
0.06,0.0,lognorm,lognormal,True,0.03606074101706829
0.06,0.0,lognorm,lognormal,True,0.01016635149023165
0.06,0.0,lognorm,lognormal,True,0.6299976687874533
0.06,0.0,lognorm,lognormal,True,0.2006977758917992
0.06,0.0,lognorm,lognormal,True,0.9821967849790343
0.06,0.0,lognorm,lognormal,True,0.004216948872753887
0.06,0.0,lognorm,lognormal,True,0.5799518869257496
0.06,0.0,lognorm,lognormal,True,0.32450236804997407
0.06,0.0,lognorm,lognormal,True,0.08037372764229592
0.06,0.0,lognorm,lognormal,True,0.4698256614825522
0.06,0.0,lognorm,lognormal,True,0.00011866421282988432
0.06,0.0,lognorm,lognormal,True,0.0038777543890722655
0.06,0.0,lognorm,lognormal,True,0.09454097386390777
0.06,0.0,lognorm,lognormal,True,9.550012109111092e-07
0.06,0.0,lognorm,lognormal,True,0.8518193301174442
0.06,0.0,lognorm,lognormal,True,0.06090964534813563
0.06,0.0,lognorm,lognormal,True,0.06925335518590604
0.06,0.0,lognorm,lognormal,True,0.6694205531696463
0.06,0.0,lognorm,lognormal,True,0.6505969107307599
0.06,0.0,lognorm,lognormal,True,0.39389819394332504
0.06,0.0,lognorm,lognormal,True,0.1272908004807108
0.06,0.0,lognorm,lognormal,True,0.012021100109226985
0.06,0.0,lognorm,lognormal,True,0.27127819437281475
0.06,0.0,lognorm,lognormal,True,0.5432779836256416
0.06,0.0,lognorm,lognormal,True,0.5778209543637731
0.06,0.0,lognorm,lognormal,True,0.0009561192793336852
0.06,0.0,lognorm,lognormal,True,0.1945648776490158
0.06,0.0,lognorm,lognormal,True,0.032548485172281205
0.06,0.0,lognorm,lognormal,True,0.0003908798528915238
0.06,0.0,lognorm,lognormal,True,0.015046487509274306
0.06,0.0,lognorm,lognormal,True,0.002164037624607755
0.06,0.0,lognorm,lognormal,True,0.05329936692294862
0.06,0.0,lognorm,lognormal,True,0.29823731531139397
0.06,0.0,lognorm,lognormal,True,0.4300316766025365
0.06,0.0,lognorm,lognormal,True,0.0016135550614209595
0.06,0.0,lognorm,lognormal,True,0.11872410446594772
0.06,0.0,lognorm,lognormal,True,2.7591335522412263e-05
0.06,0.0,lognorm,lognormal,True,0.012880368340759247
0.06,0.0,lognorm,lognormal,True,0.7941243935931153
0.06,0.0,lognorm,lognormal,True,0.03533056679082679
0.06,0.0,lognorm,lognormal,True,0.18302895475368475
0.06,0.0,lognorm,lognormal,True,0.003777673943463332
0.06,0.0,lognorm,lognormal,True,0.00791385106334064
0.06,0.0,lognorm,lognormal,True,0.38168323838560037
0.06,0.0,lognorm,lognormal,True,0.03378326793116918
0.06,0.0,lognorm,lognormal,True,0.0014056839012424093
0.06,0.0,lognorm,lognormal,True,0.4849067809555805
0.06,0.0,lognorm,lognormal,True,0.07337087127692314
0.06,0.0,lognorm,lognormal,True,5.282372311372898e-05
0.06,0.0,lognorm,lognormal,True,0.22136060089903792
0.06,0.0,lognorm,lognormal,True,0.1315166662997822
0.06,0.0,lognorm,lognormal,True,0.9326585748253623
0.06,0.0,lognorm,lognormal,True,0.6710522221062962
0.06,0.0,lognorm,lognormal,True,0.09284514436766131
0.06,0.0,lognorm,lognormal,True,0.03181661636014598
0.06,0.0,lognorm,lognormal,True,2.3301533141095144e-07
0.06,0.0,lognorm,lognormal,True,0.2352982069283143
0.06,0.0,lognorm,lognormal,True,0.0011539503064257142
0.06,0.0,lognorm,lognormal,True,5.84857076193376e-07
0.06,0.0,lognorm,lognormal,True,0.0027790284797883963
0.06,0.0,lognorm,lognormal,True,0.43308117994587003
0.06,0.0,lognorm,lognormal,True,0.2937903734233408
0.06,0.0,lognorm,lognormal,True,0.013900161335477902
0.06,0.0,lognorm,lognormal,True,0.10351072620222734
0.06,0.0,lognorm,lognormal,True,0.2913754916298336
0.06,0.0,lognorm,lognormal,True,0.5259663860221883
0.06,0.0,lognorm,lognormal,True,0.912256747132536
0.06,0.0,lognorm,lognormal,True,0.8743936119509008
0.06,0.0,lognorm,lognormal,True,0.015637721901747878
0.06,0.0,lognorm,lognormal,True,5.4906491893164465e-05
0.06,0.0,lognorm,lognormal,True,0.0004017810820214728
0.06,0.0,lognorm,lognormal,True,0.6897863650810003
0.06,0.0,lognorm,lognormal,True,0.7682432230843907
0.06,0.0,lognorm,lognormal,True,0.005546997123321892
0.06,0.0,lognorm,lognormal,True,0.9348102518895812
0.06,0.0,lognorm,lognormal,True,0.00012791765741487491
0.06,0.0,lognorm,lognormal,True,0.8959444906509227
0.06,0.0,lognorm,lognormal,True,0.18567123087581217
0.06,0.0,lognorm,lognormal,True,0.46531877830072055
0.06,0.0,lognorm,lognormal,True,0.017153697355403674
0.06,0.0,lognorm,lognormal,True,0.3183103622238631
0.06,0.0,lognorm,lognormal,True,0.1886641165119797
0.06,0.0,lognorm,lognormal,True,0.034245936716463865
0.06,0.0,lognorm,lognormal,True,0.5139856698591083
0.06,0.0,lognorm,lognormal,True,0.1414212775048988
