tau,rho,est,dist,obs_conf,pvals
0.03,0.4,lognorm,lognormal,True,2.9473015330500993e-10
0.03,0.4,lognorm,lognormal,True,0.0022257082057997465
0.03,0.4,lognorm,lognormal,True,0.9903088483910953
0.03,0.4,lognorm,lognormal,True,1.1046550358737825e-07
0.03,0.4,lognorm,lognormal,True,7.61071209890824e-06
0.03,0.4,lognorm,lognormal,True,0.15453317600071087
0.03,0.4,lognorm,lognormal,True,1.130904777736053e-06
0.03,0.4,lognorm,lognormal,True,1.3593254585304174e-07
0.03,0.4,lognorm,lognormal,True,0.0021250502862621163
0.03,0.4,lognorm,lognormal,True,0.36583659708014427
0.03,0.4,lognorm,lognormal,True,3.8270704214848835e-07
0.03,0.4,lognorm,lognormal,True,0.00043965152616536957
0.03,0.4,lognorm,lognormal,True,0.6238747595755233
0.03,0.4,lognorm,lognormal,True,1.0102708788997494e-07
0.03,0.4,lognorm,lognormal,True,0.06315437267168204
0.03,0.4,lognorm,lognormal,True,2.929965861500758e-06
0.03,0.4,lognorm,lognormal,True,1.8358214152324971e-40
0.03,0.4,lognorm,lognormal,True,1.101538197450383e-08
0.03,0.4,lognorm,lognormal,True,0.10380261443326112
0.03,0.4,lognorm,lognormal,True,0.0023846019603809957
0.03,0.4,lognorm,lognormal,True,1.0090171663024995e-18
0.03,0.4,lognorm,lognormal,True,4.173776566330351e-12
0.03,0.4,lognorm,lognormal,True,1.98033207133132e-08
0.03,0.4,lognorm,lognormal,True,0.10701592739570019
0.03,0.4,lognorm,lognormal,True,0.01965299365232703
0.03,0.4,lognorm,lognormal,True,5.562675156090346e-10
0.03,0.4,lognorm,lognormal,True,2.079851347103072e-06
0.03,0.4,lognorm,lognormal,True,6.654325622630334e-25
0.03,0.4,lognorm,lognormal,True,2.2790883043262575e-33
0.03,0.4,lognorm,lognormal,True,3.892734459407688e-09
0.03,0.4,lognorm,lognormal,True,0.0004374359714090226
0.03,0.4,lognorm,lognormal,True,2.0415887267005542e-10
0.03,0.4,lognorm,lognormal,True,1.3222622947061599e-05
0.03,0.4,lognorm,lognormal,True,1.2164123979597895e-08
0.03,0.4,lognorm,lognormal,True,0.5806685952353157
0.03,0.4,lognorm,lognormal,True,0.0005689372376384288
0.03,0.4,lognorm,lognormal,True,0.012299009449032556
0.03,0.4,lognorm,lognormal,True,3.981295342119039e-06
0.03,0.4,lognorm,lognormal,True,8.703253929497068e-06
0.03,0.4,lognorm,lognormal,True,0.1440114593753192
0.03,0.4,lognorm,lognormal,True,0.3526576494311434
0.03,0.4,lognorm,lognormal,True,7.384198397974275e-06
0.03,0.4,lognorm,lognormal,True,0.95379077321338
0.03,0.4,lognorm,lognormal,True,2.0901135982088155e-23
0.03,0.4,lognorm,lognormal,True,0.08060483751724694
0.03,0.4,lognorm,lognormal,True,4.97443829490274e-08
0.03,0.4,lognorm,lognormal,True,1.0735604257106473e-25
0.03,0.4,lognorm,lognormal,True,0.7403844509022723
0.03,0.4,lognorm,lognormal,True,0.027657993803292036
0.03,0.4,lognorm,lognormal,True,0.18074466256794364
0.03,0.4,lognorm,lognormal,True,1.4253707512335266e-16
0.03,0.4,lognorm,lognormal,True,9.947743205061458e-24
0.03,0.4,lognorm,lognormal,True,1.3259256329237549e-33
0.03,0.4,lognorm,lognormal,True,2.8794959702118578e-21
0.03,0.4,lognorm,lognormal,True,6.923197961637817e-05
0.03,0.4,lognorm,lognormal,True,4.1999042159954684e-29
0.03,0.4,lognorm,lognormal,True,0.0005930757418243397
0.03,0.4,lognorm,lognormal,True,0.6572895560674458
0.03,0.4,lognorm,lognormal,True,0.71782376804716
0.03,0.4,lognorm,lognormal,True,0.30110004416135716
0.03,0.4,lognorm,lognormal,True,5.31903297709498e-05
0.03,0.4,lognorm,lognormal,True,0.037346919362886796
0.03,0.4,lognorm,lognormal,True,6.854508439710048e-09
0.03,0.4,lognorm,lognormal,True,0.0076690344980945855
0.03,0.4,lognorm,lognormal,True,4.595045809538104e-06
0.03,0.4,lognorm,lognormal,True,0.0003640704744445322
0.03,0.4,lognorm,lognormal,True,0.8978294120096713
0.03,0.4,lognorm,lognormal,True,0.414722777059815
0.03,0.4,lognorm,lognormal,True,0.004012716567788625
0.03,0.4,lognorm,lognormal,True,0.0015582513477033193
0.03,0.4,lognorm,lognormal,True,0.3967734717092499
0.03,0.4,lognorm,lognormal,True,0.0005659867375784058
0.03,0.4,lognorm,lognormal,True,0.018183792347580673
0.03,0.4,lognorm,lognormal,True,1.0378533309595473e-07
0.03,0.4,lognorm,lognormal,True,3.494692555284806e-05
0.03,0.4,lognorm,lognormal,True,0.08876153475580321
0.03,0.4,lognorm,lognormal,True,0.27143189495897296
0.03,0.4,lognorm,lognormal,True,0.01910257045032571
0.03,0.4,lognorm,lognormal,True,0.0066300969793879685
0.03,0.4,lognorm,lognormal,True,0.4236895110564839
0.03,0.4,lognorm,lognormal,True,0.015474725534559653
0.03,0.4,lognorm,lognormal,True,0.00198084413136801
0.03,0.4,lognorm,lognormal,True,0.013984805808625654
0.03,0.4,lognorm,lognormal,True,6.272132851002643e-13
0.03,0.4,lognorm,lognormal,True,0.49361587531660744
0.03,0.4,lognorm,lognormal,True,0.06122109586474321
0.03,0.4,lognorm,lognormal,True,1.4434435841279697e-06
0.03,0.4,lognorm,lognormal,True,0.00012032466704682732
0.03,0.4,lognorm,lognormal,True,0.002305840372312344
0.03,0.4,lognorm,lognormal,True,0.07015404682116007
0.03,0.4,lognorm,lognormal,True,0.02305750913816682
0.03,0.4,lognorm,lognormal,True,6.584095856645314e-06
0.03,0.4,lognorm,lognormal,True,0.8916586566808862
0.03,0.4,lognorm,lognormal,True,4.214864376506446e-06
0.03,0.4,lognorm,lognormal,True,3.4944093729608134e-17
0.03,0.4,lognorm,lognormal,True,3.643771305914697e-24
0.03,0.4,lognorm,lognormal,True,0.00605282889438322
0.03,0.4,lognorm,lognormal,True,0.0018686024717838102
0.03,0.4,lognorm,lognormal,True,0.08081993118430195
0.03,0.4,lognorm,lognormal,True,0.7886215001926764
