tau,rho,est,dist,obs_conf,pvals
0.12,0.2,mvnorm,lognormal,True,0.035294910845595
0.12,0.2,mvnorm,lognormal,True,0.002213182141176476
0.12,0.2,mvnorm,lognormal,True,0.010400715004511358
0.12,0.2,mvnorm,lognormal,True,1.5935773199858319e-09
0.12,0.2,mvnorm,lognormal,True,5.712438693293502e-09
0.12,0.2,mvnorm,lognormal,True,0.06962557996291859
0.12,0.2,mvnorm,lognormal,True,0.15787847202132854
0.12,0.2,mvnorm,lognormal,True,2.508561414013989e-11
0.12,0.2,mvnorm,lognormal,True,0.002843111965748574
0.12,0.2,mvnorm,lognormal,True,7.456115557308247e-12
0.12,0.2,mvnorm,lognormal,True,0.4485634102846523
0.12,0.2,mvnorm,lognormal,True,0.6053800690639488
0.12,0.2,mvnorm,lognormal,True,0.0047038539647900265
0.12,0.2,mvnorm,lognormal,True,0.21896427499761378
0.12,0.2,mvnorm,lognormal,True,0.014368746479881143
0.12,0.2,mvnorm,lognormal,True,2.3580109899433207e-05
0.12,0.2,mvnorm,lognormal,True,0.05255432726761989
0.12,0.2,mvnorm,lognormal,True,0.4327650091667584
0.12,0.2,mvnorm,lognormal,True,0.27512538974563844
0.12,0.2,mvnorm,lognormal,True,2.2552337518649e-19
0.12,0.2,mvnorm,lognormal,True,0.00038440632039928323
0.12,0.2,mvnorm,lognormal,True,0.6051261394854573
0.12,0.2,mvnorm,lognormal,True,7.437050842860637e-07
0.12,0.2,mvnorm,lognormal,True,0.002450878257538571
0.12,0.2,mvnorm,lognormal,True,0.09255906253823966
0.12,0.2,mvnorm,lognormal,True,0.007417594134428281
0.12,0.2,mvnorm,lognormal,True,0.03496484103265108
0.12,0.2,mvnorm,lognormal,True,3.648037644613931e-08
0.12,0.2,mvnorm,lognormal,True,0.026896151916481387
0.12,0.2,mvnorm,lognormal,True,0.09844843188458534
0.12,0.2,mvnorm,lognormal,True,0.000523771031612261
0.12,0.2,mvnorm,lognormal,True,0.7363717994453665
0.12,0.2,mvnorm,lognormal,True,0.12019444999833981
0.12,0.2,mvnorm,lognormal,True,0.6328802363557923
0.12,0.2,mvnorm,lognormal,True,0.0005005627294222346
0.12,0.2,mvnorm,lognormal,True,0.11736138510742028
0.12,0.2,mvnorm,lognormal,True,0.16003338004847095
0.12,0.2,mvnorm,lognormal,True,0.0018017601110586886
0.12,0.2,mvnorm,lognormal,True,1.9470966257556e-05
0.12,0.2,mvnorm,lognormal,True,0.8113240415776524
0.12,0.2,mvnorm,lognormal,True,0.002130693607691616
0.12,0.2,mvnorm,lognormal,True,0.13753080583193453
0.12,0.2,mvnorm,lognormal,True,2.8956603360317016e-15
0.12,0.2,mvnorm,lognormal,True,0.004506974440367714
0.12,0.2,mvnorm,lognormal,True,4.578419785098175e-07
0.12,0.2,mvnorm,lognormal,True,0.00011742164949700552
0.12,0.2,mvnorm,lognormal,True,0.4622655881410299
0.12,0.2,mvnorm,lognormal,True,0.00011421561964050724
0.12,0.2,mvnorm,lognormal,True,8.44130853375895e-05
0.12,0.2,mvnorm,lognormal,True,0.007288846940249457
0.12,0.2,mvnorm,lognormal,True,1.211822766144731e-06
0.12,0.2,mvnorm,lognormal,True,1.0491296066744798e-05
0.12,0.2,mvnorm,lognormal,True,5.4526070256526625e-08
0.12,0.2,mvnorm,lognormal,True,1.733851658856041e-07
0.12,0.2,mvnorm,lognormal,True,0.0003779596313707416
0.12,0.2,mvnorm,lognormal,True,0.11620656689338581
0.12,0.2,mvnorm,lognormal,True,0.0015568422625063373
0.12,0.2,mvnorm,lognormal,True,0.008306336353914399
0.12,0.2,mvnorm,lognormal,True,0.5355874338989511
0.12,0.2,mvnorm,lognormal,True,3.47815102416788e-11
0.12,0.2,mvnorm,lognormal,True,0.1291109871082729
0.12,0.2,mvnorm,lognormal,True,2.182004696824094e-09
0.12,0.2,mvnorm,lognormal,True,0.2102856146788686
0.12,0.2,mvnorm,lognormal,True,0.19888965359723812
0.12,0.2,mvnorm,lognormal,True,0.0001620544232471693
0.12,0.2,mvnorm,lognormal,True,0.0004239388561828499
0.12,0.2,mvnorm,lognormal,True,0.8538444549465418
0.12,0.2,mvnorm,lognormal,True,0.000517149494667866
0.12,0.2,mvnorm,lognormal,True,0.451599451253475
0.12,0.2,mvnorm,lognormal,True,0.027678191369750284
0.12,0.2,mvnorm,lognormal,True,0.18921098432184225
0.12,0.2,mvnorm,lognormal,True,0.002734208270475073
0.12,0.2,mvnorm,lognormal,True,0.16052496479933698
0.12,0.2,mvnorm,lognormal,True,2.155347210930435e-09
0.12,0.2,mvnorm,lognormal,True,0.1882986854132664
0.12,0.2,mvnorm,lognormal,True,4.787457355464588e-11
0.12,0.2,mvnorm,lognormal,True,5.224908116141906e-12
0.12,0.2,mvnorm,lognormal,True,2.579175868732339e-09
0.12,0.2,mvnorm,lognormal,True,0.6656692252315741
0.12,0.2,mvnorm,lognormal,True,1.1374928822242858e-05
0.12,0.2,mvnorm,lognormal,True,0.00015261611508241439
0.12,0.2,mvnorm,lognormal,True,0.02704764771038229
0.12,0.2,mvnorm,lognormal,True,0.19784906895123153
0.12,0.2,mvnorm,lognormal,True,0.34427232942557495
0.12,0.2,mvnorm,lognormal,True,0.031218938136568036
0.12,0.2,mvnorm,lognormal,True,0.8294782641464082
0.12,0.2,mvnorm,lognormal,True,0.0001096424764783348
0.12,0.2,mvnorm,lognormal,True,0.05027812654044623
0.12,0.2,mvnorm,lognormal,True,0.07000521235935835
0.12,0.2,mvnorm,lognormal,True,0.0017709872619683148
0.12,0.2,mvnorm,lognormal,True,0.011487205669792236
0.12,0.2,mvnorm,lognormal,True,2.2893915468246897e-05
0.12,0.2,mvnorm,lognormal,True,8.341909211472441e-08
0.12,0.2,mvnorm,lognormal,True,0.0006761054996188168
0.12,0.2,mvnorm,lognormal,True,1.1380079264670078e-05
0.12,0.2,mvnorm,lognormal,True,3.5860048614281524e-05
0.12,0.2,mvnorm,lognormal,True,0.0005374885715090174
0.12,0.2,mvnorm,lognormal,True,0.4852710524455446
0.12,0.2,mvnorm,lognormal,True,0.15432059152054287
0.12,0.2,mvnorm,lognormal,True,0.00015370525239568692
