tau,rho,est,dist,obs_conf,pvals
0.0,0.2,mvnorm,lognormal,True,0.3577185722215416
0.0,0.2,mvnorm,lognormal,True,0.9948338704202913
0.0,0.2,mvnorm,lognormal,True,0.7644957679026939
0.0,0.2,mvnorm,lognormal,True,0.0007939084990641452
0.0,0.2,mvnorm,lognormal,True,0.020177247919075506
0.0,0.2,mvnorm,lognormal,True,0.638143706974116
0.0,0.2,mvnorm,lognormal,True,0.13910516628026448
0.0,0.2,mvnorm,lognormal,True,0.0001332671977700777
0.0,0.2,mvnorm,lognormal,True,1.1514945026532319e-06
0.0,0.2,mvnorm,lognormal,True,6.082050470141238e-06
0.0,0.2,mvnorm,lognormal,True,0.0025426544652365286
0.0,0.2,mvnorm,lognormal,True,0.03345055133621368
0.0,0.2,mvnorm,lognormal,True,0.8951544060680381
0.0,0.2,mvnorm,lognormal,True,0.5190775743743189
0.0,0.2,mvnorm,lognormal,True,0.5255852316320477
0.0,0.2,mvnorm,lognormal,True,0.41828823453035724
0.0,0.2,mvnorm,lognormal,True,0.8626444113317834
0.0,0.2,mvnorm,lognormal,True,0.9740824198379827
0.0,0.2,mvnorm,lognormal,True,0.21147650108838847
0.0,0.2,mvnorm,lognormal,True,2.0880372214386782e-11
0.0,0.2,mvnorm,lognormal,True,0.3956733242874646
0.0,0.2,mvnorm,lognormal,True,0.00242455158536066
0.0,0.2,mvnorm,lognormal,True,0.026825205699782497
0.0,0.2,mvnorm,lognormal,True,0.38879574217366575
0.0,0.2,mvnorm,lognormal,True,0.3867927411364259
0.0,0.2,mvnorm,lognormal,True,0.4179869826681667
0.0,0.2,mvnorm,lognormal,True,0.31628145042683237
0.0,0.2,mvnorm,lognormal,True,0.02184077502753969
0.0,0.2,mvnorm,lognormal,True,0.0654815570348643
0.0,0.2,mvnorm,lognormal,True,0.40130190613736827
0.0,0.2,mvnorm,lognormal,True,5.590760686099483e-10
0.0,0.2,mvnorm,lognormal,True,3.985325846382548e-05
0.0,0.2,mvnorm,lognormal,True,1.5423557527459508e-06
0.0,0.2,mvnorm,lognormal,True,0.4810326734051039
0.0,0.2,mvnorm,lognormal,True,0.150715057575423
0.0,0.2,mvnorm,lognormal,True,0.7124955344041236
0.0,0.2,mvnorm,lognormal,True,0.15515955108320026
0.0,0.2,mvnorm,lognormal,True,0.7383337379684198
0.0,0.2,mvnorm,lognormal,True,0.9212477208987818
0.0,0.2,mvnorm,lognormal,True,0.009126731205152411
0.0,0.2,mvnorm,lognormal,True,0.43522179439098563
0.0,0.2,mvnorm,lognormal,True,0.24158192519612093
0.0,0.2,mvnorm,lognormal,True,2.5390175500035044e-07
0.0,0.2,mvnorm,lognormal,True,0.6807162137432998
0.0,0.2,mvnorm,lognormal,True,0.015021479037957213
0.0,0.2,mvnorm,lognormal,True,0.13324208093028647
0.0,0.2,mvnorm,lognormal,True,3.765008433923618e-05
0.0,0.2,mvnorm,lognormal,True,0.7754229015898665
0.0,0.2,mvnorm,lognormal,True,0.5059989744303603
0.0,0.2,mvnorm,lognormal,True,0.6012537799434127
0.0,0.2,mvnorm,lognormal,True,0.01029407013856703
0.0,0.2,mvnorm,lognormal,True,0.9805598509498782
0.0,0.2,mvnorm,lognormal,True,0.003808987969213015
0.0,0.2,mvnorm,lognormal,True,0.004428612976352269
0.0,0.2,mvnorm,lognormal,True,2.07422077898662e-09
0.0,0.2,mvnorm,lognormal,True,0.21773606759500164
0.0,0.2,mvnorm,lognormal,True,0.5414256177279309
0.0,0.2,mvnorm,lognormal,True,0.7626342598868917
0.0,0.2,mvnorm,lognormal,True,0.0016667496282088388
0.0,0.2,mvnorm,lognormal,True,0.006993535382200097
0.0,0.2,mvnorm,lognormal,True,0.0005789801032462197
0.0,0.2,mvnorm,lognormal,True,0.00010940610949222765
0.0,0.2,mvnorm,lognormal,True,0.036744429651253845
0.0,0.2,mvnorm,lognormal,True,0.0352456810556158
0.0,0.2,mvnorm,lognormal,True,0.9555903552388613
0.0,0.2,mvnorm,lognormal,True,0.05175901953709447
0.0,0.2,mvnorm,lognormal,True,0.012127015510446267
0.0,0.2,mvnorm,lognormal,True,0.2595416446714349
0.0,0.2,mvnorm,lognormal,True,0.042634728910059885
0.0,0.2,mvnorm,lognormal,True,0.28518101116390915
0.0,0.2,mvnorm,lognormal,True,2.8524870141911544e-05
0.0,0.2,mvnorm,lognormal,True,0.5932079366454439
0.0,0.2,mvnorm,lognormal,True,0.32660329282092837
0.0,0.2,mvnorm,lognormal,True,0.00094630487075851
0.0,0.2,mvnorm,lognormal,True,0.06321474915452094
0.0,0.2,mvnorm,lognormal,True,0.0012133938671941452
0.0,0.2,mvnorm,lognormal,True,3.6035513005912466e-05
0.0,0.2,mvnorm,lognormal,True,0.0009279745987328696
0.0,0.2,mvnorm,lognormal,True,0.029834368518672584
0.0,0.2,mvnorm,lognormal,True,3.1754793463852955e-11
0.0,0.2,mvnorm,lognormal,True,0.617392221642143
0.0,0.2,mvnorm,lognormal,True,2.7043753605561375e-08
0.0,0.2,mvnorm,lognormal,True,0.37378823610408085
0.0,0.2,mvnorm,lognormal,True,0.0006125551565941669
0.0,0.2,mvnorm,lognormal,True,0.22687682323102476
0.0,0.2,mvnorm,lognormal,True,0.00637568655742969
0.0,0.2,mvnorm,lognormal,True,0.53491185566239
0.0,0.2,mvnorm,lognormal,True,0.7617021548981868
0.0,0.2,mvnorm,lognormal,True,0.5347243726635204
0.0,0.2,mvnorm,lognormal,True,0.06370542636547877
0.0,0.2,mvnorm,lognormal,True,0.13737289118858156
0.0,0.2,mvnorm,lognormal,True,0.31893674191877974
0.0,0.2,mvnorm,lognormal,True,0.0005652675595238611
0.0,0.2,mvnorm,lognormal,True,0.7377596194203115
0.0,0.2,mvnorm,lognormal,True,0.021833636070119348
0.0,0.2,mvnorm,lognormal,True,0.08668860536678898
0.0,0.2,mvnorm,lognormal,True,0.24181974302792908
0.0,0.2,mvnorm,lognormal,True,0.009398560926120519
0.0,0.2,mvnorm,lognormal,True,1.3838729516677553e-05
0.0,0.2,mvnorm,lognormal,True,0.18750675095480046
