tau,rho,est,dist,obs_conf,pvals
0.15,0.2,lognorm,lognormal,True,0.332078306235694
0.15,0.2,lognorm,lognormal,True,0.47093882510487617
0.15,0.2,lognorm,lognormal,True,0.01207925623496716
0.15,0.2,lognorm,lognormal,True,0.4644715864997052
0.15,0.2,lognorm,lognormal,True,4.4422695480330754e-09
0.15,0.2,lognorm,lognormal,True,0.6067514454836482
0.15,0.2,lognorm,lognormal,True,0.0035950186401564567
0.15,0.2,lognorm,lognormal,True,3.0863249295483197e-10
0.15,0.2,lognorm,lognormal,True,0.3380052820910314
0.15,0.2,lognorm,lognormal,True,0.0948276283611151
0.15,0.2,lognorm,lognormal,True,1.1159342826638738e-10
0.15,0.2,lognorm,lognormal,True,9.188044129443032e-09
0.15,0.2,lognorm,lognormal,True,0.03513714096324024
0.15,0.2,lognorm,lognormal,True,3.028840016115611e-09
0.15,0.2,lognorm,lognormal,True,0.0007722105200343608
0.15,0.2,lognorm,lognormal,True,9.17021169721252e-10
0.15,0.2,lognorm,lognormal,True,7.520663738509406e-33
0.15,0.2,lognorm,lognormal,True,0.07564314221769163
0.15,0.2,lognorm,lognormal,True,0.0001320322143680352
0.15,0.2,lognorm,lognormal,True,0.000239531785953429
0.15,0.2,lognorm,lognormal,True,1.1436492799560808e-22
0.15,0.2,lognorm,lognormal,True,0.013656056994689773
0.15,0.2,lognorm,lognormal,True,0.06469982198152971
0.15,0.2,lognorm,lognormal,True,0.6928684729427379
0.15,0.2,lognorm,lognormal,True,0.32839053593744366
0.15,0.2,lognorm,lognormal,True,4.0541593712134e-15
0.15,0.2,lognorm,lognormal,True,5.187999083496739e-11
0.15,0.2,lognorm,lognormal,True,1.0476307253222288e-22
0.15,0.2,lognorm,lognormal,True,3.999185214417759e-31
0.15,0.2,lognorm,lognormal,True,2.508744992750971e-09
0.15,0.2,lognorm,lognormal,True,0.7851327796935671
0.15,0.2,lognorm,lognormal,True,1.3547834520385325e-07
0.15,0.2,lognorm,lognormal,True,0.8549727952621942
0.15,0.2,lognorm,lognormal,True,3.2537877788060626e-09
0.15,0.2,lognorm,lognormal,True,0.00883357512292323
0.15,0.2,lognorm,lognormal,True,0.35327140302098037
0.15,0.2,lognorm,lognormal,True,2.473833731751527e-06
0.15,0.2,lognorm,lognormal,True,9.114339497741691e-08
0.15,0.2,lognorm,lognormal,True,1.565317917869455e-08
0.15,0.2,lognorm,lognormal,True,0.007160893276501766
0.15,0.2,lognorm,lognormal,True,0.00011008598652645496
0.15,0.2,lognorm,lognormal,True,0.0015074128913006397
0.15,0.2,lognorm,lognormal,True,0.0053008730134467535
0.15,0.2,lognorm,lognormal,True,5.456979761350053e-19
0.15,0.2,lognorm,lognormal,True,0.28230404332479286
0.15,0.2,lognorm,lognormal,True,5.781328648047743e-09
0.15,0.2,lognorm,lognormal,True,1.8438444068850916e-17
0.15,0.2,lognorm,lognormal,True,0.0005560093868541251
0.15,0.2,lognorm,lognormal,True,0.00024189828460454137
0.15,0.2,lognorm,lognormal,True,0.00023570069880964867
0.15,0.2,lognorm,lognormal,True,0.0003610119063745773
0.15,0.2,lognorm,lognormal,True,1.7121782312170304e-20
0.15,0.2,lognorm,lognormal,True,7.491672526659143e-27
0.15,0.2,lognorm,lognormal,True,0.011834335429942602
0.15,0.2,lognorm,lognormal,True,0.5651854612648104
0.15,0.2,lognorm,lognormal,True,8.046448695523056e-18
0.15,0.2,lognorm,lognormal,True,4.536662947638307e-08
0.15,0.2,lognorm,lognormal,True,3.89257959231549e-06
0.15,0.2,lognorm,lognormal,True,0.0001743686554249369
0.15,0.2,lognorm,lognormal,True,0.004265289559076894
0.15,0.2,lognorm,lognormal,True,1.4286990036252588e-08
0.15,0.2,lognorm,lognormal,True,0.20707418126753158
0.15,0.2,lognorm,lognormal,True,0.01163168456970825
0.15,0.2,lognorm,lognormal,True,8.832627896015856e-07
0.15,0.2,lognorm,lognormal,True,3.397907777588609e-08
0.15,0.2,lognorm,lognormal,True,0.8098629648257479
0.15,0.2,lognorm,lognormal,True,0.21007007270639688
0.15,0.2,lognorm,lognormal,True,0.0031231001830633854
0.15,0.2,lognorm,lognormal,True,0.0007781033451287803
0.15,0.2,lognorm,lognormal,True,0.2754543343064265
0.15,0.2,lognorm,lognormal,True,5.4248187654427894e-09
0.15,0.2,lognorm,lognormal,True,0.617498827264233
0.15,0.2,lognorm,lognormal,True,0.02866354424438477
0.15,0.2,lognorm,lognormal,True,6.8401330633119775e-12
0.15,0.2,lognorm,lognormal,True,6.640347512510075e-12
0.15,0.2,lognorm,lognormal,True,0.0003915786629491649
0.15,0.2,lognorm,lognormal,True,4.428052248959589e-05
0.15,0.2,lognorm,lognormal,True,6.425935264361211e-06
0.15,0.2,lognorm,lognormal,True,0.708750816848462
0.15,0.2,lognorm,lognormal,True,0.07643946932378846
0.15,0.2,lognorm,lognormal,True,0.955557752632437
0.15,0.2,lognorm,lognormal,True,4.866679733058046e-07
0.15,0.2,lognorm,lognormal,True,0.0017205644068085104
0.15,0.2,lognorm,lognormal,True,2.5792266248554593e-14
0.15,0.2,lognorm,lognormal,True,0.00021931155035145346
0.15,0.2,lognorm,lognormal,True,4.373119751861329e-05
0.15,0.2,lognorm,lognormal,True,6.989407805137502e-10
0.15,0.2,lognorm,lognormal,True,2.9127777917466688e-08
0.15,0.2,lognorm,lognormal,True,0.22018158075550945
0.15,0.2,lognorm,lognormal,True,0.02602815613264847
0.15,0.2,lognorm,lognormal,True,0.0386983831341204
0.15,0.2,lognorm,lognormal,True,0.43951817368137736
0.15,0.2,lognorm,lognormal,True,0.000358091379211423
0.15,0.2,lognorm,lognormal,True,0.6922382782587884
0.15,0.2,lognorm,lognormal,True,0.008508663852390538
0.15,0.2,lognorm,lognormal,True,9.28162323777761e-08
0.15,0.2,lognorm,lognormal,True,0.6115323960165635
0.15,0.2,lognorm,lognormal,True,2.1816537083715263e-05
0.15,0.2,lognorm,lognormal,True,0.0016452987805456864
0.15,0.2,lognorm,lognormal,True,6.87930304053243e-05
