tau,rho,est,dist,obs_conf,pvals
0.09,0.4,lognorm,lognormal,True,6.416905571951149e-08
0.09,0.4,lognorm,lognormal,True,0.025539720119616898
0.09,0.4,lognorm,lognormal,True,0.2930506207118134
0.09,0.4,lognorm,lognormal,True,1.5320760752979172e-05
0.09,0.4,lognorm,lognormal,True,1.9427532688979055e-09
0.09,0.4,lognorm,lognormal,True,0.974284719824382
0.09,0.4,lognorm,lognormal,True,0.00014310051357262858
0.09,0.4,lognorm,lognormal,True,1.8765974418650085e-10
0.09,0.4,lognorm,lognormal,True,0.10530257543382754
0.09,0.4,lognorm,lognormal,True,0.6637343127337514
0.09,0.4,lognorm,lognormal,True,1.2178500341688414e-11
0.09,0.4,lognorm,lognormal,True,1.4876820737399593e-05
0.09,0.4,lognorm,lognormal,True,0.4710998404906185
0.09,0.4,lognorm,lognormal,True,3.612109439600445e-12
0.09,0.4,lognorm,lognormal,True,0.4615854962041671
0.09,0.4,lognorm,lognormal,True,3.632048443582468e-10
0.09,0.4,lognorm,lognormal,True,4.889836636901608e-48
0.09,0.4,lognorm,lognormal,True,5.1757776941544784e-05
0.09,0.4,lognorm,lognormal,True,0.003496682099447226
0.09,0.4,lognorm,lognormal,True,1.3161006034868847e-06
0.09,0.4,lognorm,lognormal,True,2.719299859304933e-25
0.09,0.4,lognorm,lognormal,True,4.5582942605227735e-09
0.09,0.4,lognorm,lognormal,True,1.7154631078793978e-05
0.09,0.4,lognorm,lognormal,True,0.465985217017983
0.09,0.4,lognorm,lognormal,True,0.3694563893694581
0.09,0.4,lognorm,lognormal,True,1.3165652237094711e-14
0.09,0.4,lognorm,lognormal,True,1.747289197999424e-10
0.09,0.4,lognorm,lognormal,True,2.0480445261531483e-31
0.09,0.4,lognorm,lognormal,True,1.2530189466919008e-40
0.09,0.4,lognorm,lognormal,True,6.35823122726014e-12
0.09,0.4,lognorm,lognormal,True,0.008304926704789897
0.09,0.4,lognorm,lognormal,True,5.96758084683957e-15
0.09,0.4,lognorm,lognormal,True,0.001245236017875434
0.09,0.4,lognorm,lognormal,True,3.851790019985838e-12
0.09,0.4,lognorm,lognormal,True,0.07014024730241825
0.09,0.4,lognorm,lognormal,True,0.013244084456062826
0.09,0.4,lognorm,lognormal,True,5.989479114151291e-05
0.09,0.4,lognorm,lognormal,True,1.0152461583500427e-08
0.09,0.4,lognorm,lognormal,True,9.45961649355166e-09
0.09,0.4,lognorm,lognormal,True,0.003178751989022484
0.09,0.4,lognorm,lognormal,True,0.03720372053870281
0.09,0.4,lognorm,lognormal,True,1.32805842597492e-09
0.09,0.4,lognorm,lognormal,True,0.2768430016062633
0.09,0.4,lognorm,lognormal,True,6.668900958848314e-30
0.09,0.4,lognorm,lognormal,True,0.0012262782856611197
0.09,0.4,lognorm,lognormal,True,1.7801308086537214e-10
0.09,0.4,lognorm,lognormal,True,2.9265480206989113e-32
0.09,0.4,lognorm,lognormal,True,0.23638384277516045
0.09,0.4,lognorm,lognormal,True,0.00040400361745441323
0.09,0.4,lognorm,lognormal,True,0.010335055169392314
0.09,0.4,lognorm,lognormal,True,2.0445135195857277e-14
0.09,0.4,lognorm,lognormal,True,1.2690346261802802e-30
0.09,0.4,lognorm,lognormal,True,1.791646112229055e-41
0.09,0.4,lognorm,lognormal,True,1.4400106499758222e-17
0.09,0.4,lognorm,lognormal,True,0.011945945934696276
0.09,0.4,lognorm,lognormal,True,2.078549791881578e-35
0.09,0.4,lognorm,lognormal,True,1.7444591064369884e-05
0.09,0.4,lognorm,lognormal,True,0.35063043967753327
0.09,0.4,lognorm,lognormal,True,0.08766534823356582
0.09,0.4,lognorm,lognormal,True,0.9569265667747695
0.09,0.4,lognorm,lognormal,True,1.0588609452426487e-06
0.09,0.4,lognorm,lognormal,True,0.4310096262694798
0.09,0.4,lognorm,lognormal,True,2.6144188653469075e-06
0.09,0.4,lognorm,lognormal,True,8.052212263194725e-05
0.09,0.4,lognorm,lognormal,True,3.6555200863773468e-09
0.09,0.4,lognorm,lognormal,True,0.005536900089263712
0.09,0.4,lognorm,lognormal,True,0.4491143749254102
0.09,0.4,lognorm,lognormal,True,0.04388429411000002
0.09,0.4,lognorm,lognormal,True,1.8638701560820136e-05
0.09,0.4,lognorm,lognormal,True,0.030475369878885827
0.09,0.4,lognorm,lognormal,True,0.008643060354169766
0.09,0.4,lognorm,lognormal,True,0.01585089945136741
0.09,0.4,lognorm,lognormal,True,0.0004631467615163055
0.09,0.4,lognorm,lognormal,True,6.369475350332155e-11
0.09,0.4,lognorm,lognormal,True,2.111962416234028e-09
0.09,0.4,lognorm,lognormal,True,0.01219630472153475
0.09,0.4,lognorm,lognormal,True,0.04040025142189106
0.09,0.4,lognorm,lognormal,True,0.000335231099666926
0.09,0.4,lognorm,lognormal,True,0.061124925640214454
0.09,0.4,lognorm,lognormal,True,0.9898919022939113
0.09,0.4,lognorm,lognormal,True,0.2408672835853144
0.09,0.4,lognorm,lognormal,True,5.760245369954527e-06
0.09,0.4,lognorm,lognormal,True,8.097645560917545e-05
0.09,0.4,lognorm,lognormal,True,2.599255964011245e-17
0.09,0.4,lognorm,lognormal,True,0.06143108999615129
0.09,0.4,lognorm,lognormal,True,0.0019225693612808371
0.09,0.4,lognorm,lognormal,True,3.949961457891605e-10
0.09,0.4,lognorm,lognormal,True,2.4889888374465475e-08
0.09,0.4,lognorm,lognormal,True,0.07514816014542951
0.09,0.4,lognorm,lognormal,True,0.0025900912228750124
0.09,0.4,lognorm,lognormal,True,0.22457680508700828
0.09,0.4,lognorm,lognormal,True,0.0018275944061951989
0.09,0.4,lognorm,lognormal,True,0.11191341326401796
0.09,0.4,lognorm,lognormal,True,0.00011084019301226575
0.09,0.4,lognorm,lognormal,True,9.521385135670103e-14
0.09,0.4,lognorm,lognormal,True,1.085996598260153e-21
0.09,0.4,lognorm,lognormal,True,0.0661923132611229
0.09,0.4,lognorm,lognormal,True,1.7282488486289408e-05
0.09,0.4,lognorm,lognormal,True,0.001023940381271855
0.09,0.4,lognorm,lognormal,True,0.2241060142224258
