tau,rho,est,dist,obs_conf,pvals
0.0,0.0,lognorm,lognormal,True,0.6621020213925526
0.0,0.0,lognorm,lognormal,True,0.4624690008683947
0.0,0.0,lognorm,lognormal,True,0.2141862916821746
0.0,0.0,lognorm,lognormal,True,0.014511753443978807
0.0,0.0,lognorm,lognormal,True,0.19370741367524247
0.0,0.0,lognorm,lognormal,True,0.05340851288628714
0.0,0.0,lognorm,lognormal,True,0.00037576459674190595
0.0,0.0,lognorm,lognormal,True,0.891876208993396
0.0,0.0,lognorm,lognormal,True,0.49735763601746874
0.0,0.0,lognorm,lognormal,True,0.5369842022366331
0.0,0.0,lognorm,lognormal,True,0.1822420741972278
0.0,0.0,lognorm,lognormal,True,0.0027322227325358136
0.0,0.0,lognorm,lognormal,True,0.4818045544422691
0.0,0.0,lognorm,lognormal,True,0.24113374428215323
0.0,0.0,lognorm,lognormal,True,0.4534523219535427
0.0,0.0,lognorm,lognormal,True,0.2432852024953242
0.0,0.0,lognorm,lognormal,True,0.31962353457030784
0.0,0.0,lognorm,lognormal,True,0.411721030737609
0.0,0.0,lognorm,lognormal,True,0.8900139469711738
0.0,0.0,lognorm,lognormal,True,0.15910662771719974
0.0,0.0,lognorm,lognormal,True,0.15040466817493428
0.0,0.0,lognorm,lognormal,True,0.5298825443815424
0.0,0.0,lognorm,lognormal,True,0.7599307784592827
0.0,0.0,lognorm,lognormal,True,0.0043048672206105
0.0,0.0,lognorm,lognormal,True,0.5191932951481841
0.0,0.0,lognorm,lognormal,True,0.014218789614742131
0.0,0.0,lognorm,lognormal,True,0.08014730228721721
0.0,0.0,lognorm,lognormal,True,0.8367026213199562
0.0,0.0,lognorm,lognormal,True,9.191116997124835e-05
0.0,0.0,lognorm,lognormal,True,0.45060462740907936
0.0,0.0,lognorm,lognormal,True,0.0010959293345387628
0.0,0.0,lognorm,lognormal,True,0.5486704498124402
0.0,0.0,lognorm,lognormal,True,0.6704050735987437
0.0,0.0,lognorm,lognormal,True,0.5477564425370831
0.0,0.0,lognorm,lognormal,True,0.5066789438019983
0.0,0.0,lognorm,lognormal,True,0.007261905894698013
0.0,0.0,lognorm,lognormal,True,0.21201153744780174
0.0,0.0,lognorm,lognormal,True,0.7583257995467794
0.0,0.0,lognorm,lognormal,True,0.6571939705235552
0.0,0.0,lognorm,lognormal,True,0.3407372202734653
0.0,0.0,lognorm,lognormal,True,0.10068731725438462
0.0,0.0,lognorm,lognormal,True,0.011117888491851082
0.0,0.0,lognorm,lognormal,True,0.9454420554715163
0.0,0.0,lognorm,lognormal,True,0.013419788496520809
0.0,0.0,lognorm,lognormal,True,0.00012655112981719413
0.0,0.0,lognorm,lognormal,True,0.16596233057119342
0.0,0.0,lognorm,lognormal,True,0.3688597943655516
0.0,0.0,lognorm,lognormal,True,0.8439264494929073
0.0,0.0,lognorm,lognormal,True,0.13368931247651322
0.0,0.0,lognorm,lognormal,True,0.0767145428766317
0.0,0.0,lognorm,lognormal,True,0.8049836741614532
0.0,0.0,lognorm,lognormal,True,0.0088878293362335
0.0,0.0,lognorm,lognormal,True,0.36445367497807235
0.0,0.0,lognorm,lognormal,True,0.5232961031027502
0.0,0.0,lognorm,lognormal,True,0.5967023162043749
0.0,0.0,lognorm,lognormal,True,0.4810760510665314
0.0,0.0,lognorm,lognormal,True,0.09163689055700404
0.0,0.0,lognorm,lognormal,True,0.16564602245166601
0.0,0.0,lognorm,lognormal,True,0.7600177465091281
0.0,0.0,lognorm,lognormal,True,0.29109720649894333
0.0,0.0,lognorm,lognormal,True,0.3046370845885802
0.0,0.0,lognorm,lognormal,True,0.49371967684555906
0.0,0.0,lognorm,lognormal,True,0.002889538155956489
0.0,0.0,lognorm,lognormal,True,0.00311573252040552
0.0,0.0,lognorm,lognormal,True,0.674184550763566
0.0,0.0,lognorm,lognormal,True,0.726625211104678
0.0,0.0,lognorm,lognormal,True,0.16181526844970828
0.0,0.0,lognorm,lognormal,True,0.8166528788446484
0.0,0.0,lognorm,lognormal,True,0.8436809870775945
0.0,0.0,lognorm,lognormal,True,0.0018735828519670596
0.0,0.0,lognorm,lognormal,True,1.563327416034552e-05
0.0,0.0,lognorm,lognormal,True,0.013521271332174595
0.0,0.0,lognorm,lognormal,True,2.4429401720721537e-05
0.0,0.0,lognorm,lognormal,True,0.00019336550799737223
0.0,0.0,lognorm,lognormal,True,0.06397140460768988
0.0,0.0,lognorm,lognormal,True,0.020806169846636354
0.0,0.0,lognorm,lognormal,True,0.917497407277826
0.0,0.0,lognorm,lognormal,True,0.1834604099460343
0.0,0.0,lognorm,lognormal,True,0.00821880800495527
0.0,0.0,lognorm,lognormal,True,0.007625037604298442
0.0,0.0,lognorm,lognormal,True,0.15223540242165612
0.0,0.0,lognorm,lognormal,True,0.16503885200169838
0.0,0.0,lognorm,lognormal,True,0.21849230117107005
0.0,0.0,lognorm,lognormal,True,0.17820534193771276
0.0,0.0,lognorm,lognormal,True,0.014559135389987213
0.0,0.0,lognorm,lognormal,True,0.020188880923719805
0.0,0.0,lognorm,lognormal,True,0.10845349680453513
0.0,0.0,lognorm,lognormal,True,0.46049236353857426
0.0,0.0,lognorm,lognormal,True,0.19762483416634802
0.0,0.0,lognorm,lognormal,True,0.12069400177371602
0.0,0.0,lognorm,lognormal,True,0.010381225961485205
0.0,0.0,lognorm,lognormal,True,0.29800188245044845
0.0,0.0,lognorm,lognormal,True,0.8390117212233896
0.0,0.0,lognorm,lognormal,True,0.564768134967939
0.0,0.0,lognorm,lognormal,True,0.14938703178796467
0.0,0.0,lognorm,lognormal,True,0.5670397720321414
0.0,0.0,lognorm,lognormal,True,0.026574073038582422
0.0,0.0,lognorm,lognormal,True,0.4792217086357249
0.0,0.0,lognorm,lognormal,True,0.04013414592319522
0.0,0.0,lognorm,lognormal,True,0.8931109602814182
