tau,rho,est,dist,obs_conf,pvals
0.12,0.0,lognorm,lognormal,True,0.16554759425202353
0.12,0.0,lognorm,lognormal,True,0.00026047166151721727
0.12,0.0,lognorm,lognormal,True,0.058093034021737884
0.12,0.0,lognorm,lognormal,True,0.7067621627088135
0.12,0.0,lognorm,lognormal,True,6.320987507623299e-05
0.12,0.0,lognorm,lognormal,True,0.9865762728999619
0.12,0.0,lognorm,lognormal,True,4.996847347006816e-09
0.12,0.0,lognorm,lognormal,True,0.003896010236893099
0.12,0.0,lognorm,lognormal,True,0.029562188751427108
0.12,0.0,lognorm,lognormal,True,0.03578855464226182
0.12,0.0,lognorm,lognormal,True,0.045000254337803386
0.12,0.0,lognorm,lognormal,True,1.3097141586771785e-07
0.12,0.0,lognorm,lognormal,True,0.023502851517220896
0.12,0.0,lognorm,lognormal,True,0.00021105199972792075
0.12,0.0,lognorm,lognormal,True,0.0004309081374078893
0.12,0.0,lognorm,lognormal,True,0.00028011639209764527
0.12,0.0,lognorm,lognormal,True,1.4840753186658531e-05
0.12,0.0,lognorm,lognormal,True,0.06959856304535206
0.12,0.0,lognorm,lognormal,True,0.023809156600272007
0.12,0.0,lognorm,lognormal,True,0.25818342468666877
0.12,0.0,lognorm,lognormal,True,2.3646985614337826e-05
0.12,0.0,lognorm,lognormal,True,0.044232528206573286
0.12,0.0,lognorm,lognormal,True,0.036214715933776336
0.12,0.0,lognorm,lognormal,True,0.6031443522421114
0.12,0.0,lognorm,lognormal,True,0.05728610107991475
0.12,0.0,lognorm,lognormal,True,4.81279450163194e-07
0.12,0.0,lognorm,lognormal,True,6.740688882440604e-05
0.12,0.0,lognorm,lognormal,True,0.006581651420779323
0.12,0.0,lognorm,lognormal,True,3.56343088398347e-11
0.12,0.0,lognorm,lognormal,True,0.11136985153179764
0.12,0.0,lognorm,lognormal,True,0.5058293420973128
0.12,0.0,lognorm,lognormal,True,0.006627098575973424
0.12,0.0,lognorm,lognormal,True,0.0490997332571198
0.12,0.0,lognorm,lognormal,True,0.08437977536212359
0.12,0.0,lognorm,lognormal,True,0.004536992256868168
0.12,0.0,lognorm,lognormal,True,0.5584064416903551
0.12,0.0,lognorm,lognormal,True,0.0004941583332949723
0.12,0.0,lognorm,lognormal,True,0.03309627814243526
0.12,0.0,lognorm,lognormal,True,0.0897175229716846
0.12,0.0,lognorm,lognormal,True,0.746694643405667
0.12,0.0,lognorm,lognormal,True,3.5561963420664578e-06
0.12,0.0,lognorm,lognormal,True,0.9546582121396572
0.12,0.0,lognorm,lognormal,True,4.4320718957104985e-06
0.12,0.0,lognorm,lognormal,True,1.9956337812151096e-06
0.12,0.0,lognorm,lognormal,True,0.28234536167336277
0.12,0.0,lognorm,lognormal,True,4.35158517939964e-05
0.12,0.0,lognorm,lognormal,True,0.0014533174330191155
0.12,0.0,lognorm,lognormal,True,0.019506901233951688
0.12,0.0,lognorm,lognormal,True,0.7941701677476466
0.12,0.0,lognorm,lognormal,True,3.2791963265408754e-05
0.12,0.0,lognorm,lognormal,True,0.00983222719427893
0.12,0.0,lognorm,lognormal,True,3.2855169399740593e-09
0.12,0.0,lognorm,lognormal,True,0.00033169798470567013
0.12,0.0,lognorm,lognormal,True,0.09322328360659261
0.12,0.0,lognorm,lognormal,True,0.0010137602230393524
0.12,0.0,lognorm,lognormal,True,0.05534698280848459
0.12,0.0,lognorm,lognormal,True,1.825230425657943e-05
0.12,0.0,lognorm,lognormal,True,0.00012116107097759055
0.12,0.0,lognorm,lognormal,True,0.03395474042469959
0.12,0.0,lognorm,lognormal,True,0.0005495683989832085
0.12,0.0,lognorm,lognormal,True,2.105440746265449e-05
0.12,0.0,lognorm,lognormal,True,0.08746746404493888
0.12,0.0,lognorm,lognormal,True,0.4207022457246897
0.12,0.0,lognorm,lognormal,True,5.499904244705162e-07
0.12,0.0,lognorm,lognormal,True,0.004390021433617942
0.12,0.0,lognorm,lognormal,True,0.01023649155642005
0.12,0.0,lognorm,lognormal,True,0.4267181629626634
0.12,0.0,lognorm,lognormal,True,0.14572611660048873
0.12,0.0,lognorm,lognormal,True,0.0033371302737707645
0.12,0.0,lognorm,lognormal,True,0.29512240845742477
0.12,0.0,lognorm,lognormal,True,4.550524372486752e-10
0.12,0.0,lognorm,lognormal,True,0.9139310459285401
0.12,0.0,lognorm,lognormal,True,0.023365598060791026
0.12,0.0,lognorm,lognormal,True,3.8588067428168843e-10
0.12,0.0,lognorm,lognormal,True,9.636397423243287e-06
0.12,0.0,lognorm,lognormal,True,0.347355633482778
0.12,0.0,lognorm,lognormal,True,0.0024179419075802187
0.12,0.0,lognorm,lognormal,True,0.0004560983633087941
0.12,0.0,lognorm,lognormal,True,0.9883327545944871
0.12,0.0,lognorm,lognormal,True,0.731998666548044
0.12,0.0,lognorm,lognormal,True,0.6732494236071542
0.12,0.0,lognorm,lognormal,True,0.2582268432229166
0.12,0.0,lognorm,lognormal,True,0.31923782471826284
0.12,0.0,lognorm,lognormal,True,0.00012790711730929937
0.12,0.0,lognorm,lognormal,True,2.2974778948881133e-07
0.12,0.0,lognorm,lognormal,True,1.6268420967916042e-06
0.12,0.0,lognorm,lognormal,True,0.26930676405658693
0.12,0.0,lognorm,lognormal,True,0.14521207212541412
0.12,0.0,lognorm,lognormal,True,0.0003950297381659601
0.12,0.0,lognorm,lognormal,True,0.3778528464523162
0.12,0.0,lognorm,lognormal,True,3.9597364675822314e-08
0.12,0.0,lognorm,lognormal,True,0.1664333665435424
0.12,0.0,lognorm,lognormal,True,0.009373988911889343
0.12,0.0,lognorm,lognormal,True,0.05689209023488095
0.12,0.0,lognorm,lognormal,True,4.697176622451501e-05
0.12,0.0,lognorm,lognormal,True,0.13879043623608764
0.12,0.0,lognorm,lognormal,True,0.9558871114231962
0.12,0.0,lognorm,lognormal,True,0.002776147572933167
0.12,0.0,lognorm,lognormal,True,0.6784328176705869
0.12,0.0,lognorm,lognormal,True,0.011500402045344211
