tau,rho,est,dist,obs_conf,pvals
0.03,0.2,mvnorm,lognormal,True,0.8436232954699731
0.03,0.2,mvnorm,lognormal,True,0.301465229038002
0.03,0.2,mvnorm,lognormal,True,0.42303329289485647
0.03,0.2,mvnorm,lognormal,True,2.2793154563075358e-05
0.03,0.2,mvnorm,lognormal,True,0.00103484424534113
0.03,0.2,mvnorm,lognormal,True,0.671979051567989
0.03,0.2,mvnorm,lognormal,True,0.5380385644336618
0.03,0.2,mvnorm,lognormal,True,3.850767225627631e-06
0.03,0.2,mvnorm,lognormal,True,2.6357232760315232e-05
0.03,0.2,mvnorm,lognormal,True,1.3792394363465592e-07
0.03,0.2,mvnorm,lognormal,True,0.025295209110623853
0.03,0.2,mvnorm,lognormal,True,0.049889063783841635
0.03,0.2,mvnorm,lognormal,True,0.33609119997196124
0.03,0.2,mvnorm,lognormal,True,0.724627740484758
0.03,0.2,mvnorm,lognormal,True,0.37235932331305877
0.03,0.2,mvnorm,lognormal,True,0.14858527857165763
0.03,0.2,mvnorm,lognormal,True,0.5886535141519859
0.03,0.2,mvnorm,lognormal,True,0.9629043819717584
0.03,0.2,mvnorm,lognormal,True,0.48952104253250683
0.03,0.2,mvnorm,lognormal,True,1.7333509398068662e-12
0.03,0.2,mvnorm,lognormal,True,0.06424606681820277
0.03,0.2,mvnorm,lognormal,True,0.07645710680868112
0.03,0.2,mvnorm,lognormal,True,0.0025660958014966464
0.03,0.2,mvnorm,lognormal,True,0.18674464669828575
0.03,0.2,mvnorm,lognormal,True,0.9250995203733523
0.03,0.2,mvnorm,lognormal,True,0.40391112482170566
0.03,0.2,mvnorm,lognormal,True,0.9829749184482393
0.03,0.2,mvnorm,lognormal,True,0.001627606535148392
0.03,0.2,mvnorm,lognormal,True,0.18076212340064562
0.03,0.2,mvnorm,lognormal,True,0.9443991017502905
0.03,0.2,mvnorm,lognormal,True,7.442151364595231e-08
0.03,0.2,mvnorm,lognormal,True,7.929966491127875e-05
0.03,0.2,mvnorm,lognormal,True,2.6890370112046674e-05
0.03,0.2,mvnorm,lognormal,True,0.9170445561227518
0.03,0.2,mvnorm,lognormal,True,0.18130851202759868
0.03,0.2,mvnorm,lognormal,True,0.9232443122637256
0.03,0.2,mvnorm,lognormal,True,0.7532800567978865
0.03,0.2,mvnorm,lognormal,True,0.5205813798994502
0.03,0.2,mvnorm,lognormal,True,0.4071013871648933
0.03,0.2,mvnorm,lognormal,True,0.02444540760578984
0.03,0.2,mvnorm,lognormal,True,0.08080269024044634
0.03,0.2,mvnorm,lognormal,True,0.5754850053183371
0.03,0.2,mvnorm,lognormal,True,1.4522278544326884e-08
0.03,0.2,mvnorm,lognormal,True,0.45501107959003073
0.03,0.2,mvnorm,lognormal,True,0.0009469818051698534
0.03,0.2,mvnorm,lognormal,True,0.03395329395250808
0.03,0.2,mvnorm,lognormal,True,0.0007825303313967289
0.03,0.2,mvnorm,lognormal,True,0.1594408356932639
0.03,0.2,mvnorm,lognormal,True,0.24665222804295436
0.03,0.2,mvnorm,lognormal,True,0.9057407551365547
0.03,0.2,mvnorm,lognormal,True,0.0010067543849148653
0.03,0.2,mvnorm,lognormal,True,0.17129998080579176
0.03,0.2,mvnorm,lognormal,True,0.0008328718434574864
0.03,0.2,mvnorm,lognormal,True,0.0002539064730007501
0.03,0.2,mvnorm,lognormal,True,1.3700190093157982e-08
0.03,0.2,mvnorm,lognormal,True,0.6251926943249018
0.03,0.2,mvnorm,lognormal,True,0.20203180948719168
0.03,0.2,mvnorm,lognormal,True,0.5806833988704556
0.03,0.2,mvnorm,lognormal,True,0.05089484095111668
0.03,0.2,mvnorm,lognormal,True,5.45149360753598e-05
0.03,0.2,mvnorm,lognormal,True,0.0026060644509278154
0.03,0.2,mvnorm,lognormal,True,1.0167857093510165e-06
0.03,0.2,mvnorm,lognormal,True,0.1810476245178726
0.03,0.2,mvnorm,lognormal,True,0.3829787472721832
0.03,0.2,mvnorm,lognormal,True,0.04992306571350548
0.03,0.2,mvnorm,lognormal,True,0.009524271986112626
0.03,0.2,mvnorm,lognormal,True,0.12755792996953502
0.03,0.2,mvnorm,lognormal,True,0.1291615080647743
0.03,0.2,mvnorm,lognormal,True,0.262357998934984
0.03,0.2,mvnorm,lognormal,True,0.2585168042592264
0.03,0.2,mvnorm,lognormal,True,8.527062720038516e-05
0.03,0.2,mvnorm,lognormal,True,0.31440473418238557
0.03,0.2,mvnorm,lognormal,True,0.6180285190584858
0.03,0.2,mvnorm,lognormal,True,1.351454748612532e-05
0.03,0.2,mvnorm,lognormal,True,0.23582347782755136
0.03,0.2,mvnorm,lognormal,True,0.0005000581340726619
0.03,0.2,mvnorm,lognormal,True,5.560712162400807e-06
0.03,0.2,mvnorm,lognormal,True,9.807256635414287e-05
0.03,0.2,mvnorm,lognormal,True,0.19822096749100915
0.03,0.2,mvnorm,lognormal,True,2.885094663154915e-10
0.03,0.2,mvnorm,lognormal,True,0.45089032730202205
0.03,0.2,mvnorm,lognormal,True,2.8584161721213623e-06
0.03,0.2,mvnorm,lognormal,True,0.5593861607331965
0.03,0.2,mvnorm,lognormal,True,0.004638648764680432
0.03,0.2,mvnorm,lognormal,True,0.9962201727117496
0.03,0.2,mvnorm,lognormal,True,0.03389385240877986
0.03,0.2,mvnorm,lognormal,True,0.15017205849600718
0.03,0.2,mvnorm,lognormal,True,0.9950989878933522
0.03,0.2,mvnorm,lognormal,True,0.9000455242061418
0.03,0.2,mvnorm,lognormal,True,0.4690466489948808
0.03,0.2,mvnorm,lognormal,True,0.5033086189770528
0.03,0.2,mvnorm,lognormal,True,0.08217603931975705
0.03,0.2,mvnorm,lognormal,True,7.245423542681336e-05
0.03,0.2,mvnorm,lognormal,True,0.4851660771680031
0.03,0.2,mvnorm,lognormal,True,0.0055343931671825546
0.03,0.2,mvnorm,lognormal,True,0.02779442520313362
0.03,0.2,mvnorm,lognormal,True,0.0550243005506134
0.03,0.2,mvnorm,lognormal,True,0.00981065533845525
0.03,0.2,mvnorm,lognormal,True,0.00021297523533576033
0.03,0.2,mvnorm,lognormal,True,0.14478331566606645
