tau,rho,est,dist,obs_conf,pvals
0.03,0.4,mvnorm,lognormal,True,0.2626605128890998
0.03,0.4,mvnorm,lognormal,True,0.5765564001080097
0.03,0.4,mvnorm,lognormal,True,0.005413450033360721
0.03,0.4,mvnorm,lognormal,True,2.614525007512391e-05
0.03,0.4,mvnorm,lognormal,True,0.773913445266199
0.03,0.4,mvnorm,lognormal,True,0.014536436806724552
0.03,0.4,mvnorm,lognormal,True,0.37447346626404665
0.03,0.4,mvnorm,lognormal,True,5.611666705361181e-07
0.03,0.4,mvnorm,lognormal,True,0.0015373315601787077
0.03,0.4,mvnorm,lognormal,True,4.629605554886176e-13
0.03,0.4,mvnorm,lognormal,True,0.02946090077486615
0.03,0.4,mvnorm,lognormal,True,0.006250006254846685
0.03,0.4,mvnorm,lognormal,True,0.262813638670781
0.03,0.4,mvnorm,lognormal,True,0.1958022474823938
0.03,0.4,mvnorm,lognormal,True,0.21911284151512242
0.03,0.4,mvnorm,lognormal,True,0.7759441721434008
0.03,0.4,mvnorm,lognormal,True,0.053435947849913505
0.03,0.4,mvnorm,lognormal,True,4.735007225966433e-05
0.03,0.4,mvnorm,lognormal,True,0.5155361490704627
0.03,0.4,mvnorm,lognormal,True,1.9329752244321225e-22
0.03,0.4,mvnorm,lognormal,True,0.429516575825414
0.03,0.4,mvnorm,lognormal,True,0.26763153837040254
0.03,0.4,mvnorm,lognormal,True,1.4357904074167721e-11
0.03,0.4,mvnorm,lognormal,True,0.5720929993297217
0.03,0.4,mvnorm,lognormal,True,0.05895769309089115
0.03,0.4,mvnorm,lognormal,True,0.865091578914813
0.03,0.4,mvnorm,lognormal,True,0.07746831604882307
0.03,0.4,mvnorm,lognormal,True,1.2627952870215343e-05
0.03,0.4,mvnorm,lognormal,True,7.260752875154565e-06
0.03,0.4,mvnorm,lognormal,True,0.05059887145708697
0.03,0.4,mvnorm,lognormal,True,1.5734304106371601e-07
0.03,0.4,mvnorm,lognormal,True,2.8724247220339447e-10
0.03,0.4,mvnorm,lognormal,True,3.7653591826774484e-06
0.03,0.4,mvnorm,lognormal,True,0.12699457296845118
0.03,0.4,mvnorm,lognormal,True,4.912399769695185e-08
0.03,0.4,mvnorm,lognormal,True,0.21006584587032226
0.03,0.4,mvnorm,lognormal,True,0.37083449119729117
0.03,0.4,mvnorm,lognormal,True,6.160155944294876e-08
0.03,0.4,mvnorm,lognormal,True,0.9902123473980121
0.03,0.4,mvnorm,lognormal,True,0.0006131043496087774
0.03,0.4,mvnorm,lognormal,True,0.8233538125671774
0.03,0.4,mvnorm,lognormal,True,0.46786854878970785
0.03,0.4,mvnorm,lognormal,True,3.1265246657512455e-09
0.03,0.4,mvnorm,lognormal,True,0.42137330615857993
0.03,0.4,mvnorm,lognormal,True,1.9516463612660175e-06
0.03,0.4,mvnorm,lognormal,True,0.03483838616113526
0.03,0.4,mvnorm,lognormal,True,1.35662647920665e-07
0.03,0.4,mvnorm,lognormal,True,0.33172155912539536
0.03,0.4,mvnorm,lognormal,True,0.003866706668225424
0.03,0.4,mvnorm,lognormal,True,0.040585116029089596
0.03,0.4,mvnorm,lognormal,True,0.8521211214381695
0.03,0.4,mvnorm,lognormal,True,0.007900873958955687
0.03,0.4,mvnorm,lognormal,True,0.00016904803344375011
0.03,0.4,mvnorm,lognormal,True,0.002707556563266182
0.03,0.4,mvnorm,lognormal,True,0.8867725073899968
0.03,0.4,mvnorm,lognormal,True,0.2500727570031497
0.03,0.4,mvnorm,lognormal,True,0.05412507046380233
0.03,0.4,mvnorm,lognormal,True,0.19205017946955819
0.03,0.4,mvnorm,lognormal,True,0.1816475603767883
0.03,0.4,mvnorm,lognormal,True,1.0693673261799135e-11
0.03,0.4,mvnorm,lognormal,True,0.22770225379810669
0.03,0.4,mvnorm,lognormal,True,5.51669277825542e-05
0.03,0.4,mvnorm,lognormal,True,0.926929515810507
0.03,0.4,mvnorm,lognormal,True,0.39194135981184597
0.03,0.4,mvnorm,lognormal,True,0.8093155490225827
0.03,0.4,mvnorm,lognormal,True,0.6745310166587819
0.03,0.4,mvnorm,lognormal,True,3.8186913348141133e-05
0.03,0.4,mvnorm,lognormal,True,9.61532017077433e-09
0.03,0.4,mvnorm,lognormal,True,0.00031723357507411045
0.03,0.4,mvnorm,lognormal,True,0.8308241819286459
0.03,0.4,mvnorm,lognormal,True,0.2551809493445013
0.03,0.4,mvnorm,lognormal,True,0.17464376155225503
0.03,0.4,mvnorm,lognormal,True,0.07275215789082629
0.03,0.4,mvnorm,lognormal,True,0.0011095826037378963
0.03,0.4,mvnorm,lognormal,True,0.200572763095546
0.03,0.4,mvnorm,lognormal,True,5.739670627381279e-06
0.03,0.4,mvnorm,lognormal,True,7.314519644931058e-11
0.03,0.4,mvnorm,lognormal,True,3.024254730335017e-10
0.03,0.4,mvnorm,lognormal,True,1.9859420441641837e-05
0.03,0.4,mvnorm,lognormal,True,8.675097998344113e-10
0.03,0.4,mvnorm,lognormal,True,0.0022667450659531073
0.03,0.4,mvnorm,lognormal,True,1.973779311877419e-10
0.03,0.4,mvnorm,lognormal,True,0.451880803495314
0.03,0.4,mvnorm,lognormal,True,0.11825344126867977
0.03,0.4,mvnorm,lognormal,True,0.23297613765254782
0.03,0.4,mvnorm,lognormal,True,0.019925202721032143
0.03,0.4,mvnorm,lognormal,True,0.5077815157100893
0.03,0.4,mvnorm,lognormal,True,0.25691043621373477
0.03,0.4,mvnorm,lognormal,True,3.5386440521941963e-06
0.03,0.4,mvnorm,lognormal,True,0.380254137296382
0.03,0.4,mvnorm,lognormal,True,5.1035702228655755e-08
0.03,0.4,mvnorm,lognormal,True,0.0017589321690072409
0.03,0.4,mvnorm,lognormal,True,0.0013421765344020344
0.03,0.4,mvnorm,lognormal,True,0.06675745025991951
0.03,0.4,mvnorm,lognormal,True,0.0008962646642068738
0.03,0.4,mvnorm,lognormal,True,0.0011859800379018404
0.03,0.4,mvnorm,lognormal,True,1.0668701153252084e-06
0.03,0.4,mvnorm,lognormal,True,0.006554661461861642
0.03,0.4,mvnorm,lognormal,True,2.3533842745598686e-06
0.03,0.4,mvnorm,lognormal,True,1.0269139565638434e-05
