tau,rho,est,dist,obs_conf,pvals
0.15,-0.4,lognorm,lognormal,True,2.1038466639914414e-05
0.15,-0.4,lognorm,lognormal,True,9.19591710987012e-36
0.15,-0.4,lognorm,lognormal,True,3.442416886827053e-21
0.15,-0.4,lognorm,lognormal,True,3.023876063019852e-14
0.15,-0.4,lognorm,lognormal,True,0.00563473915422701
0.15,-0.4,lognorm,lognormal,True,0.417101804404881
0.15,-0.4,lognorm,lognormal,True,2.1550267754491e-22
0.15,-0.4,lognorm,lognormal,True,1.3863827030727636e-05
0.15,-0.4,lognorm,lognormal,True,1.1035849692714961e-13
0.15,-0.4,lognorm,lognormal,True,5.7851302843987205e-05
0.15,-0.4,lognorm,lognormal,True,1.158474453423078e-08
0.15,-0.4,lognorm,lognormal,True,6.701501366888668e-05
0.15,-0.4,lognorm,lognormal,True,2.9945506225628085e-13
0.15,-0.4,lognorm,lognormal,True,1.9603381672185714e-07
0.15,-0.4,lognorm,lognormal,True,1.4809585364229416e-05
0.15,-0.4,lognorm,lognormal,True,0.005582059169894461
0.15,-0.4,lognorm,lognormal,True,0.048067348456264015
0.15,-0.4,lognorm,lognormal,True,8.704398017930472e-26
0.15,-0.4,lognorm,lognormal,True,0.03769761415177067
0.15,-0.4,lognorm,lognormal,True,0.07516637807159644
0.15,-0.4,lognorm,lognormal,True,0.621347958615195
0.15,-0.4,lognorm,lognormal,True,8.611769599479663e-12
0.15,-0.4,lognorm,lognormal,True,2.983305743047642e-42
0.15,-0.4,lognorm,lognormal,True,0.7367640074831946
0.15,-0.4,lognorm,lognormal,True,7.421863719920662e-10
0.15,-0.4,lognorm,lognormal,True,2.285778536821952e-05
0.15,-0.4,lognorm,lognormal,True,1.2793668477805153e-06
0.15,-0.4,lognorm,lognormal,True,0.00036295457656839374
0.15,-0.4,lognorm,lognormal,True,4.8286910601789975e-08
0.15,-0.4,lognorm,lognormal,True,0.0038382379415345543
0.15,-0.4,lognorm,lognormal,True,7.354231825450767e-19
0.15,-0.4,lognorm,lognormal,True,0.3271700469457
0.15,-0.4,lognorm,lognormal,True,3.983864345634223e-21
0.15,-0.4,lognorm,lognormal,True,0.0025602939551915343
0.15,-0.4,lognorm,lognormal,True,0.5986788001324619
0.15,-0.4,lognorm,lognormal,True,1.966326116107088e-43
0.15,-0.4,lognorm,lognormal,True,0.07088022556939866
0.15,-0.4,lognorm,lognormal,True,0.004751848231899271
0.15,-0.4,lognorm,lognormal,True,0.5965818433673824
0.15,-0.4,lognorm,lognormal,True,0.009328757494258181
0.15,-0.4,lognorm,lognormal,True,1.1188110394339523e-08
0.15,-0.4,lognorm,lognormal,True,0.0004195949066911625
0.15,-0.4,lognorm,lognormal,True,4.4785551642816476e-11
0.15,-0.4,lognorm,lognormal,True,0.6510030713875965
0.15,-0.4,lognorm,lognormal,True,0.13872185058816008
0.15,-0.4,lognorm,lognormal,True,0.1790778124681323
0.15,-0.4,lognorm,lognormal,True,0.5436526120021099
0.15,-0.4,lognorm,lognormal,True,8.567735596639703e-07
0.15,-0.4,lognorm,lognormal,True,0.09411690352943139
0.15,-0.4,lognorm,lognormal,True,1.3958256129369808e-08
0.15,-0.4,lognorm,lognormal,True,2.1454438618686324e-55
0.15,-0.4,lognorm,lognormal,True,0.5688077631452677
0.15,-0.4,lognorm,lognormal,True,0.0062346634160755305
0.15,-0.4,lognorm,lognormal,True,1.1526694662101214e-24
0.15,-0.4,lognorm,lognormal,True,1.354869212154648e-23
0.15,-0.4,lognorm,lognormal,True,0.02359334788719161
0.15,-0.4,lognorm,lognormal,True,0.0009803676101855846
0.15,-0.4,lognorm,lognormal,True,1.8566119293876984e-05
0.15,-0.4,lognorm,lognormal,True,0.0005308619335634593
0.15,-0.4,lognorm,lognormal,True,1.635441370331655e-16
0.15,-0.4,lognorm,lognormal,True,0.0023509185477047856
0.15,-0.4,lognorm,lognormal,True,6.012368981887235e-24
0.15,-0.4,lognorm,lognormal,True,6.757802316645178e-15
0.15,-0.4,lognorm,lognormal,True,2.001716663459847e-05
0.15,-0.4,lognorm,lognormal,True,0.31197364970323893
0.15,-0.4,lognorm,lognormal,True,5.36996983441473e-06
0.15,-0.4,lognorm,lognormal,True,0.208227518515612
0.15,-0.4,lognorm,lognormal,True,0.5883354180026551
0.15,-0.4,lognorm,lognormal,True,1.5084466922640492e-06
0.15,-0.4,lognorm,lognormal,True,0.3040047503416245
0.15,-0.4,lognorm,lognormal,True,5.1582074212679444e-21
0.15,-0.4,lognorm,lognormal,True,5.8039044993890365e-11
0.15,-0.4,lognorm,lognormal,True,0.06674287651808888
0.15,-0.4,lognorm,lognormal,True,0.10642217637157061
0.15,-0.4,lognorm,lognormal,True,0.969553288146006
0.15,-0.4,lognorm,lognormal,True,0.17643282475247854
0.15,-0.4,lognorm,lognormal,True,0.46465721833841633
0.15,-0.4,lognorm,lognormal,True,5.6584381824420765e-12
0.15,-0.4,lognorm,lognormal,True,3.2541656943324963e-07
0.15,-0.4,lognorm,lognormal,True,0.15126520242671104
0.15,-0.4,lognorm,lognormal,True,0.4992729806659828
0.15,-0.4,lognorm,lognormal,True,0.35283615639165267
0.15,-0.4,lognorm,lognormal,True,6.28582173698061e-15
0.15,-0.4,lognorm,lognormal,True,0.053036735833115856
0.15,-0.4,lognorm,lognormal,True,1.188140927065748e-22
0.15,-0.4,lognorm,lognormal,True,1.1072622371999346e-22
0.15,-0.4,lognorm,lognormal,True,2.5586127744931386e-08
0.15,-0.4,lognorm,lognormal,True,3.2281525871115535e-12
0.15,-0.4,lognorm,lognormal,True,4.631806719682389e-12
0.15,-0.4,lognorm,lognormal,True,0.1526798234356702
0.15,-0.4,lognorm,lognormal,True,9.18770215294793e-33
0.15,-0.4,lognorm,lognormal,True,1.4717952451589632e-29
0.15,-0.4,lognorm,lognormal,True,0.16662321038710354
0.15,-0.4,lognorm,lognormal,True,4.1164831022971865e-32
0.15,-0.4,lognorm,lognormal,True,3.980249581802344e-10
0.15,-0.4,lognorm,lognormal,True,1.5064866399509489e-33
0.15,-0.4,lognorm,lognormal,True,2.9260075169856863e-21
0.15,-0.4,lognorm,lognormal,True,0.4953102462693869
0.15,-0.4,lognorm,lognormal,True,0.8933730727430311
0.15,-0.4,lognorm,lognormal,True,0.0021490317553522955
