tau,rho,est,dist,obs_conf,pvals
0.06,0.4,mvnorm,lognormal,True,0.5885218634067193
0.06,0.4,mvnorm,lognormal,True,0.19444006514428153
0.06,0.4,mvnorm,lognormal,True,0.00019568916265754125
0.06,0.4,mvnorm,lognormal,True,2.061792055645137e-06
0.06,0.4,mvnorm,lognormal,True,0.06957537890045405
0.06,0.4,mvnorm,lognormal,True,0.08933836551988876
0.06,0.4,mvnorm,lognormal,True,0.9965707149035052
0.06,0.4,mvnorm,lognormal,True,6.597161455502461e-11
0.06,0.4,mvnorm,lognormal,True,0.0009629329871122666
0.06,0.4,mvnorm,lognormal,True,1.9132910860881948e-13
0.06,0.4,mvnorm,lognormal,True,0.23531228026712192
0.06,0.4,mvnorm,lognormal,True,0.02115083724557834
0.06,0.4,mvnorm,lognormal,True,0.2467579887182098
0.06,0.4,mvnorm,lognormal,True,0.9593716741259433
0.06,0.4,mvnorm,lognormal,True,0.00409692710422614
0.06,0.4,mvnorm,lognormal,True,0.7440492236059684
0.06,0.4,mvnorm,lognormal,True,0.1303611369407182
0.06,0.4,mvnorm,lognormal,True,0.0003571605982064268
0.06,0.4,mvnorm,lognormal,True,0.5545479298730192
0.06,0.4,mvnorm,lognormal,True,8.873544543894534e-24
0.06,0.4,mvnorm,lognormal,True,0.1504503109847927
0.06,0.4,mvnorm,lognormal,True,0.4212072667234319
0.06,0.4,mvnorm,lognormal,True,1.0159071184715104e-13
0.06,0.4,mvnorm,lognormal,True,0.19442572759576052
0.06,0.4,mvnorm,lognormal,True,0.6054914486253626
0.06,0.4,mvnorm,lognormal,True,0.6101684484492734
0.06,0.4,mvnorm,lognormal,True,0.33786790094132363
0.06,0.4,mvnorm,lognormal,True,8.213507470237625e-07
0.06,0.4,mvnorm,lognormal,True,1.994715255698358e-09
0.06,0.4,mvnorm,lognormal,True,0.4850011372027634
0.06,0.4,mvnorm,lognormal,True,2.356333432759681e-08
0.06,0.4,mvnorm,lognormal,True,0.00035188339131626877
0.06,0.4,mvnorm,lognormal,True,3.533206920009825e-05
0.06,0.4,mvnorm,lognormal,True,0.030278411544964627
0.06,0.4,mvnorm,lognormal,True,7.837245801791283e-10
0.06,0.4,mvnorm,lognormal,True,0.9624164825970858
0.06,0.4,mvnorm,lognormal,True,0.6624366423136248
0.06,0.4,mvnorm,lognormal,True,2.925874759209222e-09
0.06,0.4,mvnorm,lognormal,True,0.6024804708768055
0.06,0.4,mvnorm,lognormal,True,0.005064060260329779
0.06,0.4,mvnorm,lognormal,True,0.3102314657050087
0.06,0.4,mvnorm,lognormal,True,0.05272496832632336
0.06,0.4,mvnorm,lognormal,True,7.320799718472727e-12
0.06,0.4,mvnorm,lognormal,True,0.2437154896444456
0.06,0.4,mvnorm,lognormal,True,2.994608593868722e-07
0.06,0.4,mvnorm,lognormal,True,0.0045224317739491395
0.06,0.4,mvnorm,lognormal,True,2.6827968320594354e-06
0.06,0.4,mvnorm,lognormal,True,0.8303325375093483
0.06,0.4,mvnorm,lognormal,True,0.00015840692149886348
0.06,0.4,mvnorm,lognormal,True,0.23417009251228763
0.06,0.4,mvnorm,lognormal,True,0.5890774116946049
0.06,0.4,mvnorm,lognormal,True,0.003551411197951294
0.06,0.4,mvnorm,lognormal,True,6.268392395612683e-07
0.06,0.4,mvnorm,lognormal,True,7.832594258520658e-05
0.06,0.4,mvnorm,lognormal,True,0.3049279624966482
0.06,0.4,mvnorm,lognormal,True,0.34402842436118064
0.06,0.4,mvnorm,lognormal,True,0.017497284476809597
0.06,0.4,mvnorm,lognormal,True,0.0012060359226481368
0.06,0.4,mvnorm,lognormal,True,0.04802294484624843
0.06,0.4,mvnorm,lognormal,True,1.4994620621898516e-13
0.06,0.4,mvnorm,lognormal,True,0.008628745988407661
0.06,0.4,mvnorm,lognormal,True,1.2364888659666095e-06
0.06,0.4,mvnorm,lognormal,True,0.8337428063319698
0.06,0.4,mvnorm,lognormal,True,0.9255106080693025
0.06,0.4,mvnorm,lognormal,True,0.3752233395005282
0.06,0.4,mvnorm,lognormal,True,0.6564486235273792
0.06,0.4,mvnorm,lognormal,True,0.0003120164325379196
0.06,0.4,mvnorm,lognormal,True,1.1628395337902333e-10
0.06,0.4,mvnorm,lognormal,True,0.0015677396073432322
0.06,0.4,mvnorm,lognormal,True,0.6971267386518768
0.06,0.4,mvnorm,lognormal,True,0.45150121425655265
0.06,0.4,mvnorm,lognormal,True,0.012659665438237343
0.06,0.4,mvnorm,lognormal,True,0.003701363734491182
0.06,0.4,mvnorm,lognormal,True,7.147842213433714e-05
0.06,0.4,mvnorm,lognormal,True,0.04257037624970487
0.06,0.4,mvnorm,lognormal,True,1.759786663213793e-08
0.06,0.4,mvnorm,lognormal,True,4.1147520784830123e-16
0.06,0.4,mvnorm,lognormal,True,1.2343785096786473e-10
0.06,0.4,mvnorm,lognormal,True,0.0007235421440409702
0.06,0.4,mvnorm,lognormal,True,4.458672116009423e-09
0.06,0.4,mvnorm,lognormal,True,0.00035206649675126377
0.06,0.4,mvnorm,lognormal,True,2.487026473733213e-08
0.06,0.4,mvnorm,lognormal,True,0.195204464182626
0.06,0.4,mvnorm,lognormal,True,0.05326538765110305
0.06,0.4,mvnorm,lognormal,True,0.8014086254492079
0.06,0.4,mvnorm,lognormal,True,0.6103224325935181
0.06,0.4,mvnorm,lognormal,True,0.10065551744463298
0.06,0.4,mvnorm,lognormal,True,0.1175987536579007
0.06,0.4,mvnorm,lognormal,True,5.014453903990808e-09
0.06,0.4,mvnorm,lognormal,True,0.10479912015834074
0.06,0.4,mvnorm,lognormal,True,6.156991445257744e-08
0.06,0.4,mvnorm,lognormal,True,8.850816136856621e-05
0.06,0.4,mvnorm,lognormal,True,0.0012087488195345237
0.06,0.4,mvnorm,lognormal,True,0.0057762490632058865
0.06,0.4,mvnorm,lognormal,True,3.354652759888138e-06
0.06,0.4,mvnorm,lognormal,True,0.00029731407769938747
0.06,0.4,mvnorm,lognormal,True,9.396882075622999e-09
0.06,0.4,mvnorm,lognormal,True,0.1227629805703434
0.06,0.4,mvnorm,lognormal,True,0.004586140638101479
0.06,0.4,mvnorm,lognormal,True,1.1548343016317915e-07
