tau,rho,est,dist,obs_conf,pvals
0.06,0.2,mvnorm,lognormal,True,0.6364921042135137
0.06,0.2,mvnorm,lognormal,True,0.22173324247870596
0.06,0.2,mvnorm,lognormal,True,0.16301163665519247
0.06,0.2,mvnorm,lognormal,True,1.3481290394512617e-06
0.06,0.2,mvnorm,lognormal,True,2.2522635599365307e-05
0.06,0.2,mvnorm,lognormal,True,0.5343386935069403
0.06,0.2,mvnorm,lognormal,True,0.7076613913758399
0.06,0.2,mvnorm,lognormal,True,7.578538366549209e-07
0.06,0.2,mvnorm,lognormal,True,5.9343983970240794e-05
0.06,0.2,mvnorm,lognormal,True,7.11739608368407e-08
0.06,0.2,mvnorm,lognormal,True,0.03695116547410998
0.06,0.2,mvnorm,lognormal,True,0.276981086910676
0.06,0.2,mvnorm,lognormal,True,0.14609696164471897
0.06,0.2,mvnorm,lognormal,True,0.21280796382940234
0.06,0.2,mvnorm,lognormal,True,0.1950329171293736
0.06,0.2,mvnorm,lognormal,True,0.018288349132679887
0.06,0.2,mvnorm,lognormal,True,0.3073474540101574
0.06,0.2,mvnorm,lognormal,True,0.4526573216893284
0.06,0.2,mvnorm,lognormal,True,0.7110654236554705
0.06,0.2,mvnorm,lognormal,True,4.538113072343942e-16
0.06,0.2,mvnorm,lognormal,True,0.009090275273800227
0.06,0.2,mvnorm,lognormal,True,0.1426712537519256
0.06,0.2,mvnorm,lognormal,True,0.000642724030647669
0.06,0.2,mvnorm,lognormal,True,0.03468261449748675
0.06,0.2,mvnorm,lognormal,True,0.4624691258592323
0.06,0.2,mvnorm,lognormal,True,0.3144644222058363
0.06,0.2,mvnorm,lognormal,True,0.520844401967099
0.06,0.2,mvnorm,lognormal,True,6.723931074736999e-05
0.06,0.2,mvnorm,lognormal,True,0.5869829580896015
0.06,0.2,mvnorm,lognormal,True,0.6320206347944156
0.06,0.2,mvnorm,lognormal,True,2.151614690542247e-06
0.06,0.2,mvnorm,lognormal,True,0.0023033937268849823
0.06,0.2,mvnorm,lognormal,True,0.0021019811267970275
0.06,0.2,mvnorm,lognormal,True,0.6330088449138437
0.06,0.2,mvnorm,lognormal,True,0.08238996912988215
0.06,0.2,mvnorm,lognormal,True,0.4017781574642879
0.06,0.2,mvnorm,lognormal,True,0.8694398407497727
0.06,0.2,mvnorm,lognormal,True,0.20973626158383557
0.06,0.2,mvnorm,lognormal,True,0.046757532849194185
0.06,0.2,mvnorm,lognormal,True,0.288398842890001
0.06,0.2,mvnorm,lognormal,True,0.04351304517205604
0.06,0.2,mvnorm,lognormal,True,0.6529999745178606
0.06,0.2,mvnorm,lognormal,True,2.0214881586493418e-10
0.06,0.2,mvnorm,lognormal,True,0.11715272034455897
0.06,0.2,mvnorm,lognormal,True,0.00017848586099426895
0.06,0.2,mvnorm,lognormal,True,0.003973020818832728
0.06,0.2,mvnorm,lognormal,True,0.0027757045209894334
0.06,0.2,mvnorm,lognormal,True,0.040323304112037356
0.06,0.2,mvnorm,lognormal,True,0.023334507314918655
0.06,0.2,mvnorm,lognormal,True,0.9490121020578427
0.06,0.2,mvnorm,lognormal,True,0.0005647227523681862
0.06,0.2,mvnorm,lognormal,True,0.16544223427435073
0.06,0.2,mvnorm,lognormal,True,7.710435401386775e-05
0.06,0.2,mvnorm,lognormal,True,3.3341095535500624e-05
0.06,0.2,mvnorm,lognormal,True,2.0351765079546572e-07
0.06,0.2,mvnorm,lognormal,True,0.5272914465210006
0.06,0.2,mvnorm,lognormal,True,0.05702147647563208
0.06,0.2,mvnorm,lognormal,True,0.45026239831741277
0.06,0.2,mvnorm,lognormal,True,0.372549657166228
0.06,0.2,mvnorm,lognormal,True,1.0424543802225194e-06
0.06,0.2,mvnorm,lognormal,True,0.007730725092916917
0.06,0.2,mvnorm,lognormal,True,2.636222045666061e-08
0.06,0.2,mvnorm,lognormal,True,0.996312447297149
0.06,0.2,mvnorm,lognormal,True,0.6697726062145009
0.06,0.2,mvnorm,lognormal,True,0.07652411460097858
0.06,0.2,mvnorm,lognormal,True,0.00871906576779629
0.06,0.2,mvnorm,lognormal,True,0.3598286435820923
0.06,0.2,mvnorm,lognormal,True,0.006712807655728806
0.06,0.2,mvnorm,lognormal,True,0.16731112274903565
0.06,0.2,mvnorm,lognormal,True,0.24913139997326328
0.06,0.2,mvnorm,lognormal,True,0.000490047927299183
0.06,0.2,mvnorm,lognormal,True,0.18860361804042974
0.06,0.2,mvnorm,lognormal,True,0.8806921494683329
0.06,0.2,mvnorm,lognormal,True,1.286670791837464e-06
0.06,0.2,mvnorm,lognormal,True,0.7392064665590494
0.06,0.2,mvnorm,lognormal,True,9.54364795388053e-06
0.06,0.2,mvnorm,lognormal,True,2.2643381266942126e-06
0.06,0.2,mvnorm,lognormal,True,3.45776337619401e-06
0.06,0.2,mvnorm,lognormal,True,0.43306035305732815
0.06,0.2,mvnorm,lognormal,True,3.779560932112734e-08
0.06,0.2,mvnorm,lognormal,True,0.009580827885602867
0.06,0.2,mvnorm,lognormal,True,0.00014082683007086993
0.06,0.2,mvnorm,lognormal,True,0.8049971954809187
0.06,0.2,mvnorm,lognormal,True,0.05978645790627511
0.06,0.2,mvnorm,lognormal,True,0.19882634930075568
0.06,0.2,mvnorm,lognormal,True,0.21004139151310616
0.06,0.2,mvnorm,lognormal,True,0.10055124529466622
0.06,0.2,mvnorm,lognormal,True,0.445278224642776
0.06,0.2,mvnorm,lognormal,True,0.48582613289034093
0.06,0.2,mvnorm,lognormal,True,0.5100695607810588
0.06,0.2,mvnorm,lognormal,True,0.8599807659241556
0.06,0.2,mvnorm,lognormal,True,0.03322830013496932
0.06,0.2,mvnorm,lognormal,True,7.800065379474112e-06
0.06,0.2,mvnorm,lognormal,True,0.08418519941838065
0.06,0.2,mvnorm,lognormal,True,0.008964483513425074
0.06,0.2,mvnorm,lognormal,True,0.0034391715619208098
0.06,0.2,mvnorm,lognormal,True,0.030257662340645815
0.06,0.2,mvnorm,lognormal,True,0.3302495628853598
0.06,0.2,mvnorm,lognormal,True,0.00555987261102172
0.06,0.2,mvnorm,lognormal,True,0.006529208058252409
