tau,rho,est,dist,obs_conf,pvals
0.12,-0.4,lognorm,lognormal,True,0.0005237033843052167
0.12,-0.4,lognorm,lognormal,True,2.636566849793021e-32
0.12,-0.4,lognorm,lognormal,True,5.114292573378437e-19
0.12,-0.4,lognorm,lognormal,True,4.0436511890972834e-13
0.12,-0.4,lognorm,lognormal,True,0.030682964076488708
0.12,-0.4,lognorm,lognormal,True,0.6612072769862559
0.12,-0.4,lognorm,lognormal,True,6.04620864811356e-18
0.12,-0.4,lognorm,lognormal,True,0.0001728861797484066
0.12,-0.4,lognorm,lognormal,True,2.0224631516674108e-10
0.12,-0.4,lognorm,lognormal,True,0.0006660671631453446
0.12,-0.4,lognorm,lognormal,True,1.1237124855343434e-09
0.12,-0.4,lognorm,lognormal,True,0.00034860874440785863
0.12,-0.4,lognorm,lognormal,True,1.070877937087197e-10
0.12,-0.4,lognorm,lognormal,True,4.3226078537390575e-08
0.12,-0.4,lognorm,lognormal,True,0.0005563105056760688
0.12,-0.4,lognorm,lognormal,True,0.0007817402156972107
0.12,-0.4,lognorm,lognormal,True,0.009395556243533712
0.12,-0.4,lognorm,lognormal,True,8.212362643427594e-22
0.12,-0.4,lognorm,lognormal,True,0.08998169466126604
0.12,-0.4,lognorm,lognormal,True,0.29765686229640054
0.12,-0.4,lognorm,lognormal,True,0.2725660545834371
0.12,-0.4,lognorm,lognormal,True,8.724182346310376e-10
0.12,-0.4,lognorm,lognormal,True,2.9833905355813727e-38
0.12,-0.4,lognorm,lognormal,True,0.9421592368173837
0.12,-0.4,lognorm,lognormal,True,4.497789810324312e-08
0.12,-0.4,lognorm,lognormal,True,6.366105926935844e-07
0.12,-0.4,lognorm,lognormal,True,3.8882233041870744e-07
0.12,-0.4,lognorm,lognormal,True,0.0001590117840610698
0.12,-0.4,lognorm,lognormal,True,1.0780820271569102e-08
0.12,-0.4,lognorm,lognormal,True,0.001049530072737707
0.12,-0.4,lognorm,lognormal,True,1.1523371034359278e-16
0.12,-0.4,lognorm,lognormal,True,0.09502742948760216
0.12,-0.4,lognorm,lognormal,True,1.2523603409538069e-18
0.12,-0.4,lognorm,lognormal,True,9.036061711784665e-05
0.12,-0.4,lognorm,lognormal,True,0.30305074028982165
0.12,-0.4,lognorm,lognormal,True,2.2072692616300454e-38
0.12,-0.4,lognorm,lognormal,True,0.18312775368531642
0.12,-0.4,lognorm,lognormal,True,0.001832696698653012
0.12,-0.4,lognorm,lognormal,True,0.8399248579445777
0.12,-0.4,lognorm,lognormal,True,0.032965617034281386
0.12,-0.4,lognorm,lognormal,True,2.2676627286723004e-07
0.12,-0.4,lognorm,lognormal,True,8.89545502955575e-05
0.12,-0.4,lognorm,lognormal,True,6.532784462550641e-08
0.12,-0.4,lognorm,lognormal,True,0.9317672083086733
0.12,-0.4,lognorm,lognormal,True,0.011848945038048326
0.12,-0.4,lognorm,lognormal,True,0.36229767363879106
0.12,-0.4,lognorm,lognormal,True,0.08085014534543393
0.12,-0.4,lognorm,lognormal,True,5.660166099282654e-06
0.12,-0.4,lognorm,lognormal,True,0.19446380540022476
0.12,-0.4,lognorm,lognormal,True,7.384589103072109e-07
0.12,-0.4,lognorm,lognormal,True,8.80169917566163e-51
0.12,-0.4,lognorm,lognormal,True,0.38363076726681666
0.12,-0.4,lognorm,lognormal,True,0.0005647626036591188
0.12,-0.4,lognorm,lognormal,True,5.29684089454133e-21
0.12,-0.4,lognorm,lognormal,True,4.028023186128407e-21
0.12,-0.4,lognorm,lognormal,True,0.0053155007469382325
0.12,-0.4,lognorm,lognormal,True,0.010515653408607299
0.12,-0.4,lognorm,lognormal,True,0.00020943372903883405
0.12,-0.4,lognorm,lognormal,True,0.0024879286352773883
0.12,-0.4,lognorm,lognormal,True,2.764538493560362e-13
0.12,-0.4,lognorm,lognormal,True,0.013631242265822947
0.12,-0.4,lognorm,lognormal,True,5.2213121842740644e-21
0.12,-0.4,lognorm,lognormal,True,1.7169887920541907e-11
0.12,-0.4,lognorm,lognormal,True,1.2671879884970889e-06
0.12,-0.4,lognorm,lognormal,True,0.09801931286954885
0.12,-0.4,lognorm,lognormal,True,0.000616937986501158
0.12,-0.4,lognorm,lognormal,True,0.5744687417559686
0.12,-0.4,lognorm,lognormal,True,0.1390159174928581
0.12,-0.4,lognorm,lognormal,True,6.117664704518165e-05
0.12,-0.4,lognorm,lognormal,True,0.5166606065018051
0.12,-0.4,lognorm,lognormal,True,3.713295148332729e-19
0.12,-0.4,lognorm,lognormal,True,2.394451598160549e-09
0.12,-0.4,lognorm,lognormal,True,0.00445039203903521
0.12,-0.4,lognorm,lognormal,True,0.3592235850328803
0.12,-0.4,lognorm,lognormal,True,0.5385592571866402
0.12,-0.4,lognorm,lognormal,True,0.034392901262148105
0.12,-0.4,lognorm,lognormal,True,0.9745461835878343
0.12,-0.4,lognorm,lognormal,True,1.779596223681161e-13
0.12,-0.4,lognorm,lognormal,True,3.128038920113545e-06
0.12,-0.4,lognorm,lognormal,True,0.05229873525619233
0.12,-0.4,lognorm,lognormal,True,0.8376230294191235
0.12,-0.4,lognorm,lognormal,True,0.8925680113517952
0.12,-0.4,lognorm,lognormal,True,1.851756075760236e-16
0.12,-0.4,lognorm,lognormal,True,0.029247667277600562
0.12,-0.4,lognorm,lognormal,True,2.8137433476268704e-20
0.12,-0.4,lognorm,lognormal,True,1.1493487758034248e-20
0.12,-0.4,lognorm,lognormal,True,3.828623930791298e-09
0.12,-0.4,lognorm,lognormal,True,2.4156927883976937e-14
0.12,-0.4,lognorm,lognormal,True,9.332242204252514e-11
0.12,-0.4,lognorm,lognormal,True,0.03766230224356565
0.12,-0.4,lognorm,lognormal,True,8.423568106436415e-29
0.12,-0.4,lognorm,lognormal,True,5.523284576306213e-27
0.12,-0.4,lognorm,lognormal,True,0.5682761677668575
0.12,-0.4,lognorm,lognormal,True,3.4539788931718693e-28
0.12,-0.4,lognorm,lognormal,True,8.116985766905363e-08
0.12,-0.4,lognorm,lognormal,True,1.3378014001070715e-29
0.12,-0.4,lognorm,lognormal,True,4.761429881264629e-19
0.12,-0.4,lognorm,lognormal,True,0.3299114356399474
0.12,-0.4,lognorm,lognormal,True,0.6463479361350194
0.12,-0.4,lognorm,lognormal,True,0.010746753582238268
