tau,rho,est,dist,obs_conf,pvals
0.09,-0.2,lognorm,lognormal,True,0.06340521246597172
0.09,-0.2,lognorm,lognormal,True,4.5504772292144547e-11
0.09,-0.2,lognorm,lognormal,True,8.401237764853914e-07
0.09,-0.2,lognorm,lognormal,True,0.11444616274786774
0.09,-0.2,lognorm,lognormal,True,4.967800751247952e-05
0.09,-0.2,lognorm,lognormal,True,0.95364221484803
0.09,-0.2,lognorm,lognormal,True,1.0294766381334633e-11
0.09,-0.2,lognorm,lognormal,True,0.6333418692300077
0.09,-0.2,lognorm,lognormal,True,9.392380778685466e-05
0.09,-0.2,lognorm,lognormal,True,0.0021277915717010302
0.09,-0.2,lognorm,lognormal,True,3.5110629156440766e-06
0.09,-0.2,lognorm,lognormal,True,1.5341110932633404e-05
0.09,-0.2,lognorm,lognormal,True,8.484224991656487e-05
0.09,-0.2,lognorm,lognormal,True,0.922651040682757
0.09,-0.2,lognorm,lognormal,True,0.0001862437266121581
0.09,-0.2,lognorm,lognormal,True,0.31745034236759573
0.09,-0.2,lognorm,lognormal,True,0.7913561030048789
0.09,-0.2,lognorm,lognormal,True,1.3643875973685216e-08
0.09,-0.2,lognorm,lognormal,True,0.2600699628096266
0.09,-0.2,lognorm,lognormal,True,0.9412109652836098
0.09,-0.2,lognorm,lognormal,True,0.7696097725742331
0.09,-0.2,lognorm,lognormal,True,7.542004399520091e-06
0.09,-0.2,lognorm,lognormal,True,9.923596421032e-15
0.09,-0.2,lognorm,lognormal,True,0.16422808881827156
0.09,-0.2,lognorm,lognormal,True,0.0002989513324193971
0.09,-0.2,lognorm,lognormal,True,0.1135168783440141
0.09,-0.2,lognorm,lognormal,True,0.7037618430531525
0.09,-0.2,lognorm,lognormal,True,0.3253550389261905
0.09,-0.2,lognorm,lognormal,True,0.08348773916899178
0.09,-0.2,lognorm,lognormal,True,0.1738902896574833
0.09,-0.2,lognorm,lognormal,True,1.2907474871938423e-05
0.09,-0.2,lognorm,lognormal,True,0.3877450912985041
0.09,-0.2,lognorm,lognormal,True,1.0990037324696939e-05
0.09,-0.2,lognorm,lognormal,True,0.012678189326161137
0.09,-0.2,lognorm,lognormal,True,0.3213612062201391
0.09,-0.2,lognorm,lognormal,True,3.4432000402332784e-15
0.09,-0.2,lognorm,lognormal,True,0.02779542195055401
0.09,-0.2,lognorm,lognormal,True,0.5676863716639822
0.09,-0.2,lognorm,lognormal,True,0.31678082816691727
0.09,-0.2,lognorm,lognormal,True,0.024545430923817835
0.09,-0.2,lognorm,lognormal,True,6.667753375636862e-07
0.09,-0.2,lognorm,lognormal,True,0.0004393487322745259
0.09,-0.2,lognorm,lognormal,True,6.001400652013842e-06
0.09,-0.2,lognorm,lognormal,True,0.08974845772998197
0.09,-0.2,lognorm,lognormal,True,0.0008029322185813613
0.09,-0.2,lognorm,lognormal,True,0.031424440188364815
0.09,-0.2,lognorm,lognormal,True,0.8004952646685399
0.09,-0.2,lognorm,lognormal,True,0.004422058248066711
0.09,-0.2,lognorm,lognormal,True,0.2591043996095758
0.09,-0.2,lognorm,lognormal,True,3.3620116421616884e-07
0.09,-0.2,lognorm,lognormal,True,8.403734375205611e-20
0.09,-0.2,lognorm,lognormal,True,0.01140926867270449
0.09,-0.2,lognorm,lognormal,True,0.19884972258118466
0.09,-0.2,lognorm,lognormal,True,8.23856771397536e-09
0.09,-0.2,lognorm,lognormal,True,2.389385395616182e-13
0.09,-0.2,lognorm,lognormal,True,0.26689296735573587
0.09,-0.2,lognorm,lognormal,True,0.14225515300102742
0.09,-0.2,lognorm,lognormal,True,0.0005372494191493301
0.09,-0.2,lognorm,lognormal,True,0.17955941638899683
0.09,-0.2,lognorm,lognormal,True,1.490021251682327e-08
0.09,-0.2,lognorm,lognormal,True,0.00016701812383925757
0.09,-0.2,lognorm,lognormal,True,6.702877602604757e-09
0.09,-0.2,lognorm,lognormal,True,0.004949750925647211
0.09,-0.2,lognorm,lognormal,True,0.0014137785234281156
0.09,-0.2,lognorm,lognormal,True,0.18539223272709376
0.09,-0.2,lognorm,lognormal,True,0.001431155569335032
0.09,-0.2,lognorm,lognormal,True,0.6225254072102672
0.09,-0.2,lognorm,lognormal,True,0.05646182848407961
0.09,-0.2,lognorm,lognormal,True,0.007490804411503659
0.09,-0.2,lognorm,lognormal,True,0.21983109681133312
0.09,-0.2,lognorm,lognormal,True,4.675860541907245e-15
0.09,-0.2,lognorm,lognormal,True,0.23246123751030337
0.09,-0.2,lognorm,lognormal,True,0.001158793647950933
0.09,-0.2,lognorm,lognormal,True,0.0022567423270510294
0.09,-0.2,lognorm,lognormal,True,0.36945185485750487
0.09,-0.2,lognorm,lognormal,True,0.04736458615828226
0.09,-0.2,lognorm,lognormal,True,0.7793257200044688
0.09,-0.2,lognorm,lognormal,True,0.0016143900568663058
0.09,-0.2,lognorm,lognormal,True,0.206819414050602
0.09,-0.2,lognorm,lognormal,True,0.13525041849770672
0.09,-0.2,lognorm,lognormal,True,0.8643019366436875
0.09,-0.2,lognorm,lognormal,True,0.6197366184241915
0.09,-0.2,lognorm,lognormal,True,3.4061670765243755e-05
0.09,-0.2,lognorm,lognormal,True,0.7887839244906782
0.09,-0.2,lognorm,lognormal,True,9.732128719851414e-13
0.09,-0.2,lognorm,lognormal,True,6.878251492598363e-11
0.09,-0.2,lognorm,lognormal,True,0.024020096745837077
0.09,-0.2,lognorm,lognormal,True,6.23378354364806e-06
0.09,-0.2,lognorm,lognormal,True,1.3796976742750182e-06
0.09,-0.2,lognorm,lognormal,True,0.019869053305514542
0.09,-0.2,lognorm,lognormal,True,9.433392168676142e-16
0.09,-0.2,lognorm,lognormal,True,3.1172140921053704e-07
0.09,-0.2,lognorm,lognormal,True,0.21123926248636776
0.09,-0.2,lognorm,lognormal,True,1.9037520216045472e-13
0.09,-0.2,lognorm,lognormal,True,2.4080155405770277e-05
0.09,-0.2,lognorm,lognormal,True,3.7533866009146284e-13
0.09,-0.2,lognorm,lognormal,True,0.0027546297556927573
0.09,-0.2,lognorm,lognormal,True,0.48079143335431407
0.09,-0.2,lognorm,lognormal,True,0.7210715136714912
0.09,-0.2,lognorm,lognormal,True,0.006978105034143628
