tau,rho,est,dist,obs_conf,pvals
0.03,0.0,mvnorm,lognormal,True,0.19265577200769035
0.03,0.0,mvnorm,lognormal,True,0.05001560901754456
0.03,0.0,mvnorm,lognormal,True,0.48908952359482283
0.03,0.0,mvnorm,lognormal,True,0.0003049221887502683
0.03,0.0,mvnorm,lognormal,True,0.5888278162726721
0.03,0.0,mvnorm,lognormal,True,0.14130626111540784
0.03,0.0,mvnorm,lognormal,True,0.7389172400344931
0.03,0.0,mvnorm,lognormal,True,2.5169634543627236e-05
0.03,0.0,mvnorm,lognormal,True,0.0009539628025049406
0.03,0.0,mvnorm,lognormal,True,0.0013318817697083474
0.03,0.0,mvnorm,lognormal,True,0.02160179952093851
0.03,0.0,mvnorm,lognormal,True,0.052666210767554275
0.03,0.0,mvnorm,lognormal,True,0.012752813479977459
0.03,0.0,mvnorm,lognormal,True,0.29707856471143623
0.03,0.0,mvnorm,lognormal,True,0.40889339380576617
0.03,0.0,mvnorm,lognormal,True,0.017734474912170648
0.03,0.0,mvnorm,lognormal,True,0.0006982482995113486
0.03,0.0,mvnorm,lognormal,True,0.10004707316189186
0.03,0.0,mvnorm,lognormal,True,0.3365381206383517
0.03,0.0,mvnorm,lognormal,True,2.2412959384082612e-07
0.03,0.0,mvnorm,lognormal,True,0.0003727639038549484
0.03,0.0,mvnorm,lognormal,True,0.4657468071067855
0.03,0.0,mvnorm,lognormal,True,7.446380979316882e-05
0.03,0.0,mvnorm,lognormal,True,0.6122221470503868
0.03,0.0,mvnorm,lognormal,True,0.5441528632301189
0.03,0.0,mvnorm,lognormal,True,0.18151448752146232
0.03,0.0,mvnorm,lognormal,True,0.03248067044370366
0.03,0.0,mvnorm,lognormal,True,0.00023619914074075163
0.03,0.0,mvnorm,lognormal,True,0.1190456775031532
0.03,0.0,mvnorm,lognormal,True,0.11876666200839789
0.03,0.0,mvnorm,lognormal,True,3.841815262745404e-05
0.03,0.0,mvnorm,lognormal,True,0.11160670743154645
0.03,0.0,mvnorm,lognormal,True,0.17297042656232514
0.03,0.0,mvnorm,lognormal,True,0.3401591317598537
0.03,0.0,mvnorm,lognormal,True,0.8825166522098217
0.03,0.0,mvnorm,lognormal,True,0.6018760732345654
0.03,0.0,mvnorm,lognormal,True,0.677980450473185
0.03,0.0,mvnorm,lognormal,True,0.628384053265569
0.03,0.0,mvnorm,lognormal,True,0.010759232902702406
0.03,0.0,mvnorm,lognormal,True,0.10088317429712124
0.03,0.0,mvnorm,lognormal,True,0.18136891240739467
0.03,0.0,mvnorm,lognormal,True,0.18095644581615644
0.03,0.0,mvnorm,lognormal,True,5.680205222373491e-07
0.03,0.0,mvnorm,lognormal,True,0.5032289140756094
0.03,0.0,mvnorm,lognormal,True,0.022428713989722546
0.03,0.0,mvnorm,lognormal,True,0.12628401660005847
0.03,0.0,mvnorm,lognormal,True,0.0014909410622390574
0.03,0.0,mvnorm,lognormal,True,0.8975341832598778
0.03,0.0,mvnorm,lognormal,True,0.013541743485761744
0.03,0.0,mvnorm,lognormal,True,0.000908358032689266
0.03,0.0,mvnorm,lognormal,True,0.002451842731245567
0.03,0.0,mvnorm,lognormal,True,0.011060576713592066
0.03,0.0,mvnorm,lognormal,True,9.327919488710373e-05
0.03,0.0,mvnorm,lognormal,True,1.1318991302705852e-05
0.03,0.0,mvnorm,lognormal,True,0.0739997619207989
0.03,0.0,mvnorm,lognormal,True,0.5622555388192063
0.03,0.0,mvnorm,lognormal,True,0.14092092503223294
0.03,0.0,mvnorm,lognormal,True,0.13879182610235247
0.03,0.0,mvnorm,lognormal,True,0.038948465049041765
0.03,0.0,mvnorm,lognormal,True,0.44878533208200777
0.03,0.0,mvnorm,lognormal,True,0.9603134677636476
0.03,0.0,mvnorm,lognormal,True,8.6012687779195e-06
0.03,0.0,mvnorm,lognormal,True,0.4665904842880598
0.03,0.0,mvnorm,lognormal,True,0.1007082786620667
0.03,0.0,mvnorm,lognormal,True,0.04060678765194397
0.03,0.0,mvnorm,lognormal,True,0.17679970134763529
0.03,0.0,mvnorm,lognormal,True,0.5867580811862516
0.03,0.0,mvnorm,lognormal,True,0.5209924804226682
0.03,0.0,mvnorm,lognormal,True,0.0010028244597729936
0.03,0.0,mvnorm,lognormal,True,0.14186128265676498
0.03,0.0,mvnorm,lognormal,True,0.004372547325621525
0.03,0.0,mvnorm,lognormal,True,0.07294967251693853
0.03,0.0,mvnorm,lognormal,True,0.43004241761043516
0.03,0.0,mvnorm,lognormal,True,0.0009142095008686827
0.03,0.0,mvnorm,lognormal,True,0.4524449826951964
0.03,0.0,mvnorm,lognormal,True,0.0002833412018457394
0.03,0.0,mvnorm,lognormal,True,0.0007787431402695393
0.03,0.0,mvnorm,lognormal,True,0.0008464114006011198
0.03,0.0,mvnorm,lognormal,True,0.6611837516461181
0.03,0.0,mvnorm,lognormal,True,2.0615871517369803e-10
0.03,0.0,mvnorm,lognormal,True,0.7380454950337871
0.03,0.0,mvnorm,lognormal,True,0.01886781196889401
0.03,0.0,mvnorm,lognormal,True,0.08654382319340266
0.03,0.0,mvnorm,lognormal,True,0.34417639884605966
0.03,0.0,mvnorm,lognormal,True,0.005013389870690246
0.03,0.0,mvnorm,lognormal,True,0.01467140419667426
0.03,0.0,mvnorm,lognormal,True,0.0698422103378862
0.03,0.0,mvnorm,lognormal,True,0.2881202796778207
0.03,0.0,mvnorm,lognormal,True,0.8863785486966349
0.03,0.0,mvnorm,lognormal,True,0.5362679560454827
0.03,0.0,mvnorm,lognormal,True,0.0030665469448608283
0.03,0.0,mvnorm,lognormal,True,0.09537045066051904
0.03,0.0,mvnorm,lognormal,True,2.207109472196382e-05
0.03,0.0,mvnorm,lognormal,True,0.7400473216417871
0.03,0.0,mvnorm,lognormal,True,0.06014164745284291
0.03,0.0,mvnorm,lognormal,True,0.44598541270061964
0.03,0.0,mvnorm,lognormal,True,0.022775162359177155
0.03,0.0,mvnorm,lognormal,True,0.04994400729994175
0.03,0.0,mvnorm,lognormal,True,0.038561258485366734
0.03,0.0,mvnorm,lognormal,True,0.0013970223817038586
