tau,rho,est,dist,obs_conf,pvals
0.06,0.2,lognorm,lognormal,True,0.020369487361756262
0.06,0.2,lognorm,lognormal,True,0.2537841095864467
0.06,0.2,lognorm,lognormal,True,0.46798131678850297
0.06,0.2,lognorm,lognormal,True,0.009263141320990716
0.06,0.2,lognorm,lognormal,True,0.00011023450406799068
0.06,0.2,lognorm,lognormal,True,0.1594844743622771
0.06,0.2,lognorm,lognormal,True,0.7082196119311944
0.06,0.2,lognorm,lognormal,True,0.00014005632836697288
0.06,0.2,lognorm,lognormal,True,0.5008469956317457
0.06,0.2,lognorm,lognormal,True,0.6934282417586612
0.06,0.2,lognorm,lognormal,True,5.864571709755544e-06
0.06,0.2,lognorm,lognormal,True,6.624606861002158e-05
0.06,0.2,lognorm,lognormal,True,0.8779375012039452
0.06,0.2,lognorm,lognormal,True,0.00014331900643478536
0.06,0.2,lognorm,lognormal,True,0.03538775554674971
0.06,0.2,lognorm,lognormal,True,8.854049865806761e-05
0.06,0.2,lognorm,lognormal,True,3.6343080888522196e-22
0.06,0.2,lognorm,lognormal,True,0.0007500515338390261
0.06,0.2,lognorm,lognormal,True,0.029920456192518964
0.06,0.2,lognorm,lognormal,True,0.06384611574210793
0.06,0.2,lognorm,lognormal,True,2.923143086142691e-16
0.06,0.2,lognorm,lognormal,True,2.6730233182354627e-05
0.06,0.2,lognorm,lognormal,True,0.0007965098612436423
0.06,0.2,lognorm,lognormal,True,0.05431789662486523
0.06,0.2,lognorm,lognormal,True,0.15161995243669998
0.06,0.2,lognorm,lognormal,True,2.45406183131454e-08
0.06,0.2,lognorm,lognormal,True,5.310004975580336e-06
0.06,0.2,lognorm,lognormal,True,5.68519636924175e-14
0.06,0.2,lognorm,lognormal,True,6.20813135122589e-20
0.06,0.2,lognorm,lognormal,True,1.270858029788498e-05
0.06,0.2,lognorm,lognormal,True,0.07271378111157416
0.06,0.2,lognorm,lognormal,True,0.00042251806960379244
0.06,0.2,lognorm,lognormal,True,0.04172255214999922
0.06,0.2,lognorm,lognormal,True,3.007755638608142e-05
0.06,0.2,lognorm,lognormal,True,0.45602093120620846
0.06,0.2,lognorm,lognormal,True,0.0051840508012822905
0.06,0.2,lognorm,lognormal,True,0.0064783591421787795
0.06,0.2,lognorm,lognormal,True,0.0015779780580496008
0.06,0.2,lognorm,lognormal,True,1.7905888634676185e-05
0.06,0.2,lognorm,lognormal,True,0.32811825411221385
0.06,0.2,lognorm,lognormal,True,0.20804822576920115
0.06,0.2,lognorm,lognormal,True,0.08402260869996873
0.06,0.2,lognorm,lognormal,True,0.2049495981125569
0.06,0.2,lognorm,lognormal,True,7.785800266778178e-11
0.06,0.2,lognorm,lognormal,True,0.5248468766347376
0.06,0.2,lognorm,lognormal,True,5.848475446515965e-05
0.06,0.2,lognorm,lognormal,True,2.5880177948211173e-11
0.06,0.2,lognorm,lognormal,True,0.05868198412713932
0.06,0.2,lognorm,lognormal,True,0.059553109438393106
0.06,0.2,lognorm,lognormal,True,0.1052788301298012
0.06,0.2,lognorm,lognormal,True,1.3728047706555545e-06
0.06,0.2,lognorm,lognormal,True,7.021367169621835e-13
0.06,0.2,lognorm,lognormal,True,5.321008746512384e-17
0.06,0.2,lognorm,lognormal,True,2.401051111332561e-05
0.06,0.2,lognorm,lognormal,True,0.276884140983957
0.06,0.2,lognorm,lognormal,True,1.0226350556963568e-11
0.06,0.2,lognorm,lognormal,True,0.0001232671956044722
0.06,0.2,lognorm,lognormal,True,0.0028152413270801273
0.06,0.2,lognorm,lognormal,True,0.14058915133868358
0.06,0.2,lognorm,lognormal,True,0.24889942991831088
0.06,0.2,lognorm,lognormal,True,0.0008688751395151799
0.06,0.2,lognorm,lognormal,True,0.743936515971187
0.06,0.2,lognorm,lognormal,True,2.418465803734649e-06
0.06,0.2,lognorm,lognormal,True,0.00034036757379171185
0.06,0.2,lognorm,lognormal,True,0.00011600874504330113
0.06,0.2,lognorm,lognormal,True,0.1029908745273148
0.06,0.2,lognorm,lognormal,True,0.5423240186651327
0.06,0.2,lognorm,lognormal,True,0.39671905170760446
0.06,0.2,lognorm,lognormal,True,0.09805757449816108
0.06,0.2,lognorm,lognormal,True,0.0007062822564364656
0.06,0.2,lognorm,lognormal,True,1.8737569958331776e-05
0.06,0.2,lognorm,lognormal,True,0.05500367544988271
0.06,0.2,lognorm,lognormal,True,0.7286151734168611
0.06,0.2,lognorm,lognormal,True,6.075843492234921e-07
0.06,0.2,lognorm,lognormal,True,7.3192035926626115e-06
0.06,0.2,lognorm,lognormal,True,0.0740711390897423
0.06,0.2,lognorm,lognormal,True,0.023500819612516346
0.06,0.2,lognorm,lognormal,True,0.002373285680039468
0.06,0.2,lognorm,lognormal,True,0.07699879424120266
0.06,0.2,lognorm,lognormal,True,0.38360788628349474
0.06,0.2,lognorm,lognormal,True,0.10702320214414532
0.06,0.2,lognorm,lognormal,True,0.0017964439851138154
0.06,0.2,lognorm,lognormal,True,0.23976737269450313
0.06,0.2,lognorm,lognormal,True,2.5545078062231997e-08
0.06,0.2,lognorm,lognormal,True,0.12488085273977852
0.06,0.2,lognorm,lognormal,True,0.010856239150796565
0.06,0.2,lognorm,lognormal,True,9.43096604127469e-05
0.06,0.2,lognorm,lognormal,True,3.474836400356412e-05
0.06,0.2,lognorm,lognormal,True,0.6381208103008172
0.06,0.2,lognorm,lognormal,True,0.5703706480112201
0.06,0.2,lognorm,lognormal,True,0.782614154341835
0.06,0.2,lognorm,lognormal,True,0.005317533576634495
0.06,0.2,lognorm,lognormal,True,0.05840796662872603
0.06,0.2,lognorm,lognormal,True,0.03109901258142433
0.06,0.2,lognorm,lognormal,True,7.441544561386095e-05
0.06,0.2,lognorm,lognormal,True,9.7503819002979e-12
0.06,0.2,lognorm,lognormal,True,0.027965756207758933
0.06,0.2,lognorm,lognormal,True,0.002345777532601545
0.06,0.2,lognorm,lognormal,True,0.5074338805717502
0.06,0.2,lognorm,lognormal,True,0.2048604212112656
