tau,rho,est,dist,obs_conf,pvals
0.09,0.2,lognorm,lognormal,True,0.05987505324369723
0.09,0.2,lognorm,lognormal,True,0.9430514990923639
0.09,0.2,lognorm,lognormal,True,0.15219802126749676
0.09,0.2,lognorm,lognormal,True,0.04258709269915355
0.09,0.2,lognorm,lognormal,True,3.0721659450665764e-06
0.09,0.2,lognorm,lognormal,True,0.21542520928640538
0.09,0.2,lognorm,lognormal,True,0.4162670771470427
0.09,0.2,lognorm,lognormal,True,3.060097528154197e-06
0.09,0.2,lognorm,lognormal,True,0.7296555578531358
0.09,0.2,lognorm,lognormal,True,0.8594959768276833
0.09,0.2,lognorm,lognormal,True,4.388877986829229e-07
0.09,0.2,lognorm,lognormal,True,5.629063401997959e-06
0.09,0.2,lognorm,lognormal,True,0.3830579198672308
0.09,0.2,lognorm,lognormal,True,5.726989796447662e-06
0.09,0.2,lognorm,lognormal,True,0.015113952587577664
0.09,0.2,lognorm,lognormal,True,4.310763785444787e-06
0.09,0.2,lognorm,lognormal,True,7.128136838109869e-26
0.09,0.2,lognorm,lognormal,True,0.003253100528127249
0.09,0.2,lognorm,lognormal,True,0.007804025939843681
0.09,0.2,lognorm,lognormal,True,0.012392941070341605
0.09,0.2,lognorm,lognormal,True,5.564833501685145e-18
0.09,0.2,lognorm,lognormal,True,0.00016377242342868745
0.09,0.2,lognorm,lognormal,True,0.006860820040979545
0.09,0.2,lognorm,lognormal,True,0.14119934069366008
0.09,0.2,lognorm,lognormal,True,0.357065518366976
0.09,0.2,lognorm,lognormal,True,5.756743763562488e-11
0.09,0.2,lognorm,lognormal,True,2.45312530382671e-07
0.09,0.2,lognorm,lognormal,True,1.0547190737102764e-16
0.09,0.2,lognorm,lognormal,True,3.012142598618906e-23
0.09,0.2,lognorm,lognormal,True,7.108620950960546e-07
0.09,0.2,lognorm,lognormal,True,0.1515982682041493
0.09,0.2,lognorm,lognormal,True,6.662738408052023e-05
0.09,0.2,lognorm,lognormal,True,0.18450964012959448
0.09,0.2,lognorm,lognormal,True,3.3447628448711874e-06
0.09,0.2,lognorm,lognormal,True,0.12668187933698077
0.09,0.2,lognorm,lognormal,True,0.04786200176826895
0.09,0.2,lognorm,lognormal,True,0.0009393586106862759
0.09,0.2,lognorm,lognormal,True,0.0002405315928404875
0.09,0.2,lognorm,lognormal,True,1.8786093420671052e-06
0.09,0.2,lognorm,lognormal,True,0.13558124914917583
0.09,0.2,lognorm,lognormal,True,0.05240035623899758
0.09,0.2,lognorm,lognormal,True,0.03593310505306877
0.09,0.2,lognorm,lognormal,True,0.062490722265218825
0.09,0.2,lognorm,lognormal,True,1.280256185885092e-13
0.09,0.2,lognorm,lognormal,True,0.8598415956813031
0.09,0.2,lognorm,lognormal,True,2.0365029163582593e-06
0.09,0.2,lognorm,lognormal,True,5.384382264155823e-13
0.09,0.2,lognorm,lognormal,True,0.009946074249175088
0.09,0.2,lognorm,lognormal,True,0.010251069074772525
0.09,0.2,lognorm,lognormal,True,0.012277891103119295
0.09,0.2,lognorm,lognormal,True,1.0502376071077297e-05
0.09,0.2,lognorm,lognormal,True,8.425566106129733e-15
0.09,0.2,lognorm,lognormal,True,1.0933330724596655e-19
0.09,0.2,lognorm,lognormal,True,0.00041624651835892967
0.09,0.2,lognorm,lognormal,True,0.7596994723659548
0.09,0.2,lognorm,lognormal,True,1.2423507721032544e-13
0.09,0.2,lognorm,lognormal,True,8.426737454347646e-06
0.09,0.2,lognorm,lognormal,True,0.0003668962355339108
0.09,0.2,lognorm,lognormal,True,0.01857183834753029
0.09,0.2,lognorm,lognormal,True,0.09117915471735832
0.09,0.2,lognorm,lognormal,True,4.250000284230666e-06
0.09,0.2,lognorm,lognormal,True,0.9177447705871835
0.09,0.2,lognorm,lognormal,True,3.9012202756269265e-05
0.09,0.2,lognorm,lognormal,True,2.398764704032404e-05
0.09,0.2,lognorm,lognormal,True,1.3554962351894826e-05
0.09,0.2,lognorm,lognormal,True,0.2775287122455214
0.09,0.2,lognorm,lognormal,True,0.9561849667321017
0.09,0.2,lognorm,lognormal,True,0.15057168788426412
0.09,0.2,lognorm,lognormal,True,0.02188211882131685
0.09,0.2,lognorm,lognormal,True,0.00806702577437948
0.09,0.2,lognorm,lognormal,True,6.527058541969879e-07
0.09,0.2,lognorm,lognormal,True,0.14226302451618364
0.09,0.2,lognorm,lognormal,True,0.23412733273200315
0.09,0.2,lognorm,lognormal,True,1.146448817405507e-08
0.09,0.2,lognorm,lognormal,True,1.0364492759343981e-08
0.09,0.2,lognorm,lognormal,True,0.012182820514921679
0.09,0.2,lognorm,lognormal,True,0.005558642043764233
0.09,0.2,lognorm,lognormal,True,0.0006185977078337878
0.09,0.2,lognorm,lognormal,True,0.19530236671068843
0.09,0.2,lognorm,lognormal,True,0.7409553967374585
0.09,0.2,lognorm,lognormal,True,0.2816928085408321
0.09,0.2,lognorm,lognormal,True,0.00022268346042354756
0.09,0.2,lognorm,lognormal,True,0.06696618073649689
0.09,0.2,lognorm,lognormal,True,8.839813987582268e-10
0.09,0.2,lognorm,lognormal,True,0.028849407481917614
0.09,0.2,lognorm,lognormal,True,0.0039942697160044475
0.09,0.2,lognorm,lognormal,True,1.2261896527061402e-06
0.09,0.2,lognorm,lognormal,True,5.192348176936934e-06
0.09,0.2,lognorm,lognormal,True,0.9205226765580352
0.09,0.2,lognorm,lognormal,True,0.3579760821533067
0.09,0.2,lognorm,lognormal,True,0.5071674448809922
0.09,0.2,lognorm,lognormal,True,0.0221289369209962
0.09,0.2,lognorm,lognormal,True,0.0160517615681924
0.09,0.2,lognorm,lognormal,True,0.10838758229477684
0.09,0.2,lognorm,lognormal,True,0.00029614010851902495
0.09,0.2,lognorm,lognormal,True,4.02363588520284e-10
0.09,0.2,lognorm,lognormal,True,0.10229937597345548
0.09,0.2,lognorm,lognormal,True,0.0008993580439778174
0.09,0.2,lognorm,lognormal,True,0.07845959852054395
0.09,0.2,lognorm,lognormal,True,0.012377731298647223
