tau,rho,est,dist,obs_conf,pvals
0.03,0.2,lognorm,lognormal,True,0.0035894665933416804
0.03,0.2,lognorm,lognormal,True,0.054525175907212835
0.03,0.2,lognorm,lognormal,True,0.768779027021792
0.03,0.2,lognorm,lognormal,True,0.0037859904319263917
0.03,0.2,lognorm,lognormal,True,0.0006479288605531422
0.03,0.2,lognorm,lognormal,True,0.017667790230885043
0.03,0.2,lognorm,lognormal,True,0.6544991681954859
0.03,0.2,lognorm,lognormal,True,0.0004847520333555046
0.03,0.2,lognorm,lognormal,True,0.27977524829612255
0.03,0.2,lognorm,lognormal,True,0.29488844795906444
0.03,0.2,lognorm,lognormal,True,0.00026649174975002416
0.03,0.2,lognorm,lognormal,True,0.0006001206936490185
0.03,0.2,lognorm,lognormal,True,0.5833970717605114
0.03,0.2,lognorm,lognormal,True,0.001668196460887855
0.03,0.2,lognorm,lognormal,True,0.27254011591264743
0.03,0.2,lognorm,lognormal,True,0.0015266867976369285
0.03,0.2,lognorm,lognormal,True,9.685644652503524e-20
0.03,0.2,lognorm,lognormal,True,6.161673128457065e-05
0.03,0.2,lognorm,lognormal,True,0.10421984848102615
0.03,0.2,lognorm,lognormal,True,0.1969390501421685
0.03,0.2,lognorm,lognormal,True,3.654815251271531e-13
0.03,0.2,lognorm,lognormal,True,4.479586927306141e-06
0.03,0.2,lognorm,lognormal,True,2.71741949628021e-05
0.03,0.2,lognorm,lognormal,True,0.007239689419676205
0.03,0.2,lognorm,lognormal,True,0.021012663079342953
0.03,0.2,lognorm,lognormal,True,9.646523333878899e-07
0.03,0.2,lognorm,lognormal,True,0.00010979320546642469
0.03,0.2,lognorm,lognormal,True,7.992805581020303e-12
0.03,0.2,lognorm,lognormal,True,1.686275182742729e-17
0.03,0.2,lognorm,lognormal,True,0.00011466187350145917
0.03,0.2,lognorm,lognormal,True,0.026028148165804597
0.03,0.2,lognorm,lognormal,True,0.00218955071758482
0.03,0.2,lognorm,lognormal,True,0.007105806344488605
0.03,0.2,lognorm,lognormal,True,0.0007431985972807419
0.03,0.2,lognorm,lognormal,True,0.8194925687536112
0.03,0.2,lognorm,lognormal,True,0.0007455846856421241
0.03,0.2,lognorm,lognormal,True,0.0331349091661857
0.03,0.2,lognorm,lognormal,True,0.017580707472256166
0.03,0.2,lognorm,lognormal,True,0.0008899430222643502
0.03,0.2,lognorm,lognormal,True,0.9219498104435411
0.03,0.2,lognorm,lognormal,True,0.5174589288608177
0.03,0.2,lognorm,lognormal,True,0.2061460279573692
0.03,0.2,lognorm,lognormal,True,0.5686979812442559
0.03,0.2,lognorm,lognormal,True,6.561350042775093e-09
0.03,0.2,lognorm,lognormal,True,0.2089697270146314
0.03,0.2,lognorm,lognormal,True,0.0007500888646590474
0.03,0.2,lognorm,lognormal,True,2.51569427501904e-10
0.03,0.2,lognorm,lognormal,True,0.1255204898011263
0.03,0.2,lognorm,lognormal,True,0.38473880273241434
0.03,0.2,lognorm,lognormal,True,0.4459534935639117
0.03,0.2,lognorm,lognormal,True,1.1860489274552332e-07
0.03,0.2,lognorm,lognormal,True,4.0735890202366815e-11
0.03,0.2,lognorm,lognormal,True,2.2397486913588128e-14
0.03,0.2,lognorm,lognormal,True,4.429811247515199e-06
0.03,0.2,lognorm,lognormal,True,0.10746235261859996
0.03,0.2,lognorm,lognormal,True,3.829454091445842e-09
0.03,0.2,lognorm,lognormal,True,0.0003941201762930222
0.03,0.2,lognorm,lognormal,True,0.007412619480407867
0.03,0.2,lognorm,lognormal,True,0.36204524152943207
0.03,0.2,lognorm,lognormal,True,0.8155811888743862
0.03,0.2,lognorm,lognormal,True,0.01053225427120559
0.03,0.2,lognorm,lognormal,True,0.18664024083854291
0.03,0.2,lognorm,lognormal,True,3.040177881157408e-07
0.03,0.2,lognorm,lognormal,True,0.006931129376543082
0.03,0.2,lognorm,lognormal,True,0.0008124498268712991
0.03,0.2,lognorm,lognormal,True,0.05325047785395244
0.03,0.2,lognorm,lognormal,True,0.32735506924222263
0.03,0.2,lognorm,lognormal,True,0.7881829347038813
0.03,0.2,lognorm,lognormal,True,0.24516682496137254
0.03,0.2,lognorm,lognormal,True,7.419257171688637e-05
0.03,0.2,lognorm,lognormal,True,0.00025013997578614034
0.03,0.2,lognorm,lognormal,True,0.014829166281371634
0.03,0.2,lognorm,lognormal,True,0.9903539383109881
0.03,0.2,lognorm,lognormal,True,9.277659185241954e-06
0.03,0.2,lognorm,lognormal,True,0.00010717105786855781
0.03,0.2,lognorm,lognormal,True,0.4181627367986338
0.03,0.2,lognorm,lognormal,True,0.10444349182752129
0.03,0.2,lognorm,lognormal,True,0.015819817391777062
0.03,0.2,lognorm,lognormal,True,0.03206926811315576
0.03,0.2,lognorm,lognormal,True,0.16662008791614225
0.03,0.2,lognorm,lognormal,True,0.03714818148529129
0.03,0.2,lognorm,lognormal,True,0.02327728202336686
0.03,0.2,lognorm,lognormal,True,0.5345733959348249
0.03,0.2,lognorm,lognormal,True,3.329758292597275e-07
0.03,0.2,lognorm,lognormal,True,0.34073306352395694
0.03,0.2,lognorm,lognormal,True,0.07445424426607845
0.03,0.2,lognorm,lognormal,True,0.000929611916120111
0.03,0.2,lognorm,lognormal,True,0.0006333045328489376
0.03,0.2,lognorm,lognormal,True,0.2875612018786121
0.03,0.2,lognorm,lognormal,True,0.7685622355979314
0.03,0.2,lognorm,lognormal,True,0.5912536859426174
0.03,0.2,lognorm,lognormal,True,0.001739097938200492
0.03,0.2,lognorm,lognormal,True,0.24554210970827015
0.03,0.2,lognorm,lognormal,True,0.0034994422414584866
0.03,0.2,lognorm,lognormal,True,9.903347125000104e-06
0.03,0.2,lognorm,lognormal,True,3.638206036780298e-13
0.03,0.2,lognorm,lognormal,True,0.005885410249662589
0.03,0.2,lognorm,lognormal,True,0.012532524056230563
0.03,0.2,lognorm,lognormal,True,0.8623086693951727
0.03,0.2,lognorm,lognormal,True,0.7493435469936123
