tau,rho,est,dist,obs_conf,pvals
0.03,-0.2,mvnorm,lognormal,True,0.005555307958459143
0.03,-0.2,mvnorm,lognormal,True,0.00027300614856586817
0.03,-0.2,mvnorm,lognormal,True,0.005114116774860632
0.03,-0.2,mvnorm,lognormal,True,0.6010717894568438
0.03,-0.2,mvnorm,lognormal,True,0.7070165590388837
0.03,-0.2,mvnorm,lognormal,True,0.1534537616360962
0.03,-0.2,mvnorm,lognormal,True,0.006495287132409367
0.03,-0.2,mvnorm,lognormal,True,0.2645331894297905
0.03,-0.2,mvnorm,lognormal,True,0.09606165277046834
0.03,-0.2,mvnorm,lognormal,True,0.03912322977254297
0.03,-0.2,mvnorm,lognormal,True,0.973297584555321
0.03,-0.2,mvnorm,lognormal,True,6.17871061949113e-06
0.03,-0.2,mvnorm,lognormal,True,0.00018667760235177726
0.03,-0.2,mvnorm,lognormal,True,0.0007273483374818859
0.03,-0.2,mvnorm,lognormal,True,0.07936222074821059
0.03,-0.2,mvnorm,lognormal,True,0.06788231977657982
0.03,-0.2,mvnorm,lognormal,True,7.522562185611465e-08
0.03,-0.2,mvnorm,lognormal,True,0.5202521886071703
0.03,-0.2,mvnorm,lognormal,True,0.6191387188692239
0.03,-0.2,mvnorm,lognormal,True,5.1569895962087806e-05
0.03,-0.2,mvnorm,lognormal,True,5.1285553229428e-06
0.03,-0.2,mvnorm,lognormal,True,0.0001527083747787937
0.03,-0.2,mvnorm,lognormal,True,0.005654362950249362
0.03,-0.2,mvnorm,lognormal,True,0.9061700933617844
0.03,-0.2,mvnorm,lognormal,True,0.24288193842335346
0.03,-0.2,mvnorm,lognormal,True,4.424923804413514e-05
0.03,-0.2,mvnorm,lognormal,True,0.8952240679779976
0.03,-0.2,mvnorm,lognormal,True,0.0020122766771007677
0.03,-0.2,mvnorm,lognormal,True,0.05655518748523314
0.03,-0.2,mvnorm,lognormal,True,0.11613272421056427
0.03,-0.2,mvnorm,lognormal,True,0.00023695889893610492
0.03,-0.2,mvnorm,lognormal,True,0.7602865295247098
0.03,-0.2,mvnorm,lognormal,True,0.0451933006192474
0.03,-0.2,mvnorm,lognormal,True,0.0013518796028728537
0.03,-0.2,mvnorm,lognormal,True,0.5136867780589955
0.03,-0.2,mvnorm,lognormal,True,0.034641744360936644
0.03,-0.2,mvnorm,lognormal,True,0.08644251950555179
0.03,-0.2,mvnorm,lognormal,True,0.0007315483913872617
0.03,-0.2,mvnorm,lognormal,True,8.56896997783233e-07
0.03,-0.2,mvnorm,lognormal,True,0.001094226411407988
0.03,-0.2,mvnorm,lognormal,True,0.00029244828060266405
0.03,-0.2,mvnorm,lognormal,True,0.000308729983921228
0.03,-0.2,mvnorm,lognormal,True,0.0002076091273041433
0.03,-0.2,mvnorm,lognormal,True,0.016483258830923112
0.03,-0.2,mvnorm,lognormal,True,0.5592830823836988
0.03,-0.2,mvnorm,lognormal,True,0.048385886894364835
0.03,-0.2,mvnorm,lognormal,True,0.013613901685806626
0.03,-0.2,mvnorm,lognormal,True,0.0013852499385257023
0.03,-0.2,mvnorm,lognormal,True,0.00013195035249092678
0.03,-0.2,mvnorm,lognormal,True,2.7566565998728318e-14
0.03,-0.2,mvnorm,lognormal,True,0.6920193206661884
0.03,-0.2,mvnorm,lognormal,True,0.9927399901839234
0.03,-0.2,mvnorm,lognormal,True,0.6073699263393937
0.03,-0.2,mvnorm,lognormal,True,0.005406735989573992
0.03,-0.2,mvnorm,lognormal,True,0.810762807208552
0.03,-0.2,mvnorm,lognormal,True,0.1301707029183228
0.03,-0.2,mvnorm,lognormal,True,0.16912657778403922
0.03,-0.2,mvnorm,lognormal,True,0.42383527507372953
0.03,-0.2,mvnorm,lognormal,True,3.9744503066521746e-05
0.03,-0.2,mvnorm,lognormal,True,0.19471435828692585
0.03,-0.2,mvnorm,lognormal,True,0.03570033629333565
0.03,-0.2,mvnorm,lognormal,True,3.104787475797278e-06
0.03,-0.2,mvnorm,lognormal,True,2.0568611526950382e-06
0.03,-0.2,mvnorm,lognormal,True,5.9574542862833505e-05
0.03,-0.2,mvnorm,lognormal,True,0.3377119283226037
0.03,-0.2,mvnorm,lognormal,True,0.03179420628159017
0.03,-0.2,mvnorm,lognormal,True,0.05693199552452532
0.03,-0.2,mvnorm,lognormal,True,2.0427924980684697e-05
0.03,-0.2,mvnorm,lognormal,True,0.0002736210683951441
0.03,-0.2,mvnorm,lognormal,True,2.5826635386302234e-07
0.03,-0.2,mvnorm,lognormal,True,0.10978229800824038
0.03,-0.2,mvnorm,lognormal,True,2.3020910164785685e-06
0.03,-0.2,mvnorm,lognormal,True,0.11704509799448501
0.03,-0.2,mvnorm,lognormal,True,0.7311325756133775
0.03,-0.2,mvnorm,lognormal,True,0.0016361802158649005
0.03,-0.2,mvnorm,lognormal,True,0.027298796484393345
0.03,-0.2,mvnorm,lognormal,True,0.008882147470895177
0.03,-0.2,mvnorm,lognormal,True,0.001304128781911727
0.03,-0.2,mvnorm,lognormal,True,0.039622360362268745
0.03,-0.2,mvnorm,lognormal,True,0.04243284191777918
0.03,-0.2,mvnorm,lognormal,True,0.26187624526249353
0.03,-0.2,mvnorm,lognormal,True,0.03449118737360271
0.03,-0.2,mvnorm,lognormal,True,0.21704301236387735
0.03,-0.2,mvnorm,lognormal,True,2.5235331414490574e-06
0.03,-0.2,mvnorm,lognormal,True,0.26657643121306074
0.03,-0.2,mvnorm,lognormal,True,0.01963921022884349
0.03,-0.2,mvnorm,lognormal,True,0.00015171101870216938
0.03,-0.2,mvnorm,lognormal,True,0.0011654526109720164
0.03,-0.2,mvnorm,lognormal,True,0.9979997732743545
0.03,-0.2,mvnorm,lognormal,True,0.00015322704050041636
0.03,-0.2,mvnorm,lognormal,True,0.4454902362271229
0.03,-0.2,mvnorm,lognormal,True,0.999431514264286
0.03,-0.2,mvnorm,lognormal,True,0.06494680399935754
0.03,-0.2,mvnorm,lognormal,True,0.0029151902581008504
0.03,-0.2,mvnorm,lognormal,True,0.0025257897267195427
0.03,-0.2,mvnorm,lognormal,True,0.01281186492227474
0.03,-0.2,mvnorm,lognormal,True,6.064690716319204e-10
0.03,-0.2,mvnorm,lognormal,True,0.28341155424573033
0.03,-0.2,mvnorm,lognormal,True,0.18394917603123911
0.03,-0.2,mvnorm,lognormal,True,0.9143804793847081
