tau,rho,est,dist,obs_conf,pvals
0.12,0.4,mvnorm,lognormal,True,0.27249260066415104
0.12,0.4,mvnorm,lognormal,True,0.016637222867461204
0.12,0.4,mvnorm,lognormal,True,8.760786756344504e-07
0.12,0.4,mvnorm,lognormal,True,1.4829764184111498e-10
0.12,0.4,mvnorm,lognormal,True,0.0006266153777052664
0.12,0.4,mvnorm,lognormal,True,0.9917683006709803
0.12,0.4,mvnorm,lognormal,True,0.26107865743768677
0.12,0.4,mvnorm,lognormal,True,4.7909998619262784e-17
0.12,0.4,mvnorm,lognormal,True,0.5968015010149309
0.12,0.4,mvnorm,lognormal,True,6.033206314066033e-19
0.12,0.4,mvnorm,lognormal,True,0.7939591449729233
0.12,0.4,mvnorm,lognormal,True,0.1898128877250057
0.12,0.4,mvnorm,lognormal,True,0.41825835735237005
0.12,0.4,mvnorm,lognormal,True,0.4192416299284373
0.12,0.4,mvnorm,lognormal,True,2.1369748458575643e-05
0.12,0.4,mvnorm,lognormal,True,0.003069028325521202
0.12,0.4,mvnorm,lognormal,True,0.708858176807541
0.12,0.4,mvnorm,lognormal,True,0.02027662019168228
0.12,0.4,mvnorm,lognormal,True,0.3437367172092216
0.12,0.4,mvnorm,lognormal,True,5.833064322672609e-30
0.12,0.4,mvnorm,lognormal,True,4.452458580407024e-05
0.12,0.4,mvnorm,lognormal,True,0.18642686321441249
0.12,0.4,mvnorm,lognormal,True,6.0116965756378205e-18
0.12,0.4,mvnorm,lognormal,True,0.0037052676905135053
0.12,0.4,mvnorm,lognormal,True,0.23774534664337812
0.12,0.4,mvnorm,lognormal,True,0.024904410245918943
0.12,0.4,mvnorm,lognormal,True,0.4402943876628489
0.12,0.4,mvnorm,lognormal,True,1.3357516966549078e-10
0.12,0.4,mvnorm,lognormal,True,2.7805231888782003e-10
0.12,0.4,mvnorm,lognormal,True,0.9365778491425782
0.12,0.4,mvnorm,lognormal,True,8.319540117450984e-07
0.12,0.4,mvnorm,lognormal,True,0.010131456915486142
0.12,0.4,mvnorm,lognormal,True,0.0036441264066899856
0.12,0.4,mvnorm,lognormal,True,0.002072482826548268
0.12,0.4,mvnorm,lognormal,True,6.46388607479995e-16
0.12,0.4,mvnorm,lognormal,True,0.026631278627214237
0.12,0.4,mvnorm,lognormal,True,0.20015958486351967
0.12,0.4,mvnorm,lognormal,True,3.0183457866985858e-15
0.12,0.4,mvnorm,lognormal,True,0.13840700852020044
0.12,0.4,mvnorm,lognormal,True,0.17067304429619634
0.12,0.4,mvnorm,lognormal,True,0.00816547430256227
0.12,0.4,mvnorm,lognormal,True,7.1671708236570785e-06
0.12,0.4,mvnorm,lognormal,True,9.100425218188377e-22
0.12,0.4,mvnorm,lognormal,True,0.010617558793534166
0.12,0.4,mvnorm,lognormal,True,4.5560067234101575e-12
0.12,0.4,mvnorm,lognormal,True,1.6131054881535682e-05
0.12,0.4,mvnorm,lognormal,True,0.001212671018796701
0.12,0.4,mvnorm,lognormal,True,0.26439964674533545
0.12,0.4,mvnorm,lognormal,True,2.0166236787794312e-07
0.12,0.4,mvnorm,lognormal,True,0.9999386234705684
0.12,0.4,mvnorm,lognormal,True,0.31280476292440035
0.12,0.4,mvnorm,lognormal,True,4.448128713156545e-06
0.12,0.4,mvnorm,lognormal,True,2.954491722158029e-09
0.12,0.4,mvnorm,lognormal,True,1.3905348231635154e-09
0.12,0.4,mvnorm,lognormal,True,0.011165634819669501
0.12,0.4,mvnorm,lognormal,True,0.38174636731942013
0.12,0.4,mvnorm,lognormal,True,0.0009707020764888086
0.12,0.4,mvnorm,lognormal,True,8.843250127339934e-06
0.12,0.4,mvnorm,lognormal,True,0.0006590618578145025
0.12,0.4,mvnorm,lognormal,True,2.8201551887983575e-15
0.12,0.4,mvnorm,lognormal,True,0.0003372820994557086
0.12,0.4,mvnorm,lognormal,True,1.0747755883227926e-13
0.12,0.4,mvnorm,lognormal,True,0.05035276894506284
0.12,0.4,mvnorm,lognormal,True,0.47568756578312255
0.12,0.4,mvnorm,lognormal,True,0.0265568268655222
0.12,0.4,mvnorm,lognormal,True,0.04823718545351365
0.12,0.4,mvnorm,lognormal,True,0.007030798019568302
0.12,0.4,mvnorm,lognormal,True,1.203946688046996e-13
0.12,0.4,mvnorm,lognormal,True,0.15039219906689663
0.12,0.4,mvnorm,lognormal,True,0.049561071485698986
0.12,0.4,mvnorm,lognormal,True,0.19166826678308665
0.12,0.4,mvnorm,lognormal,True,0.0003033223897484564
0.12,0.4,mvnorm,lognormal,True,1.2659667858358999e-05
0.12,0.4,mvnorm,lognormal,True,2.4008782068336597e-06
0.12,0.4,mvnorm,lognormal,True,0.00029902192676462317
0.12,0.4,mvnorm,lognormal,True,1.2423445750785397e-12
0.12,0.4,mvnorm,lognormal,True,1.7126919226267968e-25
0.12,0.4,mvnorm,lognormal,True,8.579734945411218e-15
0.12,0.4,mvnorm,lognormal,True,0.04865486863176134
0.12,0.4,mvnorm,lognormal,True,0.00010345831708833521
0.12,0.4,mvnorm,lognormal,True,8.907643658119264e-05
0.12,0.4,mvnorm,lognormal,True,1.49964557978555e-05
0.12,0.4,mvnorm,lognormal,True,0.06549533509760061
0.12,0.4,mvnorm,lognormal,True,0.2654394401462446
0.12,0.4,mvnorm,lognormal,True,0.04330419207357213
0.12,0.4,mvnorm,lognormal,True,0.4176865215069493
0.12,0.4,mvnorm,lognormal,True,0.057776934955831846
0.12,0.4,mvnorm,lognormal,True,0.01084136189637322
0.12,0.4,mvnorm,lognormal,True,2.171946686278568e-13
0.12,0.4,mvnorm,lognormal,True,0.08656018727570115
0.12,0.4,mvnorm,lognormal,True,3.606257546701827e-05
0.12,0.4,mvnorm,lognormal,True,4.5710207786861216e-09
0.12,0.4,mvnorm,lognormal,True,1.8471857336900704e-06
0.12,0.4,mvnorm,lognormal,True,4.6621652097600714e-07
0.12,0.4,mvnorm,lognormal,True,9.093868656546906e-11
0.12,0.4,mvnorm,lognormal,True,2.7222098335507493e-08
0.12,0.4,mvnorm,lognormal,True,2.0844875495290393e-13
0.12,0.4,mvnorm,lognormal,True,0.5618197496371824
0.12,0.4,mvnorm,lognormal,True,0.0023032090268921774
0.12,0.4,mvnorm,lognormal,True,1.916167037164777e-10
