tau,rho,est,dist,obs_conf,pvals
0.06,-0.4,lognorm,lognormal,True,0.022824043886659328
0.06,-0.4,lognorm,lognormal,True,1.4507092743958966e-25
0.06,-0.4,lognorm,lognormal,True,2.95389328962425e-13
0.06,-0.4,lognorm,lognormal,True,1.069131616695515e-09
0.06,-0.4,lognorm,lognormal,True,0.3408115931727457
0.06,-0.4,lognorm,lognormal,True,0.28565889382338283
0.06,-0.4,lognorm,lognormal,True,5.715825286284256e-13
0.06,-0.4,lognorm,lognormal,True,0.01273287695511241
0.06,-0.4,lognorm,lognormal,True,7.297982160715689e-06
0.06,-0.4,lognorm,lognormal,True,0.021615523047109012
0.06,-0.4,lognorm,lognormal,True,1.4040649054633278e-12
0.06,-0.4,lognorm,lognormal,True,0.005355540670354767
0.06,-0.4,lognorm,lognormal,True,1.3952814841484008e-06
0.06,-0.4,lognorm,lognormal,True,7.614047756113007e-11
0.06,-0.4,lognorm,lognormal,True,0.022514973122218132
0.06,-0.4,lognorm,lognormal,True,3.2505015725842882e-06
0.06,-0.4,lognorm,lognormal,True,0.0002838284341597006
0.06,-0.4,lognorm,lognormal,True,1.3484497423653942e-15
0.06,-0.4,lognorm,lognormal,True,0.6917983123777189
0.06,-0.4,lognorm,lognormal,True,0.8543043232197685
0.06,-0.4,lognorm,lognormal,True,0.03999082477198572
0.06,-0.4,lognorm,lognormal,True,1.5834509303775737e-06
0.06,-0.4,lognorm,lognormal,True,4.6098294849247987e-29
0.06,-0.4,lognorm,lognormal,True,0.20926674051758973
0.06,-0.4,lognorm,lognormal,True,2.5780353020902997e-05
0.06,-0.4,lognorm,lognormal,True,3.946221438255401e-11
0.06,-0.4,lognorm,lognormal,True,6.058256548470223e-10
0.06,-0.4,lognorm,lognormal,True,1.8924604640655727e-06
0.06,-0.4,lognorm,lognormal,True,1.0155902720963087e-10
0.06,-0.4,lognorm,lognormal,True,7.955752877163176e-06
0.06,-0.4,lognorm,lognormal,True,2.767470511273485e-10
0.06,-0.4,lognorm,lognormal,True,0.004667139612310461
0.06,-0.4,lognorm,lognormal,True,4.2069963959232176e-13
0.06,-0.4,lognorm,lognormal,True,2.498578194909416e-07
0.06,-0.4,lognorm,lognormal,True,0.011215212676452362
0.06,-0.4,lognorm,lognormal,True,1.3625841265288776e-31
0.06,-0.4,lognorm,lognormal,True,0.7845374180710395
0.06,-0.4,lognorm,lognormal,True,5.749091508261318e-06
0.06,-0.4,lognorm,lognormal,True,0.2843930112928361
0.06,-0.4,lognorm,lognormal,True,0.28809348973508264
0.06,-0.4,lognorm,lognormal,True,0.0006638131055304747
0.06,-0.4,lognorm,lognormal,True,4.3986055698304646e-07
0.06,-0.4,lognorm,lognormal,True,2.5203634862330633e-05
0.06,-0.4,lognorm,lognormal,True,0.36460396915065485
0.06,-0.4,lognorm,lognormal,True,0.0002775702397838493
0.06,-0.4,lognorm,lognormal,True,0.9623112223817833
0.06,-0.4,lognorm,lognormal,True,0.008318570783984167
0.06,-0.4,lognorm,lognormal,True,0.0004198092916217128
0.06,-0.4,lognorm,lognormal,True,0.9703988482880248
0.06,-0.4,lognorm,lognormal,True,0.0004059952354580939
0.06,-0.4,lognorm,lognormal,True,9.104303633038834e-40
0.06,-0.4,lognorm,lognormal,True,0.0981579764400527
0.06,-0.4,lognorm,lognormal,True,1.0388433153459938e-05
0.06,-0.4,lognorm,lognormal,True,1.6599112439800525e-15
0.06,-0.4,lognorm,lognormal,True,1.110318131620908e-16
0.06,-0.4,lognorm,lognormal,True,3.092301570147107e-05
0.06,-0.4,lognorm,lognormal,True,0.3934295980723529
0.06,-0.4,lognorm,lognormal,True,0.010375425614153114
0.06,-0.4,lognorm,lognormal,True,0.04917452747096344
0.06,-0.4,lognorm,lognormal,True,9.742203856549986e-10
0.06,-0.4,lognorm,lognormal,True,0.15821457303893247
0.06,-0.4,lognorm,lognormal,True,2.2458284731255252e-15
0.06,-0.4,lognorm,lognormal,True,6.307453778625414e-08
0.06,-0.4,lognorm,lognormal,True,2.715293099407526e-10
0.06,-0.4,lognorm,lognormal,True,0.0040185154725681715
0.06,-0.4,lognorm,lognormal,True,0.010555534547721755
0.06,-0.4,lognorm,lognormal,True,0.42120119052155647
0.06,-0.4,lognorm,lognormal,True,0.003494482586197939
0.06,-0.4,lognorm,lognormal,True,0.0019588081279657754
0.06,-0.4,lognorm,lognormal,True,0.4793415076247872
0.06,-0.4,lognorm,lognormal,True,4.270501869267096e-13
0.06,-0.4,lognorm,lognormal,True,1.395808016840482e-05
0.06,-0.4,lognorm,lognormal,True,8.270774684364709e-05
0.06,-0.4,lognorm,lognormal,True,0.7476051231944675
0.06,-0.4,lognorm,lognormal,True,0.04032745148425222
0.06,-0.4,lognorm,lognormal,True,0.000426955401613278
0.06,-0.4,lognorm,lognormal,True,0.19723505406826053
0.06,-0.4,lognorm,lognormal,True,2.251313271368044e-16
0.06,-0.4,lognorm,lognormal,True,0.0003757583076222987
0.06,-0.4,lognorm,lognormal,True,0.007251959639537609
0.06,-0.4,lognorm,lognormal,True,0.19996585020640845
0.06,-0.4,lognorm,lognormal,True,0.19143319098744405
0.06,-0.4,lognorm,lognormal,True,2.743403422215465e-20
0.06,-0.4,lognorm,lognormal,True,0.005531000003444978
0.06,-0.4,lognorm,lognormal,True,2.425641535731728e-13
0.06,-0.4,lognorm,lognormal,True,1.1864589298488443e-15
0.06,-0.4,lognorm,lognormal,True,1.5746371523391343e-11
0.06,-0.4,lognorm,lognormal,True,1.4168543672100076e-17
0.06,-0.4,lognorm,lognormal,True,2.747221594191706e-07
0.06,-0.4,lognorm,lognormal,True,0.0008339791439502943
0.06,-0.4,lognorm,lognormal,True,1.325203012928444e-23
0.06,-0.4,lognorm,lognormal,True,1.3439111833591935e-20
0.06,-0.4,lognorm,lognormal,True,0.8872341560395314
0.06,-0.4,lognorm,lognormal,True,6.605798299162777e-23
0.06,-0.4,lognorm,lognormal,True,4.982835810158916e-05
0.06,-0.4,lognorm,lognormal,True,6.068931090839628e-23
0.06,-0.4,lognorm,lognormal,True,2.0560026761163323e-13
0.06,-0.4,lognorm,lognormal,True,0.06685205424529936
0.06,-0.4,lognorm,lognormal,True,0.11987254286743133
0.06,-0.4,lognorm,lognormal,True,0.14891714807002923
