tau,rho,est,dist,obs_conf,pvals
0.12,-0.4,mvnorm,lognormal,True,0.014042928073288628
0.12,-0.4,mvnorm,lognormal,True,2.800279176001737e-15
0.12,-0.4,mvnorm,lognormal,True,4.473261807199199e-08
0.12,-0.4,mvnorm,lognormal,True,2.5822740912196767e-06
0.12,-0.4,mvnorm,lognormal,True,0.7618240241297163
0.12,-0.4,mvnorm,lognormal,True,0.0005411202695699834
0.12,-0.4,mvnorm,lognormal,True,7.474840694142083e-13
0.12,-0.4,mvnorm,lognormal,True,1.953765002964703e-08
0.12,-0.4,mvnorm,lognormal,True,0.3393024260840358
0.12,-0.4,mvnorm,lognormal,True,3.994221701118705e-05
0.12,-0.4,mvnorm,lognormal,True,0.728930218052233
0.12,-0.4,mvnorm,lognormal,True,0.08366848959661496
0.12,-0.4,mvnorm,lognormal,True,3.077003990370056e-08
0.12,-0.4,mvnorm,lognormal,True,5.095889130134402e-05
0.12,-0.4,mvnorm,lognormal,True,0.15780152110586038
0.12,-0.4,mvnorm,lognormal,True,0.0036319938220425595
0.12,-0.4,mvnorm,lognormal,True,7.553003778947073e-10
0.12,-0.4,mvnorm,lognormal,True,3.1011991073338765e-05
0.12,-0.4,mvnorm,lognormal,True,0.0010088976884943606
0.12,-0.4,mvnorm,lognormal,True,1.0485481180772038e-08
0.12,-0.4,mvnorm,lognormal,True,8.144544855739389e-10
0.12,-0.4,mvnorm,lognormal,True,0.019233858502263577
0.12,-0.4,mvnorm,lognormal,True,1.4682808258458026e-06
0.12,-0.4,mvnorm,lognormal,True,0.03957957843034385
0.12,-0.4,mvnorm,lognormal,True,1.2995789451436175e-07
0.12,-0.4,mvnorm,lognormal,True,1.0831801361478256e-11
0.12,-0.4,mvnorm,lognormal,True,0.0003115015043382222
0.12,-0.4,mvnorm,lognormal,True,0.0009970633637547042
0.12,-0.4,mvnorm,lognormal,True,4.919102871047053e-07
0.12,-0.4,mvnorm,lognormal,True,0.8467641936047862
0.12,-0.4,mvnorm,lognormal,True,0.0007757536739613129
0.12,-0.4,mvnorm,lognormal,True,0.738470979895933
0.12,-0.4,mvnorm,lognormal,True,0.9409854568329851
0.12,-0.4,mvnorm,lognormal,True,2.351813129845305e-05
0.12,-0.4,mvnorm,lognormal,True,0.0006015800455585787
0.12,-0.4,mvnorm,lognormal,True,1.3008573347056263e-09
0.12,-0.4,mvnorm,lognormal,True,0.0018905265061256622
0.12,-0.4,mvnorm,lognormal,True,8.244064672691369e-08
0.12,-0.4,mvnorm,lognormal,True,3.6211219795684046e-09
0.12,-0.4,mvnorm,lognormal,True,4.317427638464109e-05
0.12,-0.4,mvnorm,lognormal,True,1.4618736160129876e-07
0.12,-0.4,mvnorm,lognormal,True,0.03564315346660214
0.12,-0.4,mvnorm,lognormal,True,0.07713122652094002
0.12,-0.4,mvnorm,lognormal,True,0.05346749349699653
0.12,-0.4,mvnorm,lognormal,True,0.0022620812309410857
0.12,-0.4,mvnorm,lognormal,True,0.012135770747670357
0.12,-0.4,mvnorm,lognormal,True,0.3408716658309654
0.12,-0.4,mvnorm,lognormal,True,1.630196993464733e-05
0.12,-0.4,mvnorm,lognormal,True,2.1883626863600563e-08
0.12,-0.4,mvnorm,lognormal,True,1.1415708378999358e-21
0.12,-0.4,mvnorm,lognormal,True,0.061468035146053396
0.12,-0.4,mvnorm,lognormal,True,0.6564878345211136
0.12,-0.4,mvnorm,lognormal,True,0.004047426586512488
0.12,-0.4,mvnorm,lognormal,True,1.675607036698552e-05
0.12,-0.4,mvnorm,lognormal,True,2.659601150503377e-06
0.12,-0.4,mvnorm,lognormal,True,0.002325969287553722
0.12,-0.4,mvnorm,lognormal,True,0.1273488550550711
0.12,-0.4,mvnorm,lognormal,True,0.5805334063759122
0.12,-0.4,mvnorm,lognormal,True,1.1078770780638964e-12
0.12,-0.4,mvnorm,lognormal,True,5.578826473736551e-09
0.12,-0.4,mvnorm,lognormal,True,0.0036467178276749575
0.12,-0.4,mvnorm,lognormal,True,0.008975461066332945
0.12,-0.4,mvnorm,lognormal,True,2.885992425002147e-17
0.12,-0.4,mvnorm,lognormal,True,2.0704572796711015e-13
0.12,-0.4,mvnorm,lognormal,True,0.007405959826625149
0.12,-0.4,mvnorm,lognormal,True,2.391168311732983e-08
0.12,-0.4,mvnorm,lognormal,True,0.00025409386879780415
0.12,-0.4,mvnorm,lognormal,True,2.977288791415178e-12
0.12,-0.4,mvnorm,lognormal,True,0.5583073416411781
0.12,-0.4,mvnorm,lognormal,True,0.007342602869380232
0.12,-0.4,mvnorm,lognormal,True,4.568626820946184e-09
0.12,-0.4,mvnorm,lognormal,True,0.00014366217360722793
0.12,-0.4,mvnorm,lognormal,True,2.7448513263320332e-08
0.12,-0.4,mvnorm,lognormal,True,5.3619717957556816e-08
0.12,-0.4,mvnorm,lognormal,True,6.975784934907029e-11
0.12,-0.4,mvnorm,lognormal,True,3.4046363053795075e-05
0.12,-0.4,mvnorm,lognormal,True,2.4952720078398016e-05
0.12,-0.4,mvnorm,lognormal,True,1.0888541999032767e-16
0.12,-0.4,mvnorm,lognormal,True,0.0011460822600432002
0.12,-0.4,mvnorm,lognormal,True,0.030660996117918587
0.12,-0.4,mvnorm,lognormal,True,0.010683723199744711
0.12,-0.4,mvnorm,lognormal,True,3.7739177791223645e-08
0.12,-0.4,mvnorm,lognormal,True,9.021680820911553e-07
0.12,-0.4,mvnorm,lognormal,True,0.00036833506392822314
0.12,-0.4,mvnorm,lognormal,True,9.970303033992133e-07
0.12,-0.4,mvnorm,lognormal,True,0.6373667035237763
0.12,-0.4,mvnorm,lognormal,True,4.9059232765144256e-11
0.12,-0.4,mvnorm,lognormal,True,1.6055065054011216e-13
0.12,-0.4,mvnorm,lognormal,True,0.003053861071379345
0.12,-0.4,mvnorm,lognormal,True,5.533757564574291e-06
0.12,-0.4,mvnorm,lognormal,True,0.5791859816893381
0.12,-0.4,mvnorm,lognormal,True,0.00319123773255283
0.12,-0.4,mvnorm,lognormal,True,0.11216479166731443
0.12,-0.4,mvnorm,lognormal,True,0.033040064531578206
0.12,-0.4,mvnorm,lognormal,True,2.0221075057644788e-08
0.12,-0.4,mvnorm,lognormal,True,1.9932844394479635e-10
0.12,-0.4,mvnorm,lognormal,True,2.4797070396888457e-28
0.12,-0.4,mvnorm,lognormal,True,0.29891905032081456
0.12,-0.4,mvnorm,lognormal,True,0.0004515312658944825
0.12,-0.4,mvnorm,lognormal,True,0.005047236804914524
