tau,rho,est,dist,obs_conf,pvals
0.15,0.0,lognorm,lognormal,True,0.06966121917630233
0.15,0.0,lognorm,lognormal,True,2.2388341232463025e-05
0.15,0.0,lognorm,lognormal,True,0.01606355708890734
0.15,0.0,lognorm,lognormal,True,0.8911606484299138
0.15,0.0,lognorm,lognormal,True,6.974139743377025e-06
0.15,0.0,lognorm,lognormal,True,0.7126327692881416
0.15,0.0,lognorm,lognormal,True,2.93384771872534e-11
0.15,0.0,lognorm,lognormal,True,0.0008481963202902525
0.15,0.0,lognorm,lognormal,True,0.009693007395475274
0.15,0.0,lognorm,lognormal,True,0.006564698227861549
0.15,0.0,lognorm,lognormal,True,0.0060100143202167075
0.15,0.0,lognorm,lognormal,True,7.522975772703264e-09
0.15,0.0,lognorm,lognormal,True,0.004743682192397465
0.15,0.0,lognorm,lognormal,True,3.619557355417342e-07
0.15,0.0,lognorm,lognormal,True,3.7645264631732864e-05
0.15,0.0,lognorm,lognormal,True,2.3215781929191935e-05
0.15,0.0,lognorm,lognormal,True,2.402083707675456e-07
0.15,0.0,lognorm,lognormal,True,0.01836137875717491
0.15,0.0,lognorm,lognormal,True,0.013004804892866068
0.15,0.0,lognorm,lognormal,True,0.11736181304957999
0.15,0.0,lognorm,lognormal,True,5.919955103800758e-07
0.15,0.0,lognorm,lognormal,True,0.009908261452222763
0.15,0.0,lognorm,lognormal,True,0.00486747629553045
0.15,0.0,lognorm,lognormal,True,0.9640835175946604
0.15,0.0,lognorm,lognormal,True,0.007329988185591548
0.15,0.0,lognorm,lognormal,True,3.2378776613558953e-09
0.15,0.0,lognorm,lognormal,True,1.8542484480546888e-06
0.15,0.0,lognorm,lognormal,True,0.0014350799113737535
0.15,0.0,lognorm,lognormal,True,1.213991500127698e-13
0.15,0.0,lognorm,lognormal,True,0.042073667848890654
0.15,0.0,lognorm,lognormal,True,0.8864391302585571
0.15,0.0,lognorm,lognormal,True,0.001112936249039797
0.15,0.0,lognorm,lognormal,True,0.0035600205374117723
0.15,0.0,lognorm,lognormal,True,0.006627608802326712
0.15,0.0,lognorm,lognormal,True,0.00015557112538567856
0.15,0.0,lognorm,lognormal,True,0.9999548567443657
0.15,0.0,lognorm,lognormal,True,2.8994637272713248e-05
0.15,0.0,lognorm,lognormal,True,0.004587977199254494
0.15,0.0,lognorm,lognormal,True,0.025907834663123436
0.15,0.0,lognorm,lognormal,True,0.44956340453751364
0.15,0.0,lognorm,lognormal,True,6.331336338587426e-08
0.15,0.0,lognorm,lognormal,True,0.43018177757020715
0.15,0.0,lognorm,lognormal,True,3.8107794606866757e-07
0.15,0.0,lognorm,lognormal,True,5.7139452261189887e-08
0.15,0.0,lognorm,lognormal,True,0.4225287401476536
0.15,0.0,lognorm,lognormal,True,4.854031872909829e-06
0.15,0.0,lognorm,lognormal,True,0.00028739610970234577
0.15,0.0,lognorm,lognormal,True,0.006838335587075139
0.15,0.0,lognorm,lognormal,True,0.4015953084288095
0.15,0.0,lognorm,lognormal,True,2.5908737562292483e-06
0.15,0.0,lognorm,lognormal,True,0.0005672255819171273
0.15,0.0,lognorm,lognormal,True,8.25329914654394e-12
0.15,0.0,lognorm,lognormal,True,3.8968387312079676e-05
0.15,0.0,lognorm,lognormal,True,0.003173754990789191
0.15,0.0,lognorm,lognormal,True,0.0001314969337213953
0.15,0.0,lognorm,lognormal,True,0.0034489275290552463
0.15,0.0,lognorm,lognormal,True,1.6909050371331334e-06
0.15,0.0,lognorm,lognormal,True,2.7113366769120777e-06
0.15,0.0,lognorm,lognormal,True,0.009744371659752917
0.15,0.0,lognorm,lognormal,True,0.00010508035657014504
0.15,0.0,lognorm,lognormal,True,1.7046115907885725e-06
0.15,0.0,lognorm,lognormal,True,0.020642048597347484
0.15,0.0,lognorm,lognormal,True,0.7405144695981873
0.15,0.0,lognorm,lognormal,True,6.25023003769429e-08
0.15,0.0,lognorm,lognormal,True,0.00014898300310646525
0.15,0.0,lognorm,lognormal,True,0.0008032087758550015
0.15,0.0,lognorm,lognormal,True,0.12184057292059867
0.15,0.0,lognorm,lognormal,True,0.04952892867554901
0.15,0.0,lognorm,lognormal,True,0.0005006499825203887
0.15,0.0,lognorm,lognormal,True,0.4828630041098143
0.15,0.0,lognorm,lognormal,True,2.4734963758037775e-12
0.15,0.0,lognorm,lognormal,True,0.5661029194852698
0.15,0.0,lognorm,lognormal,True,0.117529366454116
0.15,0.0,lognorm,lognormal,True,7.632560523054412e-12
0.15,0.0,lognorm,lognormal,True,8.619619624166636e-07
0.15,0.0,lognorm,lognormal,True,0.16522867171917194
0.15,0.0,lognorm,lognormal,True,0.0004189185730124751
0.15,0.0,lognorm,lognormal,True,2.563067162341551e-06
0.15,0.0,lognorm,lognormal,True,0.7131321111445775
0.15,0.0,lognorm,lognormal,True,0.10648774093054016
0.15,0.0,lognorm,lognormal,True,0.3274312090865827
0.15,0.0,lognorm,lognormal,True,0.06267345709713285
0.15,0.0,lognorm,lognormal,True,0.12914440401800567
0.15,0.0,lognorm,lognormal,True,6.527400346749697e-06
0.15,0.0,lognorm,lognormal,True,1.0878841648837789e-08
0.15,0.0,lognorm,lognormal,True,7.391291511426074e-08
0.15,0.0,lognorm,lognormal,True,0.09327728690980007
0.15,0.0,lognorm,lognormal,True,0.1107053347173346
0.15,0.0,lognorm,lognormal,True,4.54144349377123e-06
0.15,0.0,lognorm,lognormal,True,0.23502474587644337
0.15,0.0,lognorm,lognormal,True,4.0253433946337765e-09
0.15,0.0,lognorm,lognormal,True,0.043616495415368974
0.15,0.0,lognorm,lognormal,True,0.001676069484109199
0.15,0.0,lognorm,lognormal,True,0.013477708280213729
0.15,0.0,lognorm,lognormal,True,7.806058171104804e-07
0.15,0.0,lognorm,lognormal,True,0.03031568795765991
0.15,0.0,lognorm,lognormal,True,0.5922234297525029
0.15,0.0,lognorm,lognormal,True,0.00036530134771911
0.15,0.0,lognorm,lognormal,True,0.2987039526958613
0.15,0.0,lognorm,lognormal,True,0.002560737325060006
