tau,rho,est,dist,obs_conf,pvals
0.0,-0.2,mvnorm,lognormal,True,0.002595463145855417
0.0,-0.2,mvnorm,lognormal,True,0.001447329576587863
0.0,-0.2,mvnorm,lognormal,True,0.02649593086260512
0.0,-0.2,mvnorm,lognormal,True,0.6692376509277981
0.0,-0.2,mvnorm,lognormal,True,0.28616377031704654
0.0,-0.2,mvnorm,lognormal,True,0.3488797323057976
0.0,-0.2,mvnorm,lognormal,True,0.038485554999832666
0.0,-0.2,mvnorm,lognormal,True,0.7970126343427767
0.0,-0.2,mvnorm,lognormal,True,0.013869738960500621
0.0,-0.2,mvnorm,lognormal,True,0.45491450328188143
0.0,-0.2,mvnorm,lognormal,True,0.6585160203718674
0.0,-0.2,mvnorm,lognormal,True,5.65338774938976e-05
0.0,-0.2,mvnorm,lognormal,True,0.003167363931647228
0.0,-0.2,mvnorm,lognormal,True,0.00016126534134439533
0.0,-0.2,mvnorm,lognormal,True,0.0030427733083035393
0.0,-0.2,mvnorm,lognormal,True,0.020139639523886265
0.0,-0.2,mvnorm,lognormal,True,1.5094076875886514e-06
0.0,-0.2,mvnorm,lognormal,True,0.8970477719448333
0.0,-0.2,mvnorm,lognormal,True,0.8811102889281389
0.0,-0.2,mvnorm,lognormal,True,0.00014144529903382128
0.0,-0.2,mvnorm,lognormal,True,0.0001756027052395738
0.0,-0.2,mvnorm,lognormal,True,0.00015000758359722246
0.0,-0.2,mvnorm,lognormal,True,0.3322264957246666
0.0,-0.2,mvnorm,lognormal,True,0.7424771363958951
0.0,-0.2,mvnorm,lognormal,True,0.6691633266026538
0.0,-0.2,mvnorm,lognormal,True,0.003131504251149575
0.0,-0.2,mvnorm,lognormal,True,0.41710757612860816
0.0,-0.2,mvnorm,lognormal,True,0.012867341601234237
0.0,-0.2,mvnorm,lognormal,True,0.2993656521171122
0.0,-0.2,mvnorm,lognormal,True,0.08077890464481619
0.0,-0.2,mvnorm,lognormal,True,0.00016139064105869595
0.0,-0.2,mvnorm,lognormal,True,0.42866615947374365
0.0,-0.2,mvnorm,lognormal,True,0.09537006199481408
0.0,-0.2,mvnorm,lognormal,True,0.028413380258969136
0.0,-0.2,mvnorm,lognormal,True,0.16259507485545485
0.0,-0.2,mvnorm,lognormal,True,0.08518809562138252
0.0,-0.2,mvnorm,lognormal,True,0.4715532358534533
0.0,-0.2,mvnorm,lognormal,True,0.004171394718439702
0.0,-0.2,mvnorm,lognormal,True,5.9268842542079515e-08
0.0,-0.2,mvnorm,lognormal,True,0.08017342403032963
0.0,-0.2,mvnorm,lognormal,True,0.00010647703666552584
0.0,-0.2,mvnorm,lognormal,True,0.0006536054226866459
0.0,-0.2,mvnorm,lognormal,True,0.008837409817868371
0.0,-0.2,mvnorm,lognormal,True,0.023582089711889555
0.0,-0.2,mvnorm,lognormal,True,0.3452629438249888
0.0,-0.2,mvnorm,lognormal,True,0.13286058340477472
0.0,-0.2,mvnorm,lognormal,True,0.007111268565792536
0.0,-0.2,mvnorm,lognormal,True,0.019564222002091267
0.0,-0.2,mvnorm,lognormal,True,0.012926637797641177
0.0,-0.2,mvnorm,lognormal,True,1.7482880244427527e-11
0.0,-0.2,mvnorm,lognormal,True,0.0375561789956695
0.0,-0.2,mvnorm,lognormal,True,0.020425971351348014
0.0,-0.2,mvnorm,lognormal,True,0.9728491272146373
0.0,-0.2,mvnorm,lognormal,True,0.011499817705201514
0.0,-0.2,mvnorm,lognormal,True,0.8538746859621861
0.0,-0.2,mvnorm,lognormal,True,0.001976842142278947
0.0,-0.2,mvnorm,lognormal,True,0.05743522945238069
0.0,-0.2,mvnorm,lognormal,True,0.003492770247681696
0.0,-0.2,mvnorm,lognormal,True,0.00012107925169428157
0.0,-0.2,mvnorm,lognormal,True,0.23846708670655867
0.0,-0.2,mvnorm,lognormal,True,0.10042904794134339
0.0,-0.2,mvnorm,lognormal,True,1.1091633756629611e-05
0.0,-0.2,mvnorm,lognormal,True,4.97332787515525e-05
0.0,-0.2,mvnorm,lognormal,True,0.0008862909903744619
0.0,-0.2,mvnorm,lognormal,True,0.5477731841866289
0.0,-0.2,mvnorm,lognormal,True,0.2839094665568558
0.0,-0.2,mvnorm,lognormal,True,0.41844453232926093
0.0,-0.2,mvnorm,lognormal,True,0.001052652057919618
0.0,-0.2,mvnorm,lognormal,True,0.0024762503555017462
0.0,-0.2,mvnorm,lognormal,True,1.3145247391222171e-07
0.0,-0.2,mvnorm,lognormal,True,0.12689767807938124
0.0,-0.2,mvnorm,lognormal,True,2.3948801670202347e-08
0.0,-0.2,mvnorm,lognormal,True,0.04635210828884808
0.0,-0.2,mvnorm,lognormal,True,0.908794076931851
0.0,-0.2,mvnorm,lognormal,True,6.354469808862169e-05
0.0,-0.2,mvnorm,lognormal,True,0.7053675142687104
0.0,-0.2,mvnorm,lognormal,True,0.10272870589318232
0.0,-0.2,mvnorm,lognormal,True,0.007954818098788376
0.0,-0.2,mvnorm,lognormal,True,0.09587955122386788
0.0,-0.2,mvnorm,lognormal,True,0.0026244236423270087
0.0,-0.2,mvnorm,lognormal,True,0.05048527408853345
0.0,-0.2,mvnorm,lognormal,True,0.06725921436054107
0.0,-0.2,mvnorm,lognormal,True,0.43342074857638035
0.0,-0.2,mvnorm,lognormal,True,0.0001486557528122322
0.0,-0.2,mvnorm,lognormal,True,0.7329057405470536
0.0,-0.2,mvnorm,lognormal,True,0.010149529072721928
0.0,-0.2,mvnorm,lognormal,True,0.029921479329740343
0.0,-0.2,mvnorm,lognormal,True,0.014937090179427766
0.0,-0.2,mvnorm,lognormal,True,0.1850231095034144
0.0,-0.2,mvnorm,lognormal,True,0.0015972834081766473
0.0,-0.2,mvnorm,lognormal,True,0.20567719689219385
0.0,-0.2,mvnorm,lognormal,True,0.8687480618294314
0.0,-0.2,mvnorm,lognormal,True,0.19063925336573287
0.0,-0.2,mvnorm,lognormal,True,0.02408496405555303
0.0,-0.2,mvnorm,lognormal,True,0.0056154222519535744
0.0,-0.2,mvnorm,lognormal,True,0.007981098950490617
0.0,-0.2,mvnorm,lognormal,True,9.033554965887975e-07
0.0,-0.2,mvnorm,lognormal,True,0.2894571218661113
0.0,-0.2,mvnorm,lognormal,True,0.057180028855762254
0.0,-0.2,mvnorm,lognormal,True,0.5039401177618104
