tau,rho,est,dist,obs_conf,pvals
0.15,-0.2,mvnorm,lognormal,True,0.7393020377404345
0.15,-0.2,mvnorm,lognormal,True,3.963462990295318e-14
0.15,-0.2,mvnorm,lognormal,True,1.3483799193002844e-07
0.15,-0.2,mvnorm,lognormal,True,0.0003285010038353956
0.15,-0.2,mvnorm,lognormal,True,0.020500735860523176
0.15,-0.2,mvnorm,lognormal,True,0.00013416877721972447
0.15,-0.2,mvnorm,lognormal,True,3.421606375801604e-06
0.15,-0.2,mvnorm,lognormal,True,4.077860831036853e-07
0.15,-0.2,mvnorm,lognormal,True,0.08646515579831676
0.15,-0.2,mvnorm,lognormal,True,2.009484104188051e-05
0.15,-0.2,mvnorm,lognormal,True,0.5075100791180043
0.15,-0.2,mvnorm,lognormal,True,0.997740916250529
0.15,-0.2,mvnorm,lognormal,True,2.6696345007796096e-12
0.15,-0.2,mvnorm,lognormal,True,0.10948865312891304
0.15,-0.2,mvnorm,lognormal,True,0.11563655090722154
0.15,-0.2,mvnorm,lognormal,True,0.3755783975983029
0.15,-0.2,mvnorm,lognormal,True,1.4265315219987794e-12
0.15,-0.2,mvnorm,lognormal,True,0.00020485786803942468
0.15,-0.2,mvnorm,lognormal,True,0.003473513466644484
0.15,-0.2,mvnorm,lognormal,True,1.8388605762739863e-13
0.15,-0.2,mvnorm,lognormal,True,5.751046788012572e-12
0.15,-0.2,mvnorm,lognormal,True,0.25690614998381206
0.15,-0.2,mvnorm,lognormal,True,1.578848044868948e-06
0.15,-0.2,mvnorm,lognormal,True,0.009926471760838813
0.15,-0.2,mvnorm,lognormal,True,5.396792977475511e-08
0.15,-0.2,mvnorm,lognormal,True,1.6273546017347347e-14
0.15,-0.2,mvnorm,lognormal,True,0.3689480925562223
0.15,-0.2,mvnorm,lognormal,True,2.3917916721419457e-07
0.15,-0.2,mvnorm,lognormal,True,1.1872428534662082e-06
0.15,-0.2,mvnorm,lognormal,True,0.142187367374318
0.15,-0.2,mvnorm,lognormal,True,0.9384368723428289
0.15,-0.2,mvnorm,lognormal,True,1.0797849791012762e-06
0.15,-0.2,mvnorm,lognormal,True,0.00040821006335633146
0.15,-0.2,mvnorm,lognormal,True,2.611485319430064e-07
0.15,-0.2,mvnorm,lognormal,True,0.04890651205923601
0.15,-0.2,mvnorm,lognormal,True,0.0005062368071098037
0.15,-0.2,mvnorm,lognormal,True,9.014087950816337e-07
0.15,-0.2,mvnorm,lognormal,True,4.008481721586245e-09
0.15,-0.2,mvnorm,lognormal,True,0.021293619880152888
0.15,-0.2,mvnorm,lognormal,True,1.473938373300305e-06
0.15,-0.2,mvnorm,lognormal,True,0.0667430552368053
0.15,-0.2,mvnorm,lognormal,True,0.5705845365435265
0.15,-0.2,mvnorm,lognormal,True,1.450642051224102e-07
0.15,-0.2,mvnorm,lognormal,True,6.67088317590676e-06
0.15,-0.2,mvnorm,lognormal,True,0.032073283181927224
0.15,-0.2,mvnorm,lognormal,True,9.743503904444553e-08
0.15,-0.2,mvnorm,lognormal,True,0.7354016123190258
0.15,-0.2,mvnorm,lognormal,True,3.235403443149544e-07
0.15,-0.2,mvnorm,lognormal,True,6.115722908520821e-12
0.15,-0.2,mvnorm,lognormal,True,6.2481701264635944e-21
0.15,-0.2,mvnorm,lognormal,True,0.11936265789932426
0.15,-0.2,mvnorm,lognormal,True,0.08564594655432796
0.15,-0.2,mvnorm,lognormal,True,0.0013543834239837338
0.15,-0.2,mvnorm,lognormal,True,1.2442542358070235e-08
0.15,-0.2,mvnorm,lognormal,True,0.0005497283404180675
0.15,-0.2,mvnorm,lognormal,True,0.1417602999303052
0.15,-0.2,mvnorm,lognormal,True,0.2585830958367703
0.15,-0.2,mvnorm,lognormal,True,0.03873182107797578
0.15,-0.2,mvnorm,lognormal,True,1.0232821756521575e-12
0.15,-0.2,mvnorm,lognormal,True,2.048565951438713e-05
0.15,-0.2,mvnorm,lognormal,True,2.3137657862407653e-06
0.15,-0.2,mvnorm,lognormal,True,1.5617882372888645e-15
0.15,-0.2,mvnorm,lognormal,True,5.020724228794877e-13
0.15,-0.2,mvnorm,lognormal,True,4.3510195036724185e-11
0.15,-0.2,mvnorm,lognormal,True,0.0011239806509262184
0.15,-0.2,mvnorm,lognormal,True,0.00013820124198548936
0.15,-0.2,mvnorm,lognormal,True,8.01804574383972e-06
0.15,-0.2,mvnorm,lognormal,True,2.137915296377942e-11
0.15,-0.2,mvnorm,lognormal,True,3.0273858417517453e-07
0.15,-0.2,mvnorm,lognormal,True,0.16108524013315587
0.15,-0.2,mvnorm,lognormal,True,0.00010027431702399084
0.15,-0.2,mvnorm,lognormal,True,0.017049153074451828
0.15,-0.2,mvnorm,lognormal,True,0.0403758672355006
0.15,-0.2,mvnorm,lognormal,True,5.8724005910324803e-05
0.15,-0.2,mvnorm,lognormal,True,0.06232238317574309
0.15,-0.2,mvnorm,lognormal,True,5.478682655420196e-06
0.15,-0.2,mvnorm,lognormal,True,2.9322794641830986e-05
0.15,-0.2,mvnorm,lognormal,True,3.1970682067759776e-15
0.15,-0.2,mvnorm,lognormal,True,4.9792415355960386e-06
0.15,-0.2,mvnorm,lognormal,True,0.25182596557119374
0.15,-0.2,mvnorm,lognormal,True,0.20129879609129656
0.15,-0.2,mvnorm,lognormal,True,9.35895278964216e-05
0.15,-0.2,mvnorm,lognormal,True,0.0002972111914640189
0.15,-0.2,mvnorm,lognormal,True,5.2589342595945204e-11
0.15,-0.2,mvnorm,lognormal,True,3.3844645263092987e-07
0.15,-0.2,mvnorm,lognormal,True,0.42326969943101145
0.15,-0.2,mvnorm,lognormal,True,2.3261503013823187e-11
0.15,-0.2,mvnorm,lognormal,True,1.516099764781742e-07
0.15,-0.2,mvnorm,lognormal,True,0.0025838664030779046
0.15,-0.2,mvnorm,lognormal,True,8.664710522584302e-11
0.15,-0.2,mvnorm,lognormal,True,0.01032392704193453
0.15,-0.2,mvnorm,lognormal,True,0.025012111845113587
0.15,-0.2,mvnorm,lognormal,True,4.0345514162884e-05
0.15,-0.2,mvnorm,lognormal,True,1.5201633690959162e-05
0.15,-0.2,mvnorm,lognormal,True,2.532897439604744e-07
0.15,-0.2,mvnorm,lognormal,True,0.38711091955860677
0.15,-0.2,mvnorm,lognormal,True,2.187571907427715e-15
0.15,-0.2,mvnorm,lognormal,True,0.00021522246298180583
0.15,-0.2,mvnorm,lognormal,True,0.003856489892080752
0.15,-0.2,mvnorm,lognormal,True,0.004756396788922033
