tau,rho,est,dist,obs_conf,pvals
0.0,0.4,mvnorm,lognormal,True,0.0662488190761303
0.0,0.4,mvnorm,lognormal,True,0.3691794787921754
0.0,0.4,mvnorm,lognormal,True,0.2234309025537814
0.0,0.4,mvnorm,lognormal,True,0.0013948711605394422
0.0,0.4,mvnorm,lognormal,True,0.9454715213712427
0.0,0.4,mvnorm,lognormal,True,0.0012574952198161516
0.0,0.4,mvnorm,lognormal,True,0.10278749477793951
0.0,0.4,mvnorm,lognormal,True,9.709378471443684e-07
0.0,0.4,mvnorm,lognormal,True,0.00046894788936893217
0.0,0.4,mvnorm,lognormal,True,2.9283134277010295e-12
0.0,0.4,mvnorm,lognormal,True,0.0005258193412236253
0.0,0.4,mvnorm,lognormal,True,0.001167614892523683
0.0,0.4,mvnorm,lognormal,True,0.06973835884484254
0.0,0.4,mvnorm,lognormal,True,0.04669853938844046
0.0,0.4,mvnorm,lognormal,True,0.5704716894689241
0.0,0.4,mvnorm,lognormal,True,0.22415972766941186
0.0,0.4,mvnorm,lognormal,True,0.0046731663658625576
0.0,0.4,mvnorm,lognormal,True,1.684047414068002e-07
0.0,0.4,mvnorm,lognormal,True,0.1272518500772716
0.0,0.4,mvnorm,lognormal,True,1.0440522175870931e-19
0.0,0.4,mvnorm,lognormal,True,0.7916421536863699
0.0,0.4,mvnorm,lognormal,True,0.0012527722246116757
0.0,0.4,mvnorm,lognormal,True,1.7243698033405954e-09
0.0,0.4,mvnorm,lognormal,True,0.8948379573023343
0.0,0.4,mvnorm,lognormal,True,0.004552697403033409
0.0,0.4,mvnorm,lognormal,True,0.41011792262683155
0.0,0.4,mvnorm,lognormal,True,0.012746125073540388
0.0,0.4,mvnorm,lognormal,True,0.0005867582528670356
0.0,0.4,mvnorm,lognormal,True,9.551348212241436e-06
0.0,0.4,mvnorm,lognormal,True,0.0033070901408646294
0.0,0.4,mvnorm,lognormal,True,5.562720255469761e-09
0.0,0.4,mvnorm,lognormal,True,9.590040649415419e-13
0.0,0.4,mvnorm,lognormal,True,2.2322700907820226e-11
0.0,0.4,mvnorm,lognormal,True,0.7287103314541408
0.0,0.4,mvnorm,lognormal,True,5.988193130071e-06
0.0,0.4,mvnorm,lognormal,True,0.12170584049286379
0.0,0.4,mvnorm,lognormal,True,0.12929011247755792
0.0,0.4,mvnorm,lognormal,True,4.430924539625503e-06
0.0,0.4,mvnorm,lognormal,True,0.6347860728848684
0.0,0.4,mvnorm,lognormal,True,0.00043906021709681656
0.0,0.4,mvnorm,lognormal,True,0.8299047071607868
0.0,0.4,mvnorm,lognormal,True,0.9531771287366795
0.0,0.4,mvnorm,lognormal,True,3.737172003376088e-09
0.0,0.4,mvnorm,lognormal,True,0.8727116823928688
0.0,0.4,mvnorm,lognormal,True,1.5343747926535685e-05
0.0,0.4,mvnorm,lognormal,True,0.09515470426089101
0.0,0.4,mvnorm,lognormal,True,8.701936264492027e-09
0.0,0.4,mvnorm,lognormal,True,0.5481256308924982
0.0,0.4,mvnorm,lognormal,True,0.03288381761011908
0.0,0.4,mvnorm,lognormal,True,0.012670648126826658
0.0,0.4,mvnorm,lognormal,True,0.7809183761477345
0.0,0.4,mvnorm,lognormal,True,0.03823329672760082
0.0,0.4,mvnorm,lognormal,True,0.001430323863445236
0.0,0.4,mvnorm,lognormal,True,0.01861510217474206
0.0,0.4,mvnorm,lognormal,True,0.13708722272723461
0.0,0.4,mvnorm,lognormal,True,0.23187025403239953
0.0,0.4,mvnorm,lognormal,True,0.14694764597206517
0.0,0.4,mvnorm,lognormal,True,0.2528759925383455
0.0,0.4,mvnorm,lognormal,True,0.9503293854601544
0.0,0.4,mvnorm,lognormal,True,1.2079828551217028e-10
0.0,0.4,mvnorm,lognormal,True,0.9424274765322688
0.0,0.4,mvnorm,lognormal,True,0.0015259563241621314
0.0,0.4,mvnorm,lognormal,True,0.4197656437626488
0.0,0.4,mvnorm,lognormal,True,0.05553730454232936
0.0,0.4,mvnorm,lognormal,True,0.8199704180758667
0.0,0.4,mvnorm,lognormal,True,0.45359542577454803
0.0,0.4,mvnorm,lognormal,True,6.632303332773167e-06
0.0,0.4,mvnorm,lognormal,True,9.637285750455149e-06
0.0,0.4,mvnorm,lognormal,True,4.079409035771665e-05
0.0,0.4,mvnorm,lognormal,True,0.4646199952012179
0.0,0.4,mvnorm,lognormal,True,0.14318822625496122
0.0,0.4,mvnorm,lognormal,True,0.4546189873716112
0.0,0.4,mvnorm,lognormal,True,0.24737658670519047
0.0,0.4,mvnorm,lognormal,True,0.05251079336358122
0.0,0.4,mvnorm,lognormal,True,0.6280871992054414
0.0,0.4,mvnorm,lognormal,True,1.2147054832572257e-05
0.0,0.4,mvnorm,lognormal,True,3.4118671647722436e-10
0.0,0.4,mvnorm,lognormal,True,1.5770069516098827e-07
0.0,0.4,mvnorm,lognormal,True,5.12493980626407e-07
0.0,0.4,mvnorm,lognormal,True,1.7355537495725962e-11
0.0,0.4,mvnorm,lognormal,True,0.002827416986659546
0.0,0.4,mvnorm,lognormal,True,5.225482091334781e-13
0.0,0.4,mvnorm,lognormal,True,0.5320702945355454
0.0,0.4,mvnorm,lognormal,True,0.001056731769692932
0.0,0.4,mvnorm,lognormal,True,0.031855344073408585
0.0,0.4,mvnorm,lognormal,True,0.0014275799567419723
0.0,0.4,mvnorm,lognormal,True,0.8190609126473936
0.0,0.4,mvnorm,lognormal,True,0.29481441362667227
0.0,0.4,mvnorm,lognormal,True,5.253742649570935e-05
0.0,0.4,mvnorm,lognormal,True,0.7864822608286612
0.0,0.4,mvnorm,lognormal,True,1.5416644152908467e-07
0.0,0.4,mvnorm,lognormal,True,0.021961112520225493
0.0,0.4,mvnorm,lognormal,True,0.008965128139965577
0.0,0.4,mvnorm,lognormal,True,0.2664628036266799
0.0,0.4,mvnorm,lognormal,True,0.0019515640239640938
0.0,0.4,mvnorm,lognormal,True,0.005467361382849776
0.0,0.4,mvnorm,lognormal,True,1.2137999363584928e-06
0.0,0.4,mvnorm,lognormal,True,0.0005765295987654543
0.0,0.4,mvnorm,lognormal,True,6.711226771124137e-06
0.0,0.4,mvnorm,lognormal,True,0.00043107612942987623
