tau,rho,est,dist,obs_conf,pvals
0.15,-0.4,mvnorm,lognormal,True,0.1049403353509847
0.15,-0.4,mvnorm,lognormal,True,2.524954605462807e-16
0.15,-0.4,mvnorm,lognormal,True,5.952792144956954e-09
0.15,-0.4,mvnorm,lognormal,True,2.0918671424532067e-07
0.15,-0.4,mvnorm,lognormal,True,0.2746247542586427
0.15,-0.4,mvnorm,lognormal,True,0.00043051811349324953
0.15,-0.4,mvnorm,lognormal,True,1.878598867823637e-10
0.15,-0.4,mvnorm,lognormal,True,1.8316885709289526e-10
0.15,-0.4,mvnorm,lognormal,True,0.7471328929086705
0.15,-0.4,mvnorm,lognormal,True,1.5881762932925236e-07
0.15,-0.4,mvnorm,lognormal,True,0.48612489100675216
0.15,-0.4,mvnorm,lognormal,True,0.3010545912072901
0.15,-0.4,mvnorm,lognormal,True,8.883112796855725e-10
0.15,-0.4,mvnorm,lognormal,True,0.0020078394454885735
0.15,-0.4,mvnorm,lognormal,True,0.016669387322511976
0.15,-0.4,mvnorm,lognormal,True,3.619819556751154e-08
0.15,-0.4,mvnorm,lognormal,True,1.1112142854273353e-12
0.15,-0.4,mvnorm,lognormal,True,1.3396803079870141e-06
0.15,-0.4,mvnorm,lognormal,True,1.135029021696292e-05
0.15,-0.4,mvnorm,lognormal,True,9.851013775836057e-09
0.15,-0.4,mvnorm,lognormal,True,1.1912002588726114e-12
0.15,-0.4,mvnorm,lognormal,True,0.006883298365165641
0.15,-0.4,mvnorm,lognormal,True,4.567825280904171e-08
0.15,-0.4,mvnorm,lognormal,True,0.004128052615783824
0.15,-0.4,mvnorm,lognormal,True,1.410126524566317e-08
0.15,-0.4,mvnorm,lognormal,True,3.141426997235833e-13
0.15,-0.4,mvnorm,lognormal,True,5.310582659911624e-07
0.15,-0.4,mvnorm,lognormal,True,0.0011036253639986524
0.15,-0.4,mvnorm,lognormal,True,3.530945693699832e-08
0.15,-0.4,mvnorm,lognormal,True,0.808936458124712
0.15,-0.4,mvnorm,lognormal,True,0.04258097811145169
0.15,-0.4,mvnorm,lognormal,True,0.6977209014495898
0.15,-0.4,mvnorm,lognormal,True,0.7946461205692196
0.15,-0.4,mvnorm,lognormal,True,2.6718941705585115e-06
0.15,-0.4,mvnorm,lognormal,True,4.571241066359631e-06
0.15,-0.4,mvnorm,lognormal,True,2.345791313673478e-10
0.15,-0.4,mvnorm,lognormal,True,1.4007540605011401e-05
0.15,-0.4,mvnorm,lognormal,True,1.5035569728612324e-17
0.15,-0.4,mvnorm,lognormal,True,1.3289133769425335e-07
0.15,-0.4,mvnorm,lognormal,True,5.198325260002833e-06
0.15,-0.4,mvnorm,lognormal,True,2.6341373497137495e-06
0.15,-0.4,mvnorm,lognormal,True,0.09870758014887336
0.15,-0.4,mvnorm,lognormal,True,0.002031780304583392
0.15,-0.4,mvnorm,lognormal,True,0.004546542575940019
0.15,-0.4,mvnorm,lognormal,True,0.00020934482996093739
0.15,-0.4,mvnorm,lognormal,True,0.015219237327366558
0.15,-0.4,mvnorm,lognormal,True,0.6942856683357711
0.15,-0.4,mvnorm,lognormal,True,5.692153671752148e-08
0.15,-0.4,mvnorm,lognormal,True,3.643848020811084e-11
0.15,-0.4,mvnorm,lognormal,True,1.4179904982791851e-25
0.15,-0.4,mvnorm,lognormal,True,0.05197045723849666
0.15,-0.4,mvnorm,lognormal,True,0.28171445633349196
0.15,-0.4,mvnorm,lognormal,True,0.012582082630246925
0.15,-0.4,mvnorm,lognormal,True,1.343120578970351e-06
0.15,-0.4,mvnorm,lognormal,True,7.57890567267575e-07
0.15,-0.4,mvnorm,lognormal,True,0.09347435071642728
0.15,-0.4,mvnorm,lognormal,True,0.1652317158157768
0.15,-0.4,mvnorm,lognormal,True,0.18587512288378255
0.15,-0.4,mvnorm,lognormal,True,2.904462338663013e-13
0.15,-0.4,mvnorm,lognormal,True,2.4537178858412663e-09
0.15,-0.4,mvnorm,lognormal,True,0.0016233339499325957
0.15,-0.4,mvnorm,lognormal,True,9.780710188019763e-05
0.15,-0.4,mvnorm,lognormal,True,1.1474678086360997e-16
0.15,-0.4,mvnorm,lognormal,True,2.218571165508706e-15
0.15,-0.4,mvnorm,lognormal,True,0.009880473459015902
0.15,-0.4,mvnorm,lognormal,True,1.458378315404487e-09
0.15,-0.4,mvnorm,lognormal,True,5.787102492994579e-07
0.15,-0.4,mvnorm,lognormal,True,3.625537627124004e-13
0.15,-0.4,mvnorm,lognormal,True,0.17262269751467713
0.15,-0.4,mvnorm,lognormal,True,0.025913104558747877
0.15,-0.4,mvnorm,lognormal,True,3.0824665870804336e-10
0.15,-0.4,mvnorm,lognormal,True,0.020934669903540638
0.15,-0.4,mvnorm,lognormal,True,1.4915463955529939e-09
0.15,-0.4,mvnorm,lognormal,True,3.412902933917216e-08
0.15,-0.4,mvnorm,lognormal,True,3.087029918922217e-08
0.15,-0.4,mvnorm,lognormal,True,1.4882094736623471e-05
0.15,-0.4,mvnorm,lognormal,True,3.2684145101640883e-06
0.15,-0.4,mvnorm,lognormal,True,1.7413545790808567e-15
0.15,-0.4,mvnorm,lognormal,True,2.548991989558643e-05
0.15,-0.4,mvnorm,lognormal,True,0.02462096211868694
0.15,-0.4,mvnorm,lognormal,True,0.004074687125098216
0.15,-0.4,mvnorm,lognormal,True,7.81798915451456e-07
0.15,-0.4,mvnorm,lognormal,True,8.833796297717664e-09
0.15,-0.4,mvnorm,lognormal,True,0.00021768628677103143
0.15,-0.4,mvnorm,lognormal,True,5.567616296986134e-10
0.15,-0.4,mvnorm,lognormal,True,0.6141039485134181
0.15,-0.4,mvnorm,lognormal,True,3.4816347398514583e-15
0.15,-0.4,mvnorm,lognormal,True,1.3810674737782431e-16
0.15,-0.4,mvnorm,lognormal,True,1.7408830483880172e-05
0.15,-0.4,mvnorm,lognormal,True,1.2036762524091444e-05
0.15,-0.4,mvnorm,lognormal,True,0.12065864043966242
0.15,-0.4,mvnorm,lognormal,True,8.399256315740473e-06
0.15,-0.4,mvnorm,lognormal,True,0.007029095301308046
0.15,-0.4,mvnorm,lognormal,True,0.013059638257250922
0.15,-0.4,mvnorm,lognormal,True,4.488595860535928e-11
0.15,-0.4,mvnorm,lognormal,True,7.668123155922256e-10
0.15,-0.4,mvnorm,lognormal,True,6.482465171783504e-30
0.15,-0.4,mvnorm,lognormal,True,2.3329318804028266e-08
0.15,-0.4,mvnorm,lognormal,True,1.1305399823909552e-05
0.15,-0.4,mvnorm,lognormal,True,0.00034669005702726987
