tau,rho,est,dist,obs_conf,pvals
0.0,0.4,lognorm,lognormal,True,3.0218641527851383e-12
0.0,0.4,lognorm,lognormal,True,3.0169808052606423e-05
0.0,0.4,lognorm,lognormal,True,0.6774743722946741
0.0,0.4,lognorm,lognormal,True,1.4423657050349801e-08
0.0,0.4,lognorm,lognormal,True,0.0001638644115912663
0.0,0.4,lognorm,lognormal,True,0.06973822864735293
0.0,0.4,lognorm,lognormal,True,3.579086005338755e-08
0.0,0.4,lognorm,lognormal,True,2.788788231000693e-06
0.0,0.4,lognorm,lognormal,True,0.0003377899648642365
0.0,0.4,lognorm,lognormal,True,0.1888883443685283
0.0,0.4,lognorm,lognormal,True,1.8435699663610183e-05
0.0,0.4,lognorm,lognormal,True,0.004398091370091167
0.0,0.4,lognorm,lognormal,True,0.24155021880140037
0.0,0.4,lognorm,lognormal,True,1.0088444474579477e-05
0.0,0.4,lognorm,lognormal,True,0.022597395790448168
0.0,0.4,lognorm,lognormal,True,0.00012499214168779568
0.0,0.4,lognorm,lognormal,True,6.8275260817050975e-37
0.0,0.4,lognorm,lognormal,True,6.849210797331546e-10
0.0,0.4,lognorm,lognormal,True,0.6597779037301599
0.0,0.4,lognorm,lognormal,True,0.023881651540442587
0.0,0.4,lognorm,lognormal,True,1.4768397077871025e-16
0.0,0.4,lognorm,lognormal,True,8.660499393544392e-14
0.0,0.4,lognorm,lognormal,True,1.1569362610956154e-09
0.0,0.4,lognorm,lognormal,True,0.021142883308832988
0.0,0.4,lognorm,lognormal,True,0.002048536436642042
0.0,0.4,lognorm,lognormal,True,4.9179735476437305e-08
0.0,0.4,lognorm,lognormal,True,2.6189021406213183e-05
0.0,0.4,lognorm,lognormal,True,9.391974157104392e-23
0.0,0.4,lognorm,lognormal,True,3.676506396822117e-29
0.0,0.4,lognorm,lognormal,True,9.47108119077795e-08
0.0,0.4,lognorm,lognormal,True,8.482921928351082e-05
0.0,0.4,lognorm,lognormal,True,6.9090979296722265e-09
0.0,0.4,lognorm,lognormal,True,6.498295094950162e-07
0.0,0.4,lognorm,lognormal,True,9.941639708152547e-07
0.0,0.4,lognorm,lognormal,True,0.9630825812238245
0.0,0.4,lognorm,lognormal,True,3.8551702190226494e-05
0.0,0.4,lognorm,lognormal,True,0.10760122769520465
0.0,0.4,lognorm,lognormal,True,6.206460650654078e-05
0.0,0.4,lognorm,lognormal,True,0.00020186753258219075
0.0,0.4,lognorm,lognormal,True,0.3347913575126051
0.0,0.4,lognorm,lognormal,True,0.6549380228409253
0.0,0.4,lognorm,lognormal,True,4.955129271615476e-05
0.0,0.4,lognorm,lognormal,True,0.6695325126999623
0.0,0.4,lognorm,lognormal,True,2.225621631364896e-20
0.0,0.4,lognorm,lognormal,True,0.2794263866365493
0.0,0.4,lognorm,lognormal,True,4.293952389288219e-07
0.0,0.4,lognorm,lognormal,True,3.611295759097917e-22
0.0,0.4,lognorm,lognormal,True,0.4492281758101768
0.0,0.4,lognorm,lognormal,True,0.0965196226156706
0.0,0.4,lognorm,lognormal,True,0.435867796189213
0.0,0.4,lognorm,lognormal,True,2.534824000981165e-18
0.0,0.4,lognorm,lognormal,True,3.629534319751219e-21
0.0,0.4,lognorm,lognormal,True,3.6530726268839097e-29
0.0,0.4,lognorm,lognormal,True,2.258652383681736e-22
0.0,0.4,lognorm,lognormal,True,2.3326359196026054e-06
0.0,0.4,lognorm,lognormal,True,1.4144098371323381e-25
0.0,0.4,lognorm,lognormal,True,0.003991160324334519
0.0,0.4,lognorm,lognormal,True,0.518079544251407
0.0,0.4,lognorm,lognormal,True,0.8685603028109923
0.0,0.4,lognorm,lognormal,True,0.16455654575574594
0.0,0.4,lognorm,lognormal,True,0.0005343519801380438
0.0,0.4,lognorm,lognormal,True,0.004777442215924923
0.0,0.4,lognorm,lognormal,True,1.3699742926020163e-10
0.0,0.4,lognorm,lognormal,True,0.05392955244233898
0.0,0.4,lognorm,lognormal,True,0.00010556207807053973
0.0,0.4,lognorm,lognormal,True,4.2300194246848104e-05
0.0,0.4,lognorm,lognormal,True,0.5775032555660535
0.0,0.4,lognorm,lognormal,True,0.9654566282425422
0.0,0.4,lognorm,lognormal,True,0.025284917068876568
0.0,0.4,lognorm,lognormal,True,0.0002027825253067384
0.0,0.4,lognorm,lognormal,True,0.6492044706169909
0.0,0.4,lognorm,lognormal,True,8.326251175157576e-05
0.0,0.4,lognorm,lognormal,True,0.19985714250974795
0.0,0.4,lognorm,lognormal,True,1.8658023988850645e-06
0.0,0.4,lognorm,lognormal,True,0.0004930018009615044
0.0,0.4,lognorm,lognormal,True,0.4123791412389033
0.0,0.4,lognorm,lognormal,True,0.7811443099546285
0.0,0.4,lognorm,lognormal,True,0.10614617726191163
0.0,0.4,lognorm,lognormal,True,0.0014610209130202724
0.0,0.4,lognorm,lognormal,True,0.04294712302183136
0.0,0.4,lognorm,lognormal,True,0.002185805536569367
0.0,0.4,lognorm,lognormal,True,0.01051864065618912
0.0,0.4,lognorm,lognormal,True,0.05964068319061146
0.0,0.4,lognorm,lognormal,True,1.1169029841707446e-10
0.0,0.4,lognorm,lognormal,True,0.887743283040552
0.0,0.4,lognorm,lognormal,True,0.1970216995392844
0.0,0.4,lognorm,lognormal,True,2.9448921091988696e-05
0.0,0.4,lognorm,lognormal,True,0.0010475383329155879
0.0,0.4,lognorm,lognormal,True,0.00034891264162936476
0.0,0.4,lognorm,lognormal,True,0.3030772469922732
0.0,0.4,lognorm,lognormal,True,0.007127973673546427
0.0,0.4,lognorm,lognormal,True,9.009813927240436e-07
0.0,0.4,lognorm,lognormal,True,0.6661056948975335
0.0,0.4,lognorm,lognormal,True,2.2753304821870927e-07
0.0,0.4,lognorm,lognormal,True,1.1084666003547687e-18
0.0,0.4,lognorm,lognormal,True,1.9646421493628054e-26
0.0,0.4,lognorm,lognormal,True,0.0008986428703475068
0.0,0.4,lognorm,lognormal,True,0.009170870535262035
0.0,0.4,lognorm,lognormal,True,0.24513350996442207
0.0,0.4,lognorm,lognormal,True,0.2506792323905832
