tau,rho,est,dist,obs_conf,pvals
0.06,0.4,lognorm,lognormal,True,2.7343482735391023e-09
0.06,0.4,lognorm,lognormal,True,0.006439645653148107
0.06,0.4,lognorm,lognormal,True,0.6347309833765595
0.06,0.4,lognorm,lognormal,True,1.2062199782790049e-06
0.06,0.4,lognorm,lognormal,True,9.837024697673884e-08
0.06,0.4,lognorm,lognormal,True,0.49958050192378156
0.06,0.4,lognorm,lognormal,True,1.109243219255693e-05
0.06,0.4,lognorm,lognormal,True,1.1117160369209314e-08
0.06,0.4,lognorm,lognormal,True,0.01756985625984752
0.06,0.4,lognorm,lognormal,True,0.709429693630125
0.06,0.4,lognorm,lognormal,True,2.843895649167938e-09
0.06,0.4,lognorm,lognormal,True,0.0001176291946739233
0.06,0.4,lognorm,lognormal,True,0.9500052187804935
0.06,0.4,lognorm,lognormal,True,8.510972725512886e-10
0.06,0.4,lognorm,lognormal,True,0.18794352324805294
0.06,0.4,lognorm,lognormal,True,8.455381271314429e-08
0.06,0.4,lognorm,lognormal,True,4.3804783056130193e-44
0.06,0.4,lognorm,lognormal,True,3.6944158427607353e-07
0.06,0.4,lognorm,lognormal,True,0.026671466880707487
0.06,0.4,lognorm,lognormal,True,0.00013279780825148222
0.06,0.4,lognorm,lognormal,True,2.7874248919879865e-22
0.06,0.4,lognorm,lognormal,True,2.344265203252217e-10
0.06,0.4,lognorm,lognormal,True,1.6235651274780757e-07
0.06,0.4,lognorm,lognormal,True,0.25269557122930925
0.06,0.4,lognorm,lognormal,True,0.08300520421793184
0.06,0.4,lognorm,lognormal,True,1.4549037261063792e-11
0.06,0.4,lognorm,lognormal,True,5.25771935541097e-08
0.06,0.4,lognorm,lognormal,True,1.553524041710584e-27
0.06,0.4,lognorm,lognormal,True,1.3440768784614411e-37
0.06,0.4,lognorm,lognormal,True,1.3097974108030894e-10
0.06,0.4,lognorm,lognormal,True,0.0028535884285166573
0.06,0.4,lognorm,lognormal,True,5.249031377780538e-13
0.06,0.4,lognorm,lognormal,True,0.0001509993701298339
0.06,0.4,lognorm,lognormal,True,1.886037354230754e-10
0.06,0.4,lognorm,lognormal,True,0.24710899751678572
0.06,0.4,lognorm,lognormal,True,0.0024689520428521658
0.06,0.4,lognorm,lognormal,True,0.0006647614187246435
0.06,0.4,lognorm,lognormal,True,4.903517989354947e-07
0.06,0.4,lognorm,lognormal,True,4.413033031221823e-07
0.06,0.4,lognorm,lognormal,True,0.014884561761852984
0.06,0.4,lognorm,lognormal,True,0.1895039159444537
0.06,0.4,lognorm,lognormal,True,1.679788300682934e-07
0.06,0.4,lognorm,lognormal,True,0.5908128133368544
0.06,0.4,lognorm,lognormal,True,7.190409879991594e-27
0.06,0.4,lognorm,lognormal,True,0.010869766623545166
0.06,0.4,lognorm,lognormal,True,1.8926330947242913e-09
0.06,0.4,lognorm,lognormal,True,2.6661846012347587e-28
0.06,0.4,lognorm,lognormal,True,0.4588474363809557
0.06,0.4,lognorm,lognormal,True,0.005133309575679496
0.06,0.4,lognorm,lognormal,True,0.0811729568371921
0.06,0.4,lognorm,lognormal,True,1.3626665772009175e-15
0.06,0.4,lognorm,lognormal,True,1.760403851520676e-26
0.06,0.4,lognorm,lognormal,True,8.644492635602161e-38
0.06,0.4,lognorm,lognormal,True,1.3626406828391156e-19
0.06,0.4,lognorm,lognormal,True,0.0025353892517707547
0.06,0.4,lognorm,lognormal,True,4.936407143425083e-32
0.06,0.4,lognorm,lognormal,True,0.00024546925788517833
0.06,0.4,lognorm,lognormal,True,0.7197302985730805
0.06,0.4,lognorm,lognormal,True,0.4298415944736065
0.06,0.4,lognorm,lognormal,True,0.6656360918485194
0.06,0.4,lognorm,lognormal,True,4.677823369064087e-06
0.06,0.4,lognorm,lognormal,True,0.13127922742806025
0.06,0.4,lognorm,lognormal,True,1.4253358549729336e-07
0.06,0.4,lognorm,lognormal,True,0.0007421714291995543
0.06,0.4,lognorm,lognormal,True,2.841937777594402e-07
0.06,0.4,lognorm,lognormal,True,0.001373110477532695
0.06,0.4,lognorm,lognormal,True,0.7049162060202347
0.06,0.4,lognorm,lognormal,True,0.1308145712184327
0.06,0.4,lognorm,lognormal,True,0.0005612066762963652
0.06,0.4,lognorm,lognormal,True,0.009642656729095448
0.06,0.4,lognorm,lognormal,True,0.08917582479501375
0.06,0.4,lognorm,lognormal,True,0.004132847738889404
0.06,0.4,lognorm,lognormal,True,0.009165182713600157
0.06,0.4,lognorm,lognormal,True,6.171041484719123e-09
0.06,0.4,lognorm,lognormal,True,1.7153516777254448e-07
0.06,0.4,lognorm,lognormal,True,0.03564312487600158
0.06,0.4,lognorm,lognormal,True,0.11316365349290165
0.06,0.4,lognorm,lognormal,True,0.0020823382060534096
0.06,0.4,lognorm,lognormal,True,0.03317078081384567
0.06,0.4,lognorm,lognormal,True,0.5818109232037989
0.06,0.4,lognorm,lognormal,True,0.10335531647485187
0.06,0.4,lognorm,lognormal,True,3.866573319986248e-05
0.06,0.4,lognorm,lognormal,True,0.001672206235031314
0.06,0.4,lognorm,lognormal,True,9.559715250730818e-15
0.06,0.4,lognorm,lognormal,True,0.18551033897611052
0.06,0.4,lognorm,lognormal,True,0.012498761118808262
0.06,0.4,lognorm,lognormal,True,3.9265824262256944e-08
0.06,0.4,lognorm,lognormal,True,5.280395746309331e-06
0.06,0.4,lognorm,lognormal,True,0.02528923286643081
0.06,0.4,lognorm,lognormal,True,0.013913825469080324
0.06,0.4,lognorm,lognormal,True,0.08601448776231722
0.06,0.4,lognorm,lognormal,True,0.00023220498789149204
0.06,0.4,lognorm,lognormal,True,0.39331888916280455
0.06,0.4,lognorm,lognormal,True,1.1012318535609692e-05
0.06,0.4,lognorm,lognormal,True,6.66724979925402e-15
0.06,0.4,lognorm,lognormal,True,8.109185592065814e-23
0.06,0.4,lognorm,lognormal,True,0.016695837970002594
0.06,0.4,lognorm,lognormal,True,7.49586688646943e-05
0.06,0.4,lognorm,lognormal,True,0.004724805256587472
0.06,0.4,lognorm,lognormal,True,0.5580365450710532
