tau,rho,est,dist,obs_conf,pvals
0.12,0.4,lognorm,lognormal,True,8.716402755168407e-07
0.12,0.4,lognorm,lognormal,True,0.07240879873274597
0.12,0.4,lognorm,lognormal,True,0.10602313660964548
0.12,0.4,lognorm,lognormal,True,9.957317279431399e-05
0.12,0.4,lognorm,lognormal,True,7.802407164374315e-12
0.12,0.4,lognorm,lognormal,True,0.49941542966716357
0.12,0.4,lognorm,lognormal,True,0.0006876856571560672
0.12,0.4,lognorm,lognormal,True,1.5971183151012902e-12
0.12,0.4,lognorm,lognormal,True,0.40504940136541856
0.12,0.4,lognorm,lognormal,True,0.3399589808121047
0.12,0.4,lognorm,lognormal,True,6.187484399283403e-14
0.12,0.4,lognorm,lognormal,True,1.0435815100334213e-06
0.12,0.4,lognorm,lognormal,True,0.19074549628869597
0.12,0.4,lognorm,lognormal,True,1.525815073501807e-14
0.12,0.4,lognorm,lognormal,True,0.9176039159828187
0.12,0.4,lognorm,lognormal,True,2.2350295106783897e-12
0.12,0.4,lognorm,lognormal,True,4.441100681089158e-53
0.12,0.4,lognorm,lognormal,True,0.00043479816407612093
0.12,0.4,lognorm,lognormal,True,0.0006458797000134627
0.12,0.4,lognorm,lognormal,True,9.571886279074474e-09
0.12,0.4,lognorm,lognormal,True,5.883871319863896e-28
0.12,0.4,lognorm,lognormal,True,1.6406057248997522e-07
0.12,0.4,lognorm,lognormal,True,8.367086432363011e-05
0.12,0.4,lognorm,lognormal,True,0.9145829403795187
0.12,0.4,lognorm,lognormal,True,0.478731124340518
0.12,0.4,lognorm,lognormal,True,4.616799511772795e-17
0.12,0.4,lognorm,lognormal,True,3.984220317702547e-12
0.12,0.4,lognorm,lognormal,True,8.245522719697132e-36
0.12,0.4,lognorm,lognormal,True,3.2425592412878442e-46
0.12,0.4,lognorm,lognormal,True,1.75018564119324e-14
0.12,0.4,lognorm,lognormal,True,0.0667992615196507
0.12,0.4,lognorm,lognormal,True,3.3595490245764504e-17
0.12,0.4,lognorm,lognormal,True,0.007045746930140536
0.12,0.4,lognorm,lognormal,True,1.0281486968398479e-15
0.12,0.4,lognorm,lognormal,True,0.017820599143956492
0.12,0.4,lognorm,lognormal,True,0.05338310389451713
0.12,0.4,lognorm,lognormal,True,1.2528602342053867e-06
0.12,0.4,lognorm,lognormal,True,2.498720543153768e-10
0.12,0.4,lognorm,lognormal,True,9.63273609775974e-10
0.12,0.4,lognorm,lognormal,True,0.0003138012279502018
0.12,0.4,lognorm,lognormal,True,0.003832474024517182
0.12,0.4,lognorm,lognormal,True,1.9222766418758107e-11
0.12,0.4,lognorm,lognormal,True,0.10317507827600089
0.12,0.4,lognorm,lognormal,True,1.0086307244237357e-32
0.12,0.4,lognorm,lognormal,True,4.832671242699137e-05
0.12,0.4,lognorm,lognormal,True,4.59162722065208e-13
0.12,0.4,lognorm,lognormal,True,2.659714183474011e-35
0.12,0.4,lognorm,lognormal,True,0.04515196230330171
0.12,0.4,lognorm,lognormal,True,3.5321159197068806e-05
0.12,0.4,lognorm,lognormal,True,0.0031261340605674807
0.12,0.4,lognorm,lognormal,True,8.719146267455066e-13
0.12,0.4,lognorm,lognormal,True,3.7812392502071335e-34
0.12,0.4,lognorm,lognormal,True,6.653716346032772e-46
0.12,0.4,lognorm,lognormal,True,2.9615134018498467e-16
0.12,0.4,lognorm,lognormal,True,0.08445683343070992
0.12,0.4,lognorm,lognormal,True,3.4868355642680992e-40
0.12,0.4,lognorm,lognormal,True,2.0832142575626332e-07
0.12,0.4,lognorm,lognormal,True,0.17613558072742463
0.12,0.4,lognorm,lognormal,True,0.017299042014798205
0.12,0.4,lognorm,lognormal,True,0.4605460779610818
0.12,0.4,lognorm,lognormal,True,1.7471374241216536e-07
0.12,0.4,lognorm,lognormal,True,0.9705075495834571
0.12,0.4,lognorm,lognormal,True,1.9764690490117953e-05
0.12,0.4,lognorm,lognormal,True,5.63220385978082e-06
0.12,0.4,lognorm,lognormal,True,1.7714317824903002e-10
0.12,0.4,lognorm,lognormal,True,0.018371007871283714
0.12,0.4,lognorm,lognormal,True,0.1569874329831627
0.12,0.4,lognorm,lognormal,True,0.009826789698752768
0.12,0.4,lognorm,lognormal,True,9.11353047046229e-07
0.12,0.4,lognorm,lognormal,True,0.08286569420513097
0.12,0.4,lognorm,lognormal,True,0.0011370475782510401
0.12,0.4,lognorm,lognormal,True,0.04676429095416942
0.12,0.4,lognorm,lognormal,True,0.0001412665086308591
0.12,0.4,lognorm,lognormal,True,3.455662719041835e-13
0.12,0.4,lognorm,lognormal,True,1.2242659152505087e-10
0.12,0.4,lognorm,lognormal,True,0.0013632930681523438
0.12,0.4,lognorm,lognormal,True,0.0020028146119390193
0.12,0.4,lognorm,lognormal,True,2.3426603472490203e-05
0.12,0.4,lognorm,lognormal,True,0.17936476613748337
0.12,0.4,lognorm,lognormal,True,0.5463698848896303
0.12,0.4,lognorm,lognormal,True,0.5856859523479316
0.12,0.4,lognorm,lognormal,True,1.3764453672056314e-07
0.12,0.4,lognorm,lognormal,True,8.957351456555581e-06
0.12,0.4,lognorm,lognormal,True,1.2882150705293708e-20
0.12,0.4,lognorm,lognormal,True,0.018329606733146583
0.12,0.4,lognorm,lognormal,True,0.0003084552531182162
0.12,0.4,lognorm,lognormal,True,4.667438421541088e-12
0.12,0.4,lognorm,lognormal,True,3.942892984510814e-10
0.12,0.4,lognorm,lognormal,True,0.20946028760884405
0.12,0.4,lognorm,lognormal,True,0.0002744182476119229
0.12,0.4,lognorm,lognormal,True,0.4787600803896025
0.12,0.4,lognorm,lognormal,True,0.009152390885781425
0.12,0.4,lognorm,lognormal,True,0.0389299061192967
0.12,0.4,lognorm,lognormal,True,0.0030827337724910913
0.12,0.4,lognorm,lognormal,True,2.244102592158238e-11
0.12,0.4,lognorm,lognormal,True,2.273328614660407e-20
0.12,0.4,lognorm,lognormal,True,0.23534575729514093
0.12,0.4,lognorm,lognormal,True,9.233647255613163e-07
0.12,0.4,lognorm,lognormal,True,3.846050093489173e-05
0.12,0.4,lognorm,lognormal,True,0.0692785624209046
