tau,rho,est,dist,obs_conf,pvals
0.09,0.4,mvnorm,lognormal,True,0.9179734231376265
0.09,0.4,mvnorm,lognormal,True,0.06949182375562662
0.09,0.4,mvnorm,lognormal,True,2.183527582009207e-06
0.09,0.4,mvnorm,lognormal,True,1.2535104740449807e-08
0.09,0.4,mvnorm,lognormal,True,0.0122845240113519
0.09,0.4,mvnorm,lognormal,True,0.2885086675489092
0.09,0.4,mvnorm,lognormal,True,0.5676020394511179
0.09,0.4,mvnorm,lognormal,True,2.7886096143981076e-16
0.09,0.4,mvnorm,lognormal,True,0.02715899870964632
0.09,0.4,mvnorm,lognormal,True,9.20800741087784e-20
0.09,0.4,mvnorm,lognormal,True,0.3109589816399421
0.09,0.4,mvnorm,lognormal,True,0.08068316943859773
0.09,0.4,mvnorm,lognormal,True,0.8933765928736188
0.09,0.4,mvnorm,lognormal,True,0.8708976256461659
0.09,0.4,mvnorm,lognormal,True,0.004430520584524515
0.09,0.4,mvnorm,lognormal,True,0.10683059706279081
0.09,0.4,mvnorm,lognormal,True,0.28910756639341684
0.09,0.4,mvnorm,lognormal,True,0.0076639647431198865
0.09,0.4,mvnorm,lognormal,True,0.30271758042013397
0.09,0.4,mvnorm,lognormal,True,1.372446547849271e-25
0.09,0.4,mvnorm,lognormal,True,0.001984978145181005
0.09,0.4,mvnorm,lognormal,True,0.4234070963326729
0.09,0.4,mvnorm,lognormal,True,3.7315903359691406e-16
0.09,0.4,mvnorm,lognormal,True,0.022753636817337046
0.09,0.4,mvnorm,lognormal,True,0.9975778763225296
0.09,0.4,mvnorm,lognormal,True,0.28853612994258016
0.09,0.4,mvnorm,lognormal,True,0.8978441843335698
0.09,0.4,mvnorm,lognormal,True,7.746529832005733e-09
0.09,0.4,mvnorm,lognormal,True,8.01034495397204e-10
0.09,0.4,mvnorm,lognormal,True,0.8618846425394077
0.09,0.4,mvnorm,lognormal,True,2.650299031601603e-07
0.09,0.4,mvnorm,lognormal,True,0.0020674278303187
0.09,0.4,mvnorm,lognormal,True,0.00010348230529270421
0.09,0.4,mvnorm,lognormal,True,0.027461244967519727
0.09,0.4,mvnorm,lognormal,True,1.0400781917092364e-11
0.09,0.4,mvnorm,lognormal,True,0.1843576761512009
0.09,0.4,mvnorm,lognormal,True,0.40975670276194187
0.09,0.4,mvnorm,lognormal,True,1.1504841600339148e-13
0.09,0.4,mvnorm,lognormal,True,0.3855067152245595
0.09,0.4,mvnorm,lognormal,True,0.08605782451701117
0.09,0.4,mvnorm,lognormal,True,0.16008728604300188
0.09,0.4,mvnorm,lognormal,True,0.01303528490792143
0.09,0.4,mvnorm,lognormal,True,1.742306535285899e-18
0.09,0.4,mvnorm,lognormal,True,0.025825112145650895
0.09,0.4,mvnorm,lognormal,True,5.16478137954904e-10
0.09,0.4,mvnorm,lognormal,True,0.00038329078630575363
0.09,0.4,mvnorm,lognormal,True,0.00010083299858240821
0.09,0.4,mvnorm,lognormal,True,0.8409663288625604
0.09,0.4,mvnorm,lognormal,True,7.916194058859131e-06
0.09,0.4,mvnorm,lognormal,True,0.31801837015221457
0.09,0.4,mvnorm,lognormal,True,0.3981613871431433
0.09,0.4,mvnorm,lognormal,True,5.055401072475739e-05
0.09,0.4,mvnorm,lognormal,True,5.955692003674474e-07
0.09,0.4,mvnorm,lognormal,True,3.2520236421593625e-07
0.09,0.4,mvnorm,lognormal,True,0.017779312202226415
0.09,0.4,mvnorm,lognormal,True,0.7984218574410067
0.09,0.4,mvnorm,lognormal,True,0.005003287128511862
0.09,0.4,mvnorm,lognormal,True,0.0031462942385175165
0.09,0.4,mvnorm,lognormal,True,0.0064348656571528275
0.09,0.4,mvnorm,lognormal,True,2.0345043691960538e-17
0.09,0.4,mvnorm,lognormal,True,0.0014809125446465204
0.09,0.4,mvnorm,lognormal,True,6.381140954049064e-09
0.09,0.4,mvnorm,lognormal,True,0.13944810004469124
0.09,0.4,mvnorm,lognormal,True,0.8700196189029448
0.09,0.4,mvnorm,lognormal,True,0.06148617663573323
0.09,0.4,mvnorm,lognormal,True,0.21619292558848843
0.09,0.4,mvnorm,lognormal,True,0.0021968392493446768
0.09,0.4,mvnorm,lognormal,True,1.0573338258837922e-10
0.09,0.4,mvnorm,lognormal,True,0.061377218594542524
0.09,0.4,mvnorm,lognormal,True,0.26508610628689433
0.09,0.4,mvnorm,lognormal,True,0.6025057241696989
0.09,0.4,mvnorm,lognormal,True,0.0020035574109036622
0.09,0.4,mvnorm,lognormal,True,0.0004226061778351972
0.09,0.4,mvnorm,lognormal,True,1.2011793985326436e-05
0.09,0.4,mvnorm,lognormal,True,0.0021166524236634838
0.09,0.4,mvnorm,lognormal,True,4.486095995283905e-09
0.09,0.4,mvnorm,lognormal,True,1.0521178565063828e-25
0.09,0.4,mvnorm,lognormal,True,1.98846443717186e-13
0.09,0.4,mvnorm,lognormal,True,0.011041175820087295
0.09,0.4,mvnorm,lognormal,True,5.958112469952857e-07
0.09,0.4,mvnorm,lognormal,True,0.0005948538248756535
0.09,0.4,mvnorm,lognormal,True,6.49266646796237e-07
0.09,0.4,mvnorm,lognormal,True,0.0430247670649276
0.09,0.4,mvnorm,lognormal,True,0.12041512838251289
0.09,0.4,mvnorm,lognormal,True,0.3633276547321448
0.09,0.4,mvnorm,lognormal,True,0.7312723904373883
0.09,0.4,mvnorm,lognormal,True,0.04716339062759733
0.09,0.4,mvnorm,lognormal,True,0.17634609188477118
0.09,0.4,mvnorm,lognormal,True,1.3778796231767509e-11
0.09,0.4,mvnorm,lognormal,True,0.051220572025855435
0.09,0.4,mvnorm,lognormal,True,0.00025374806525159133
0.09,0.4,mvnorm,lognormal,True,1.551582513257977e-05
0.09,0.4,mvnorm,lognormal,True,3.549784866528787e-05
0.09,0.4,mvnorm,lognormal,True,4.9899967977815156e-05
0.09,0.4,mvnorm,lognormal,True,3.523277881083471e-08
0.09,0.4,mvnorm,lognormal,True,1.025080323500774e-05
0.09,0.4,mvnorm,lognormal,True,5.987944875082836e-13
0.09,0.4,mvnorm,lognormal,True,0.2561084854992053
0.09,0.4,mvnorm,lognormal,True,0.008871863029715765
0.09,0.4,mvnorm,lognormal,True,1.0660853421417264e-08
