tau,rho,est,dist,obs_conf,pvals
0.0,-0.4,lognorm,lognormal,True,0.27299180442268955
0.0,-0.4,lognorm,lognormal,True,3.8718573281220276e-19
0.0,-0.4,lognorm,lognormal,True,8.906982147392932e-10
0.0,-0.4,lognorm,lognormal,True,8.066131235591618e-07
0.0,-0.4,lognorm,lognormal,True,0.6716688458527702
0.0,-0.4,lognorm,lognormal,True,0.015136507155242942
0.0,-0.4,lognorm,lognormal,True,4.1523212347119805e-09
0.0,-0.4,lognorm,lognormal,True,0.15362773660513912
0.0,-0.4,lognorm,lognormal,True,0.0007997321660543225
0.0,-0.4,lognorm,lognormal,True,0.3053223791526376
0.0,-0.4,lognorm,lognormal,True,3.3913470747835493e-16
0.0,-0.4,lognorm,lognormal,True,0.27734523853401416
0.0,-0.4,lognorm,lognormal,True,0.00024050265274520142
0.0,-0.4,lognorm,lognormal,True,3.3884360804448974e-13
0.0,-0.4,lognorm,lognormal,True,0.22395129659560312
0.0,-0.4,lognorm,lognormal,True,1.3304354497341662e-08
0.0,-0.4,lognorm,lognormal,True,5.010079372233506e-06
0.0,-0.4,lognorm,lognormal,True,7.1009114022631244e-12
0.0,-0.4,lognorm,lognormal,True,0.3679690649883358
0.0,-0.4,lognorm,lognormal,True,0.178217158538572
0.0,-0.4,lognorm,lognormal,True,0.003847339055943089
0.0,-0.4,lognorm,lognormal,True,0.0014533723265088114
0.0,-0.4,lognorm,lognormal,True,3.974304715977815e-22
0.0,-0.4,lognorm,lognormal,True,0.021708904247326348
0.0,-0.4,lognorm,lognormal,True,0.0024181771565159704
0.0,-0.4,lognorm,lognormal,True,4.049172928659934e-14
0.0,-0.4,lognorm,lognormal,True,3.281797230773369e-13
0.0,-0.4,lognorm,lognormal,True,4.805981888943804e-10
0.0,-0.4,lognorm,lognormal,True,2.25826882899363e-14
0.0,-0.4,lognorm,lognormal,True,2.186568399969827e-08
0.0,-0.4,lognorm,lognormal,True,3.2467040646495825e-07
0.0,-0.4,lognorm,lognormal,True,4.502051966447875e-05
0.0,-0.4,lognorm,lognormal,True,1.9764291253294463e-09
0.0,-0.4,lognorm,lognormal,True,5.497877965429161e-10
0.0,-0.4,lognorm,lognormal,True,8.201599068672071e-05
0.0,-0.4,lognorm,lognormal,True,8.93104458315785e-24
0.0,-0.4,lognorm,lognormal,True,0.2821675865476617
0.0,-0.4,lognorm,lognormal,True,1.4416355104040606e-08
0.0,-0.4,lognorm,lognormal,True,0.003336686180547732
0.0,-0.4,lognorm,lognormal,True,0.7606068863615263
0.0,-0.4,lognorm,lognormal,True,0.029652305157320848
0.0,-0.4,lognorm,lognormal,True,1.5604820792048317e-10
0.0,-0.4,lognorm,lognormal,True,0.020501996512450698
0.0,-0.4,lognorm,lognormal,True,0.01552505816108803
0.0,-0.4,lognorm,lognormal,True,3.5810090153250035e-06
0.0,-0.4,lognorm,lognormal,True,0.23654360913166453
0.0,-0.4,lognorm,lognormal,True,0.00040722322086096435
0.0,-0.4,lognorm,lognormal,True,0.05356269791587522
0.0,-0.4,lognorm,lognormal,True,0.386931237514198
0.0,-0.4,lognorm,lognormal,True,0.0091875206057904
0.0,-0.4,lognorm,lognormal,True,2.1690787281898456e-31
0.0,-0.4,lognorm,lognormal,True,0.009827132372493249
0.0,-0.4,lognorm,lognormal,True,1.3015653671459723e-07
0.0,-0.4,lognorm,lognormal,True,9.549406663790061e-11
0.0,-0.4,lognorm,lognormal,True,1.801054798521359e-11
0.0,-0.4,lognorm,lognormal,True,1.3070901561253085e-07
0.0,-0.4,lognorm,lognormal,True,0.5849909206938222
0.0,-0.4,lognorm,lognormal,True,0.3224131186147331
0.0,-0.4,lognorm,lognormal,True,0.7498020082231176
0.0,-0.4,lognorm,lognormal,True,8.473698420710072e-07
0.0,-0.4,lognorm,lognormal,True,0.768745638198671
0.0,-0.4,lognorm,lognormal,True,6.804997132266664e-10
0.0,-0.4,lognorm,lognormal,True,6.233395305281797e-05
0.0,-0.4,lognorm,lognormal,True,3.0284119832504666e-12
0.0,-0.4,lognorm,lognormal,True,1.7730659979052814e-05
0.0,-0.4,lognorm,lognormal,True,0.30625577614586913
0.0,-0.4,lognorm,lognormal,True,0.10596384372417854
0.0,-0.4,lognorm,lognormal,True,4.4932825495109426e-05
0.0,-0.4,lognorm,lognormal,True,0.034396031593899985
0.0,-0.4,lognorm,lognormal,True,0.09756140085615397
0.0,-0.4,lognorm,lognormal,True,2.8628463187267856e-08
0.0,-0.4,lognorm,lognormal,True,0.0018545492867053546
0.0,-0.4,lognorm,lognormal,True,1.522002335493694e-06
0.0,-0.4,lognorm,lognormal,True,0.6948475187086594
0.0,-0.4,lognorm,lognormal,True,0.0012477044571932042
0.0,-0.4,lognorm,lognormal,True,1.0406602706854062e-05
0.0,-0.4,lognorm,lognormal,True,0.012046026459738783
0.0,-0.4,lognorm,lognormal,True,6.113283218188518e-20
0.0,-0.4,lognorm,lognormal,True,0.010046079518837897
0.0,-0.4,lognorm,lognormal,True,3.0718580819967595e-05
0.0,-0.4,lognorm,lognormal,True,0.01074395406590017
0.0,-0.4,lognorm,lognormal,True,0.02076558749329514
0.0,-0.4,lognorm,lognormal,True,9.16601002864304e-24
0.0,-0.4,lognorm,lognormal,True,0.0001501868168921643
0.0,-0.4,lognorm,lognormal,True,1.742219182134123e-10
0.0,-0.4,lognorm,lognormal,True,2.0477258982281185e-11
0.0,-0.4,lognorm,lognormal,True,2.129903231296576e-13
0.0,-0.4,lognorm,lognormal,True,2.2426102191100584e-21
0.0,-0.4,lognorm,lognormal,True,8.222080196454808e-05
0.0,-0.4,lognorm,lognormal,True,3.284477466649702e-06
0.0,-0.4,lognorm,lognormal,True,1.2022826996404946e-17
0.0,-0.4,lognorm,lognormal,True,9.338149669073639e-16
0.0,-0.4,lognorm,lognormal,True,0.15151462462432083
0.0,-0.4,lognorm,lognormal,True,2.271897012993225e-15
0.0,-0.4,lognorm,lognormal,True,0.0055814400545586675
0.0,-0.4,lognorm,lognormal,True,3.957268407851811e-18
0.0,-0.4,lognorm,lognormal,True,2.2324017532305266e-09
0.0,-0.4,lognorm,lognormal,True,0.002827151974439512
0.0,-0.4,lognorm,lognormal,True,0.012603141212537135
0.0,-0.4,lognorm,lognormal,True,0.8377902270741796
