tau,rho,est,dist,obs_conf,pvals
0.15,0.4,mvnorm,lognormal,True,0.06569761630717914
0.15,0.4,mvnorm,lognormal,True,0.00040222593451498426
0.15,0.4,mvnorm,lognormal,True,3.018520981079526e-09
0.15,0.4,mvnorm,lognormal,True,3.5529925594188385e-11
0.15,0.4,mvnorm,lognormal,True,2.4659639682798582e-05
0.15,0.4,mvnorm,lognormal,True,0.633342376972913
0.15,0.4,mvnorm,lognormal,True,0.13269882904116448
0.15,0.4,mvnorm,lognormal,True,2.354526743416931e-17
0.15,0.4,mvnorm,lognormal,True,0.5804042659482859
0.15,0.4,mvnorm,lognormal,True,1.3484656409889507e-20
0.15,0.4,mvnorm,lognormal,True,0.8926297984468353
0.15,0.4,mvnorm,lognormal,True,0.22569307854195916
0.15,0.4,mvnorm,lognormal,True,0.08425601936892636
0.15,0.4,mvnorm,lognormal,True,0.12141646787647153
0.15,0.4,mvnorm,lognormal,True,5.958163716321122e-07
0.15,0.4,mvnorm,lognormal,True,9.730090476961462e-06
0.15,0.4,mvnorm,lognormal,True,0.6377270309598344
0.15,0.4,mvnorm,lognormal,True,0.07325185838038546
0.15,0.4,mvnorm,lognormal,True,0.04631670825233606
0.15,0.4,mvnorm,lognormal,True,4.058010366272484e-32
0.15,0.4,mvnorm,lognormal,True,3.703477685990221e-07
0.15,0.4,mvnorm,lognormal,True,0.13984621880772022
0.15,0.4,mvnorm,lognormal,True,1.5201187697531283e-19
0.15,0.4,mvnorm,lognormal,True,7.068946780455045e-05
0.15,0.4,mvnorm,lognormal,True,0.01217902795564334
0.15,0.4,mvnorm,lognormal,True,0.0024653787983910215
0.15,0.4,mvnorm,lognormal,True,0.20141169969635875
0.15,0.4,mvnorm,lognormal,True,3.9246967055677046e-14
0.15,0.4,mvnorm,lognormal,True,2.6196547491959074e-10
0.15,0.4,mvnorm,lognormal,True,0.3829214500863216
0.15,0.4,mvnorm,lognormal,True,6.411971157607123e-06
0.15,0.4,mvnorm,lognormal,True,0.2915204768088567
0.15,0.4,mvnorm,lognormal,True,0.024095568105629968
0.15,0.4,mvnorm,lognormal,True,8.15188301280946e-05
0.15,0.4,mvnorm,lognormal,True,6.059724200575231e-17
0.15,0.4,mvnorm,lognormal,True,0.006563862773772935
0.15,0.4,mvnorm,lognormal,True,0.02042465568997572
0.15,0.4,mvnorm,lognormal,True,9.792626765140733e-17
0.15,0.4,mvnorm,lognormal,True,0.05093300121609773
0.15,0.4,mvnorm,lognormal,True,0.45209431342697026
0.15,0.4,mvnorm,lognormal,True,0.0003446358118811169
0.15,0.4,mvnorm,lognormal,True,2.3268146909783802e-07
0.15,0.4,mvnorm,lognormal,True,1.4464107604175175e-23
0.15,0.4,mvnorm,lognormal,True,0.007862745751292335
0.15,0.4,mvnorm,lognormal,True,1.6298975852117537e-16
0.15,0.4,mvnorm,lognormal,True,5.17264178597413e-07
0.15,0.4,mvnorm,lognormal,True,0.023290806715486518
0.15,0.4,mvnorm,lognormal,True,0.08555994607755937
0.15,0.4,mvnorm,lognormal,True,1.858477218065958e-09
0.15,0.4,mvnorm,lognormal,True,0.7177864419640145
0.15,0.4,mvnorm,lognormal,True,0.13973610205389636
0.15,0.4,mvnorm,lognormal,True,2.5418331617228672e-05
0.15,0.4,mvnorm,lognormal,True,1.555877779230936e-11
0.15,0.4,mvnorm,lognormal,True,4.535237632398245e-11
0.15,0.4,mvnorm,lognormal,True,0.0036089049034729796
0.15,0.4,mvnorm,lognormal,True,0.08184261546386003
0.15,0.4,mvnorm,lognormal,True,1.5897746371244235e-05
0.15,0.4,mvnorm,lognormal,True,4.059522632458251e-08
0.15,0.4,mvnorm,lognormal,True,7.142456850816827e-06
0.15,0.4,mvnorm,lognormal,True,2.359257369897022e-20
0.15,0.4,mvnorm,lognormal,True,9.878980877117531e-05
0.15,0.4,mvnorm,lognormal,True,7.25279597962069e-15
0.15,0.4,mvnorm,lognormal,True,0.0051305332538773216
0.15,0.4,mvnorm,lognormal,True,0.10748407614497474
0.15,0.4,mvnorm,lognormal,True,0.004218482317958918
0.15,0.4,mvnorm,lognormal,True,0.01725558165014369
0.15,0.4,mvnorm,lognormal,True,0.42453064721401523
0.15,0.4,mvnorm,lognormal,True,6.311854985223081e-16
0.15,0.4,mvnorm,lognormal,True,0.019362672910102335
0.15,0.4,mvnorm,lognormal,True,0.016766765872818293
0.15,0.4,mvnorm,lognormal,True,0.18811613321360335
0.15,0.4,mvnorm,lognormal,True,0.0001011747682480943
0.15,0.4,mvnorm,lognormal,True,1.3615696180384714e-07
0.15,0.4,mvnorm,lognormal,True,6.716498737731108e-07
0.15,0.4,mvnorm,lognormal,True,0.00012057481655950823
0.15,0.4,mvnorm,lognormal,True,5.387250601482298e-16
0.15,0.4,mvnorm,lognormal,True,2.327153717158249e-28
0.15,0.4,mvnorm,lognormal,True,1.1426132503722261e-16
0.15,0.4,mvnorm,lognormal,True,0.39620046127292274
0.15,0.4,mvnorm,lognormal,True,0.0004903128789547482
0.15,0.4,mvnorm,lognormal,True,0.0012180665042514159
0.15,0.4,mvnorm,lognormal,True,0.00011374289786141786
0.15,0.4,mvnorm,lognormal,True,0.0018778168900217664
0.15,0.4,mvnorm,lognormal,True,0.030212815532461468
0.15,0.4,mvnorm,lognormal,True,0.00019023487669833476
0.15,0.4,mvnorm,lognormal,True,0.13485902875841405
0.15,0.4,mvnorm,lognormal,True,0.0020337949289648276
0.15,0.4,mvnorm,lognormal,True,0.0019000949994849702
0.15,0.4,mvnorm,lognormal,True,1.502886803071441e-14
0.15,0.4,mvnorm,lognormal,True,6.116401102399815e-05
0.15,0.4,mvnorm,lognormal,True,0.00017193536571739033
0.15,0.4,mvnorm,lognormal,True,1.5415088723411934e-11
0.15,0.4,mvnorm,lognormal,True,4.1133427210110456e-08
0.15,0.4,mvnorm,lognormal,True,6.609149393514178e-09
0.15,0.4,mvnorm,lognormal,True,2.383267730282401e-11
0.15,0.4,mvnorm,lognormal,True,1.626195930042369e-10
0.15,0.4,mvnorm,lognormal,True,9.051639733816697e-17
0.15,0.4,mvnorm,lognormal,True,0.8768966252350947
0.15,0.4,mvnorm,lognormal,True,0.0022427546201653275
0.15,0.4,mvnorm,lognormal,True,5.718035338641581e-11
