tau,rho,est,dist,obs_conf,pvals
0.15,0.4,lognorm,lognormal,True,1.4200668323427249e-05
0.15,0.4,lognorm,lognormal,True,0.23354919869889074
0.15,0.4,lognorm,lognormal,True,0.031910451030756515
0.15,0.4,lognorm,lognormal,True,0.0020191987915908318
0.15,0.4,lognorm,lognormal,True,6.698138117354332e-14
0.15,0.4,lognorm,lognormal,True,0.2594702825160415
0.15,0.4,lognorm,lognormal,True,0.005147572953591657
0.15,0.4,lognorm,lognormal,True,3.9762088408900865e-14
0.15,0.4,lognorm,lognormal,True,0.7685960924617152
0.15,0.4,lognorm,lognormal,True,0.12297468551100098
0.15,0.4,lognorm,lognormal,True,4.081458369728573e-17
0.15,0.4,lognorm,lognormal,True,9.298410296417942e-08
0.15,0.4,lognorm,lognormal,True,0.0855652139954195
0.15,0.4,lognorm,lognormal,True,1.0542183150828524e-16
0.15,0.4,lognorm,lognormal,True,0.7816306598567765
0.15,0.4,lognorm,lognormal,True,2.6203588836768567e-15
0.15,0.4,lognorm,lognormal,True,3.9722502623330355e-57
0.15,0.4,lognorm,lognormal,True,0.0026832607593788027
0.15,0.4,lognorm,lognormal,True,0.00013324875822241894
0.15,0.4,lognorm,lognormal,True,8.705294394984112e-10
0.15,0.4,lognorm,lognormal,True,4.937614942292455e-31
0.15,0.4,lognorm,lognormal,True,1.974356529574602e-06
0.15,0.4,lognorm,lognormal,True,0.0006682131908689738
0.15,0.4,lognorm,lognormal,True,0.3961110504919909
0.15,0.4,lognorm,lognormal,True,0.8345199071637689
0.15,0.4,lognorm,lognormal,True,2.658592367864577e-20
0.15,0.4,lognorm,lognormal,True,5.901855104031357e-14
0.15,0.4,lognorm,lognormal,True,1.3029167704655814e-38
0.15,0.4,lognorm,lognormal,True,5.329831878101913e-50
0.15,0.4,lognorm,lognormal,True,3.8427987376392155e-16
0.15,0.4,lognorm,lognormal,True,0.14877469782711317
0.15,0.4,lognorm,lognormal,True,5.0331510933608616e-20
0.15,0.4,lognorm,lognormal,True,0.025275161430460547
0.15,0.4,lognorm,lognormal,True,1.9288689083231715e-17
0.15,0.4,lognorm,lognormal,True,0.0019343197814588589
0.15,0.4,lognorm,lognormal,True,0.14774002730726363
0.15,0.4,lognorm,lognormal,True,2.994645419482613e-08
0.15,0.4,lognorm,lognormal,True,1.968958433857526e-12
0.15,0.4,lognorm,lognormal,True,9.109327977462724e-11
0.15,0.4,lognorm,lognormal,True,9.325620644358416e-06
0.15,0.4,lognorm,lognormal,True,0.0008557905852384434
0.15,0.4,lognorm,lognormal,True,1.0693045614474665e-12
0.15,0.4,lognorm,lognormal,True,0.006469700481567536
0.15,0.4,lognorm,lognormal,True,8.185814592108692e-38
0.15,0.4,lognorm,lognormal,True,2.441489103160398e-06
0.15,0.4,lognorm,lognormal,True,2.1136990126898147e-15
0.15,0.4,lognorm,lognormal,True,5.136969324128915e-39
0.15,0.4,lognorm,lognormal,True,0.012933104172521335
0.15,0.4,lognorm,lognormal,True,1.804706355820431e-06
0.15,0.4,lognorm,lognormal,True,0.00048720026853837955
0.15,0.4,lognorm,lognormal,True,1.2859046902910723e-11
0.15,0.4,lognorm,lognormal,True,6.28899267097365e-38
0.15,0.4,lognorm,lognormal,True,1.1935129114073075e-50
0.15,0.4,lognorm,lognormal,True,6.7564546185825585e-15
0.15,0.4,lognorm,lognormal,True,0.2264704625598788
0.15,0.4,lognorm,lognormal,True,1.0593124333349337e-43
0.15,0.4,lognorm,lognormal,True,1.3022970801800806e-08
0.15,0.4,lognorm,lognormal,True,0.046640817391953485
0.15,0.4,lognorm,lognormal,True,0.001694986167860885
0.15,0.4,lognorm,lognormal,True,0.21568531407407268
0.15,0.4,lognorm,lognormal,True,6.310291514292666e-10
0.15,0.4,lognorm,lognormal,True,0.7465004453455701
0.15,0.4,lognorm,lognormal,True,9.555135314695633e-05
0.15,0.4,lognorm,lognormal,True,4.5253533565089386e-07
0.15,0.4,lognorm,lognormal,True,2.6647525906383445e-12
0.15,0.4,lognorm,lognormal,True,0.12678349449271029
0.15,0.4,lognorm,lognormal,True,0.03251645145057659
0.15,0.4,lognorm,lognormal,True,0.001028509627205113
0.15,0.4,lognorm,lognormal,True,1.6060243766348833e-09
0.15,0.4,lognorm,lognormal,True,0.20717234838090653
0.15,0.4,lognorm,lognormal,True,0.00012192116971625125
0.15,0.4,lognorm,lognormal,True,0.14481155489937433
0.15,0.4,lognorm,lognormal,True,7.518080708745169e-06
0.15,0.4,lognorm,lognormal,True,3.2032949489040607e-15
0.15,0.4,lognorm,lognormal,True,3.9610645346656465e-12
0.15,0.4,lognorm,lognormal,True,0.00011518819602262806
0.15,0.4,lognorm,lognormal,True,0.0007510032769135537
0.15,0.4,lognorm,lognormal,True,1.640260810229746e-06
0.15,0.4,lognorm,lognormal,True,0.2444577218212068
0.15,0.4,lognorm,lognormal,True,0.12172311245487928
0.15,0.4,lognorm,lognormal,True,0.98012634461174
0.15,0.4,lognorm,lognormal,True,1.0055288891713943e-09
0.15,0.4,lognorm,lognormal,True,3.89985339736924e-07
0.15,0.4,lognorm,lognormal,True,4.3961120435842305e-24
0.15,0.4,lognorm,lognormal,True,0.004591172708701483
0.15,0.4,lognorm,lognormal,True,7.334195032124699e-05
0.15,0.4,lognorm,lognormal,True,1.103710648643087e-14
0.15,0.4,lognorm,lognormal,True,2.5756195162779128e-12
0.15,0.4,lognorm,lognormal,True,0.40359333105938267
0.15,0.4,lognorm,lognormal,True,0.00011850895186814672
0.15,0.4,lognorm,lognormal,True,0.9941456809767272
0.15,0.4,lognorm,lognormal,True,0.020743722482451526
0.15,0.4,lognorm,lognormal,True,0.007770313460033561
0.15,0.4,lognorm,lognormal,True,0.025925135083043595
0.15,0.4,lognorm,lognormal,True,2.7889680839016793e-09
0.15,0.4,lognorm,lognormal,True,9.652834572949852e-19
0.15,0.4,lognorm,lognormal,True,0.38733190279039287
0.15,0.4,lognorm,lognormal,True,1.0160929359013798e-07
0.15,0.4,lognorm,lognormal,True,1.1050225019521802e-05
0.15,0.4,lognorm,lognormal,True,0.013265614998318033
